,Unnamed: 0.2,Unnamed: 0.1,Unnamed: 0,sentence,annotation,idiom,usage,variant,pos_tags,complete,text,label,clean_text,char_count,word_count,topic_sim_sum,topic_sim_index,topic_matches,score
238,238.0,22889,34113,"The boat was making for Tower Bridge, round the distant bend to Rain's right ; the tide was running out towards Limehouse Reach, beyond the long sweep of river to her left.",0 0 0 0 0 0 0 1 0 0 1 0 0 0 0 0 0 0 0 0 0 0 0 0 0 0 0 0 0 0 0 0,round the bend,literal,insertion-other,DET NOUN VERB VERB ADP PROPN PROPN VERB DET ADJ NOUN ADP NOUN NOUN PUNCT DET NOUN VERB VERB PART ADP PROPN PROPN ADP DET ADJ NOUN ADP NOUN ADP ADJ NOUN,1.0,"The boat was making for Tower Bridge, [PET_BOUNDARY] round the distant bend [PET_BOUNDARY] to Rain's right ; the tide was running out towards Limehouse Reach, beyond the long sweep of river to her left.",0,,,,,,,
203,203.0,10725,16899,"I was quite surprised, er during the summer I went to my grandson's school fete and they had a hot air balloon demonstration there and this er, this car turned up with a trailer on the back with, I dunno, probably some name, hot air balloon name on the trailer, I thought oh yes he's gon na show us how to inflate it and i I was quite amazed from the time he unpacked the balloon to the time it actually took off was only ten minutes.",0 0 0 0 0 0 0 0 0 0 0 0 0 0 0 0 0 0 0 0 0 0 0 0 0 0 0 0 0 0 0 0 0 0 0 0 0 0 0 0 0 0 0 1 1 0 0 0 0 0 0 0 0 0 0 0 0 0 0 0 0 0 0 0 0 0 0 0 0 0 0 0 0 0 0 0 0 0 0 0 0 0 0 0 0 0 0,hot air,literal,identical,PRON VERB ADV ADJ INTJ ADP DET NOUN PRON VERB ADP ADJ NOUN NOUN NOUN CCONJ PRON VERB DET ADJ NOUN NOUN NOUN ADV CCONJ DET INTJ DET NOUN VERB PART ADP DET NOUN ADP DET NOUN ADP PRON VERB ADV DET NOUN ADJ NOUN NOUN NOUN ADP DET NOUN PRON VERB INTJ INTJ PRON VERB PART VERB PRON ADV PART VERB PRON CCONJ PRON PRON VERB ADV ADJ ADP DET NOUN PRON VERB DET NOUN ADP DET NOUN PRON ADV VERB PART VERB ADV NUM NOUN,1.0,"I was quite surprised, er during the summer I went to my grandson's school fete and they had a hot air balloon demonstration there and this er, this car turned up with a trailer on the back with, I dunno, probably some name, [PET_BOUNDARY] hot air [PET_BOUNDARY] balloon name on the trailer, I thought oh yes he's gon na show us how to inflate it and i I was quite amazed from the time he unpacked the balloon to the time it actually took off was only ten minutes.",0,,,,,,,
359,359.0,18349,27638,NOTE under the OT policy the exclusion wording on MONEY has not been relaxed and still refers to ' loss of money from an unattended vehicle unless secured in its locked boot '.,0 0 0 0 0 0 0 0 1 1 0 0 0 0 0 0 0 0 0 0 0 0 0 0 0 0 0 0 0 0 0 0 0,on the money,literal,combined-other,VERB ADP DET ADJ NOUN DET NOUN NOUN ADP PROPN VERB ADV VERB ADJ CCONJ ADV VERB ADP PUNCT NOUN ADP NOUN ADP DET ADJ NOUN ADP VERB ADP ADJ ADJ NOUN PUNCT,1.0,NOTE under the OT policy the exclusion wording [PET_BOUNDARY] on MONEY [PET_BOUNDARY] has not been relaxed and still refers to ' loss of money from an unattended vehicle unless secured in its locked boot '.,0,,,,,,,
213,213.0,16434,25382,There's a woman just up the road so I hop off the wall and run after her.,0 0 0 0 0 0 0 0 0 0 1 0 1 0 0 0 0,off the wall,literal,identical,ADV DET NOUN ADV ADP DET NOUN ADP PRON VERB PART DET NOUN CCONJ VERB ADP PRON,1.0,There's a woman just up the road so I hop [PET_BOUNDARY] off the wall [PET_BOUNDARY] and run after her.,0,,,,,,,
222,222.0,22492,33640,"Jane Hall had booked into the Riverside Hotel, she walked over to the reception desk and rang the bell, hello I 'm Jane Hall I 've booked a weekend stay here, ah yes Miss Hall if you would just like to sign here, here's your key, your room is six floors up, third on the right, have a nice stay.",0 0 0 0 0 0 0 0 0 0 0 0 0 0 0 0 1 0 1 0 0 0 0 0 0 0 0 0 0 0 0 0 0 0 0 0 0 0 0 0 0 0 0 0 0 0 0 0 0 0 0 0 0 0 0 0 0 0 0 0,ring a bell,literal,combined-inflection,PROPN PROPN VERB VERB ADP DET PROPN PROPN PRON VERB ADV ADP DET NOUN NOUN CCONJ VERB DET NOUN INTJ PRON VERB PROPN PROPN PRON VERB VERB DET NOUN VERB ADV INTJ INTJ PROPN PROPN ADP PRON VERB ADV VERB PART VERB ADV ADV ADJ NOUN ADJ NOUN VERB NUM NOUN PART ADV ADP DET NOUN VERB DET ADJ NOUN,1.0,"Jane Hall had booked into the Riverside Hotel, she walked over to the reception desk and [PET_BOUNDARY] rang the bell, [PET_BOUNDARY] hello I 'm Jane Hall I 've booked a weekend stay here, ah yes Miss Hall if you would just like to sign here, here's your key, your room is six floors up, third on the right, have a nice stay.",0,,,,,,,
792,792.0,1279,1658,"Nothing moved at the crossroads, or nothing that threatened a soldier's life.",0 0 1 0 1 0 0 0 0 0 0 0,at the crossroads,literal,identical,NOUN VERB ADP DET NOUN CCONJ NOUN ADJ VERB DET NOUN NOUN,1.0,"Nothing moved [PET_BOUNDARY] at the crossroads, [PET_BOUNDARY] or nothing that threatened a soldier's life.",0,,,,,,,
721,721.0,9557,15173,"Finally, she grabbed hold of the dispenser's cooling fin whilst it was waving a krill doughnut around in a vain attempt to attract custom, pulled it close and, in a casual and unremarkable manner, moved her hand down to the dispenser's access plate and ran her fingers around the seam until she felt a magnetic bolt buzzing beneath her fingers.",0 0 0 0 0 0 0 0 0 0 0 0 0 0 0 0 0 0 0 0 0 0 0 0 0 0 0 0 0 0 0 0 0 0 0 0 1 1 0 0 0 0 0 0 0 0 0 0 0 0 0 0 0 0 0 0 0 0 0 0,hands down,literal,inflection,ADV PRON VERB NOUN ADP DET NOUN VERB NOUN ADP PRON VERB VERB DET NOUN NOUN ADV ADP DET ADJ NOUN PART VERB NOUN VERB PRON ADV CCONJ ADP DET ADJ CCONJ ADJ NOUN VERB ADJ NOUN PART ADP DET NOUN NOUN NOUN CCONJ VERB ADJ NOUN ADP DET NOUN ADP PRON VERB DET ADJ NOUN VERB ADP ADJ NOUN,1.0,"Finally, she grabbed hold of the dispenser's cooling fin whilst it was waving a krill doughnut around in a vain attempt to attract custom, pulled it close and, in a casual and unremarkable manner, moved her [PET_BOUNDARY] hand down [PET_BOUNDARY] to the dispenser's access plate and ran her fingers around the seam until she felt a magnetic bolt buzzing beneath her fingers.",0,,,,,,,
612,612.0,18555,27844,And then you 're going up again on a surprisingly gentle rebound.,0 0 0 0 0 0 0 1 0 0 0 1,on the rebound,literal,combined-other,CCONJ ADV PRON VERB VERB PART ADV ADP DET ADV ADJ NOUN,1.0,And then you 're going up again [PET_BOUNDARY] on a surprisingly gentle rebound. [PET_BOUNDARY],0,,,,,,,
362,362.0,10092,15898,"The smallest road I could find on my not - very - good road map headed south - east from Idar towards Kaiserslautern, through the hill country of the Bergland.",0 0 0 0 0 0 0 0 0 0 0 0 0 0 0 1 1 0 0 0 0 0 0 0 0 0 0 0 0 0,head south,literal,inflection,DET ADJ NOUN PRON VERB VERB ADP ADJ ADV PUNCT ADV PUNCT ADJ NOUN NOUN VERB ADJ PUNCT NOUN ADP PROPN ADP PROPN ADP DET NOUN NOUN ADP DET PROPN,1.0,"The smallest road I could find on my not - very - good road map [PET_BOUNDARY] headed south [PET_BOUNDARY] - east from Idar towards Kaiserslautern, through the hill country of the Bergland.",0,,,,,,,
135,135.0,3158,4847,"This irony prompts the questions which guided the research and which form the central problem addressed by this book : since those who are subject to regulation have good economic reason not to comply, how is compliance secured, given the frailty of the criminal sanction and its virtual disuse?",0 0 0 0 0 0 0 0 0 0 0 0 0 0 0 0 1 0 1 0 0 0 0 0 0 0 0 0 0 0 0 0 0 0 0 0 0 0 0 0 0 0 0 0 0 0 0 0 0,by the book,literal,determiner-narrow,DET NOUN VERB DET NOUN ADJ VERB DET NOUN CCONJ ADJ VERB DET ADJ NOUN VERB ADP DET NOUN PUNCT ADP DET NOUN VERB ADJ ADP NOUN VERB ADJ ADJ NOUN ADV PART VERB ADV VERB NOUN VERB VERB DET NOUN ADP DET ADJ NOUN CCONJ ADJ ADJ NOUN,1.0,"This irony prompts the questions which guided the research and which form the central problem addressed [PET_BOUNDARY] by this book [PET_BOUNDARY] : since those who are subject to regulation have good economic reason not to comply, how is compliance secured, given the frailty of the criminal sanction and its virtual disuse?",0,,,,,,,
470,470.0,9814,15449,"The Socratic virtues were preached because the Greeks had lost them : excitable, timid, fickle comedians every one of them, they had a few reasons too many for having morals preached to them.",0 0 0 0 0 0 0 0 0 0 0 0 0 0 0 0 0 0 0 0 0 1 0 1 0 0 0 0 0 0 0 0 0,have a few,literal,inflection,DET ADJ NOUN VERB VERB ADP DET PROPN VERB VERB PRON PUNCT ADJ ADJ ADJ NOUN DET NUM ADP PRON PRON VERB DET ADJ NOUN ADV ADJ ADP VERB NOUN VERB ADP PRON,1.0,"The Socratic virtues were preached because the Greeks had lost them : excitable, timid, fickle comedians every one of them, they [PET_BOUNDARY] had a few [PET_BOUNDARY] reasons too many for having morals preached to them.",0,,,,,,,
181,181.0,578,817,"Ah, I can't see now, my glasses are all wet!",0 0 0 0 0 0 0 0 1 1,all wet,literal,identical,INTJ PRON VERB VERB ADV ADJ NOUN VERB ADV ADJ,1.0,"Ah, I can't see now, my glasses are [PET_BOUNDARY] all wet! [PET_BOUNDARY]",0,,,,,,,
252,252.0,28649,42567,"Right good and you should always check that before you draw it just in case your pie chart comes out and put, put that up in the air a bit I 'll just show you that, those are good there, but up in the air like that",0 0 0 0 0 0 0 0 0 0 0 0 0 0 0 0 0 0 0 0 0 0 0 0 0 0 0 0 0 0 0 0 0 0 0 0 0 0 0 0 0 1 1 0 1 0 0,up in the air,literal,identical,ADV ADJ CCONJ PRON VERB ADV VERB ADP ADP PRON VERB PRON ADV ADP NOUN ADJ NOUN NOUN VERB PART CCONJ VERB VERB DET PART ADP DET NOUN DET NOUN PRON VERB ADV VERB PRON ADP DET VERB ADJ ADV CCONJ ADV ADP DET NOUN ADP DET,1.0,"Right good and you should always check that before you draw it just in case your pie chart comes out and put, put that up in the air a bit I 'll just show you that, those are good there, but [PET_BOUNDARY] up in the air [PET_BOUNDARY] like that",0,,,,,,,
685,685.0,28445,42110,to do is get your great knees under the table.,0 0 0 0 0 0 0 1 0 1,under the table,literal,identical,PART VERB VERB VERB ADJ ADJ NOUN ADP DET NOUN,1.0,to do is get your great knees [PET_BOUNDARY] under the table. [PET_BOUNDARY],0,,,,,,,
322,322.0,28690,42608,We 're up in the air and our school's down there,0 0 1 1 0 1 0 0 0 0 0,up in the air,literal,identical,PRON VERB PART ADP DET NOUN CCONJ ADJ NOUN ADV ADV,1.0,We 're [PET_BOUNDARY] up in the air [PET_BOUNDARY] and our school's down there,0,,,,,,,
303,303.0,1924,2617,"him from behind the bar, saying : ' I never want",0 0 1 0 1 0 0 0 0 0 0,behind bars,literal,combined-inflection,PRON ADP ADP DET NOUN VERB PUNCT PUNCT PRON ADV VERB,1.0,"him from [PET_BOUNDARY] behind the bar, [PET_BOUNDARY] saying : ' I never want",0,,,,,,,
725,725.0,1879,2572,The boathook is usually kept on the wall behind the bar.,0 0 0 0 0 0 0 0 1 0 1,behind bars,literal,combined-inflection,DET NOUN VERB ADV VERB ADP DET NOUN ADP DET NOUN,1.0,The boathook is usually kept on the wall [PET_BOUNDARY] behind the bar. [PET_BOUNDARY],0,,,,,,,
665,665.0,18939,28228,James put the bowl reluctantly back on its shelf and shut the cabinet doors.,0 0 0 0 0 0 1 0 1 0 0 0 0 0,on the shelf,literal,determiner-broad,PROPN VERB DET NOUN ADV ADV ADP ADJ NOUN CCONJ VERB DET NOUN NOUN,1.0,James put the bowl reluctantly back [PET_BOUNDARY] on its shelf [PET_BOUNDARY] and shut the cabinet doors.,0,,,,,,,
851,851.0,11121,17534,"There are many such names in Dutch and Flemish, dating from Napoleonic times.",0 0 0 0 0 1 1 0 0 0 0 0 0,in dutch,literal,identical,ADV VERB ADJ ADJ NOUN ADP PROPN CCONJ PROPN VERB ADP ADJ NOUN,1.0,"There are many such names [PET_BOUNDARY] in Dutch [PET_BOUNDARY] and Flemish, dating from Napoleonic times.",0,,,,,,,
657,657.0,12056,18888,"Wycliffe shared a table with a merchant captain whose ship was in dock, a quiet spoken man on the verge of retirement.",0 0 0 0 0 0 0 0 0 0 0 1 1 0 0 0 0 0 0 0 0 0,in the dock,literal,inflection,PROPN VERB DET NOUN ADP DET NOUN NOUN ADJ NOUN VERB ADP NOUN DET ADJ ADJ NOUN ADP DET NOUN ADP NOUN,1.0,"Wycliffe shared a table with a merchant captain whose ship was [PET_BOUNDARY] in dock, [PET_BOUNDARY] a quiet spoken man on the verge of retirement.",0,,,,,,,
820,820.0,11912,18744,"Usually, it has been designed to be highly amplified in a night - club.",0 0 0 0 0 0 0 0 0 1 0 0 0 1,in the club,literal,combined-other,ADV PRON VERB VERB VERB PART VERB ADV VERB ADP DET NOUN PUNCT NOUN,1.0,"Usually, it has been designed to be highly amplified [PET_BOUNDARY] in a night - club. [PET_BOUNDARY]",0,,,,,,,
262,262.0,18864,28153,"From Reims, a long day through to Aix - les - Bains saw us losing time when a broken throttle spring caused an unbalanced descent on a slippery downhill run.",0 0 0 0 0 0 0 0 0 0 0 0 0 0 0 0 0 0 0 0 0 0 0 0 0 1 0 0 0 1,on the run,literal,combined-other,ADP PROPN DET ADJ NOUN ADV ADP PROPN PUNCT X PUNCT PROPN VERB PRON VERB NOUN ADV DET ADJ NOUN NOUN VERB DET ADJ NOUN ADP DET ADJ NOUN VERB,1.0,"From Reims, a long day through to Aix - les - Bains saw us losing time when a broken throttle spring caused an unbalanced descent [PET_BOUNDARY] on a slippery downhill run. [PET_BOUNDARY]",0,,,,,,,
164,164.0,16714,25769,"They may only exercise criminal jurisdiction while a state of defence exists, and otherwise only over members of the Armed ~ Forces serving abroad or on board warships.",0 0 0 0 0 0 0 0 0 0 0 0 0 0 0 0 0 0 0 0 0 0 0 0 0 1 1 0,on board,literal,identical,PRON VERB ADV VERB ADJ NOUN ADP DET NOUN ADP NOUN VERB CCONJ ADV ADV ADP NOUN ADP DET PROPN PUNCT NOUN VERB ADV CCONJ ADP NOUN NOUN,1.0,"They may only exercise criminal jurisdiction while a state of defence exists, and otherwise only over members of the Armed ~ Forces serving abroad or [PET_BOUNDARY] on board [PET_BOUNDARY] warships.",0,,,,,,,
88,88.0,13066,19953,"That 'll be in the new, in the red line and you go on the other stuff.",0 0 0 0 0 0 1 0 1 0 0 0 0 0 0 0 0,in the red,literal,identical,DET VERB VERB ADP DET ADJ ADP DET ADJ NOUN CCONJ PRON VERB ADP DET ADJ NOUN,1.0,"That 'll be in the new, [PET_BOUNDARY] in the red [PET_BOUNDARY] line and you go on the other stuff.",0,,,,,,,
41,41.0,12177,19009,"In the final analysis one organisation lost as much as 37 % of its annualised profits to accidents, another 5 % of its running costs.",1 0 1 1 0 0 0 0 0 0 0 0 0 0 0 0 0 0 0 0 0 0 0 0 0,in the final analysis,literal,case,ADP DET ADJ NOUN NUM NOUN VERB ADV ADJ ADP NUM NOUN ADP ADJ VERB NOUN ADP NOUN DET NUM NOUN ADP ADJ VERB NOUN,1.0,"[PET_BOUNDARY] In the final analysis [PET_BOUNDARY] one organisation lost as much as 37 % of its annualised profits to accidents, another 5 % of its running costs.",0,,,,,,,
433,433.0,5021,8053,"That was actually quite a productive meeting, although it took quite a time to get through it, I think we did the right thing on the continuous procedures.",0 0 0 0 0 0 0 0 0 0 0 0 0 0 0 0 0 0 0 0 1 0 1 1 0 0 0 0,do the right thing,literal,inflection,DET VERB ADV ADJ DET ADJ NOUN ADP PRON VERB ADJ DET NOUN PART VERB ADP PRON PRON VERB PRON VERB DET ADJ NOUN ADP DET ADJ NOUN,1.0,"That was actually quite a productive meeting, although it took quite a time to get through it, I think we [PET_BOUNDARY] did the right thing [PET_BOUNDARY] on the continuous procedures.",0,,,,,,,
295,295.0,12371,19203,"it might be better to use like just wait on the edge of like a or something like that the other groundhog just hangs out there, it can't go back down in its hole.",0 0 0 0 0 0 0 0 0 0 0 0 0 0 0 0 0 0 0 0 0 0 0 0 0 0 0 0 0 0 0 1 0 1,in the hole,literal,determiner-broad,PRON VERB VERB ADJ PART VERB INTJ ADV VERB ADP DET NOUN ADP INTJ DET CCONJ NOUN ADP ADP DET ADJ NOUN ADV VERB PART ADV PRON VERB VERB ADV ADV ADP ADJ NOUN,1.0,"it might be better to use like just wait on the edge of like a or something like that the other groundhog just hangs out there, it can't go back down [PET_BOUNDARY] in its hole. [PET_BOUNDARY]",0,,,,,,,
165,165.0,12761,19609,connected between pre- and power amplifiers or in the tape loop of an integrated amplifier ( there is a duplicate tape loop on the unit to restore the lost facility ) it provides fixed equalization to extend the loudspeaker's operating range below the normal cutoff point and additionally permits fine adjustment of the frequency response to give subtle control over the in - room performance.,0 0 0 0 0 0 0 1 0 0 1 0 0 0 0 0 0 0 0 0 0 0 0 0 0 0 0 0 0 0 0 0 0 0 0 0 0 0 0 0 0 0 0 0 0 0 0 0 0 0 0 0 0 0 0 0 0 0 0 0 0 0 0 0 0,in the loop,literal,insertion-other,VERB ADP ADJ CCONJ NOUN NOUN CCONJ ADP DET NOUN NOUN ADP DET ADJ NOUN PUNCT ADV VERB DET ADJ NOUN NOUN ADP DET NOUN PART VERB DET VERB NOUN PUNCT PRON VERB VERB NOUN PART VERB DET NOUN NOUN NOUN ADP DET ADJ NOUN NOUN CCONJ ADV VERB ADJ NOUN ADP DET NOUN NOUN PART VERB ADJ NOUN ADP DET ADP PUNCT NOUN NOUN,1.0,connected between pre- and power amplifiers or [PET_BOUNDARY] in the tape loop [PET_BOUNDARY] of an integrated amplifier ( there is a duplicate tape loop on the unit to restore the lost facility ) it provides fixed equalization to extend the loudspeaker's operating range below the normal cutoff point and additionally permits fine adjustment of the frequency response to give subtle control over the in - room performance.,0,,,,,,,
813,813.0,8335,13291,"Cupertino, California - based Apple Computer Inc, which went all the way to Japan for its last major product introduction, will finally launch its first family of network file servers at CeBit, in Hannover, on March 25, according to US press reports.",0 0 0 0 0 0 0 0 1 1 0 1 0 0 0 0 0 0 0 0 0 0 0 0 0 0 0 0 0 0 0 0 0 0 0 0 0 0 0 0 0 0,go all the way,literal,inflection,PROPN PROPN PUNCT VERB PROPN PROPN PROPN ADJ VERB ADJ DET NOUN ADP PROPN ADP ADJ ADJ ADJ NOUN NOUN VERB ADV VERB ADJ ADJ NOUN ADP NOUN NOUN NOUN ADP PROPN ADP PROPN ADP PROPN NUM VERB ADP PROPN NOUN NOUN,1.0,"Cupertino, California - based Apple Computer Inc, which [PET_BOUNDARY] went all the way [PET_BOUNDARY] to Japan for its last major product introduction, will finally launch its first family of network file servers at CeBit, in Hannover, on March 25, according to US press reports.",0,,,,,,,
646,646.0,20352,30754,but the strong impression I had is walking over the hill from Kettleborough where the gun club now is walking down into this valley and seeing that view of this little end of the village nestling in the hollow and I can remember feeling a extraordinarily strong sensation that I could easily live there,0 0 0 0 0 0 0 0 1 0 1 0 0 0 0 0 0 0 0 0 0 0 0 0 0 0 0 0 0 0 0 0 0 0 0 0 0 0 0 0 0 0 0 0 0 0 0 0 0 0 0 0 0 0,over the hill,literal,identical,CCONJ DET ADJ NOUN PRON VERB VERB VERB ADP DET NOUN ADP PROPN ADV DET NOUN NOUN ADV VERB VERB PART ADP DET NOUN CCONJ VERB DET NOUN ADP DET ADJ NOUN ADP DET NOUN VERB ADP DET NOUN CCONJ PRON VERB VERB VERB DET ADV ADJ NOUN ADJ PRON VERB ADV VERB ADV,1.0,but the strong impression I had is walking [PET_BOUNDARY] over the hill [PET_BOUNDARY] from Kettleborough where the gun club now is walking down into this valley and seeing that view of this little end of the village nestling in the hollow and I can remember feeling a extraordinarily strong sensation that I could easily live there,0,,,,,,,
493,493.0,16581,25549,Any hit scored against the caster by an ordinary weapon is deflected on the D6 roll of a 3 or more.,0 0 0 0 0 0 0 0 0 0 0 0 1 0 0 1 0 0 0 0 0,on a roll,literal,combined-other,DET NOUN VERB ADP DET NOUN ADP DET ADJ NOUN VERB VERB ADP DET NOUN NOUN ADP DET NUM CCONJ ADJ,1.0,Any hit scored against the caster by an ordinary weapon is deflected [PET_BOUNDARY] on the D6 roll [PET_BOUNDARY] of a 3 or more.,0,,,,,,,
291,291.0,19151,28440,"McAllister, coughing slightly against the stench of the room — Dr Neil was hardened to it — laid the towelling and the scissors on the clean square, and said briskly to Dr Neil, ' Is there anything in your bag which you might need urgently?",0 0 0 0 0 0 0 0 0 0 0 0 0 0 0 0 0 0 0 0 0 0 0 1 0 0 1 0 0 0 0 0 0 0 0 0 0 0 0 0 0 0 0 0 0,on the square,literal,insertion-other,PROPN VERB ADV ADP DET NOUN ADP DET NOUN PUNCT PROPN PROPN VERB VERB ADP PRON PUNCT VERB DET NOUN CCONJ DET NOUN ADP DET ADJ NOUN CCONJ VERB ADV ADP PROPN PROPN PUNCT VERB ADV NOUN ADP ADJ NOUN ADJ PRON VERB VERB ADV,1.0,"McAllister, coughing slightly against the stench of the room — Dr Neil was hardened to it — laid the towelling and the scissors [PET_BOUNDARY] on the clean square, [PET_BOUNDARY] and said briskly to Dr Neil, ' Is there anything in your bag which you might need urgently?",0,,,,,,,
575,575.0,8908,14201,Take you up and then go straight to work then you see.,0 0 0 0 0 1 1 0 0 0 0 0,go straight,literal,identical,VERB PRON PART CCONJ ADV VERB ADV PART VERB ADV PRON VERB,1.0,Take you up and then [PET_BOUNDARY] go straight [PET_BOUNDARY] to work then you see.,0,,,,,,,
942,942.0,16478,25426,"This was followed by two more, with the sound of shattering glass and lumps of plaster falling off the walls.",0 0 0 0 0 0 0 0 0 0 0 0 0 0 0 0 0 1 0 1,off the wall,literal,inflection,DET VERB VERB ADP NUM ADJ ADP DET NOUN ADP VERB NOUN CCONJ NOUN ADP NOUN VERB ADP DET NOUN,1.0,"This was followed by two more, with the sound of shattering glass and lumps of plaster falling [PET_BOUNDARY] off the walls. [PET_BOUNDARY]",0,,,,,,,
145,145.0,28266,41931,"When they examined the cells under an electron microscope, the gold only highlighted abnormal proteins in the waste disposal organ of the cell, called the lysosome.",0 0 0 0 0 1 0 0 1 0 0 0 0 0 0 0 0 0 0 0 0 0 0 0 0 0,under the microscope,literal,combined-other,ADV PRON VERB DET NOUN ADP DET NOUN NOUN DET NOUN ADV VERB ADJ NOUN ADP DET NOUN NOUN NOUN ADP DET NOUN VERB DET NOUN,1.0,"When they examined the cells [PET_BOUNDARY] under an electron microscope, [PET_BOUNDARY] the gold only highlighted abnormal proteins in the waste disposal organ of the cell, called the lysosome.",0,,,,,,,
175,175.0,7424,11744,If I install games on a SD card will my laptop run faster?,0 0 0 1 1 0 0 0 0 0 0 0 0,game on,literal,inflection,ADP PRON VERB NOUN ADP DET PROPN NOUN VERB ADJ NOUN VERB ADV,1.0,If I install [PET_BOUNDARY] games on [PET_BOUNDARY] a SD card will my laptop run faster?,0,,,,,,,
695,695.0,5462,8603,"Aldershot .............. 0 Sheffield Wednesday .... 8 ( Wednesday win 8 - 0 on agg ) RON ATKINSON 'S blue and white army marched down Ordinance Road, past the Cannon pub and fired the Shots out of the Littlewoods Cup with a devastating display of firepower which brought Steve Whitton four goals and Dalian Atkinson three.",0 0 0 0 0 0 0 0 0 0 0 0 0 0 0 0 0 0 0 0 0 0 0 0 1 0 1 0 0 0 0 0 0 0 0 0 0 0 0 0 0 0 0 0 0 0 0 0 0 0 0 0 0 0 0 0,down the road,literal,combined-other,NOUN PUNCT NUM PROPN PROPN PUNCT NUM PUNCT PROPN VERB NUM SYM NUM ADP NOUN PUNCT PROPN PROPN PART ADJ CCONJ ADJ NOUN VERB ADP PROPN PROPN ADP DET PROPN NOUN CCONJ VERB DET NOUN ADP ADP DET PROPN PROPN ADP DET ADJ NOUN ADP NOUN ADJ VERB PROPN PROPN NUM NOUN CCONJ PROPN PROPN NUM,1.0,"Aldershot .............. 0 Sheffield Wednesday .... 8 ( Wednesday win 8 - 0 on agg ) RON ATKINSON 'S blue and white army marched [PET_BOUNDARY] down Ordinance Road, [PET_BOUNDARY] past the Cannon pub and fired the Shots out of the Littlewoods Cup with a devastating display of firepower which brought Steve Whitton four goals and Dalian Atkinson three.",0,,,,,,,
604,604.0,17638,26786,"Steve Cauthen, who rode Balla Cove, had earlier taken the other feature race on the card, the Godolphin Stakes, on Spritsail — a victory that should have been the subject of a stewards ' inquiry.",0 0 0 0 0 0 0 0 0 0 0 0 0 1 0 1 0 0 0 0 0 0 0 0 0 0 0 0 0 0 0 0 0 0 0,on the cards,literal,inflection,PROPN PROPN NOUN VERB PROPN PROPN VERB ADV VERB DET ADJ NOUN NOUN ADP DET NOUN DET PROPN PROPN ADP PROPN PUNCT DET NOUN ADJ VERB VERB VERB DET NOUN ADP DET NOUN PART NOUN,1.0,"Steve Cauthen, who rode Balla Cove, had earlier taken the other feature race [PET_BOUNDARY] on the card, [PET_BOUNDARY] the Godolphin Stakes, on Spritsail — a victory that should have been the subject of a stewards ' inquiry.",0,,,,,,,
837,837.0,13214,20101,"The sale of goods for use by the purchaser in the running of his business, e.g. a typewriter for use in a firm's office.",0 0 0 0 0 0 0 0 0 1 0 1 0 0 0 0 0 0 0 0 0 0 0 0,in the running,literal,identical,DET NOUN ADP NOUN ADP NOUN ADP DET NOUN ADP DET NOUN ADP ADJ NOUN ADV DET NOUN ADP NOUN ADP DET NOUN NOUN,1.0,"The sale of goods for use by the purchaser [PET_BOUNDARY] in the running [PET_BOUNDARY] of his business, e.g. a typewriter for use in a firm's office.",0,,,,,,,
305,305.0,13605,20492,At our conference in November we had a roll call of five hundred and six G M B members who 'd ha who were either killed in work or had died from work - related disease since May nineteen seventy nine those who attended may recall the emotional er,0 0 0 0 0 0 0 0 0 0 0 0 0 0 0 0 0 0 0 0 0 0 0 0 0 0 1 1 0 0 0 0 0 0 0 0 0 0 0 0 0 0 0 0 0 0 0 0 0,in the works,literal,combined-inflection,ADP ADJ NOUN ADP PROPN PRON VERB DET NOUN NOUN ADP NUM NUM CCONJ NUM NOUN PROPN PROPN NOUN NOUN VERB INTJ NOUN VERB CCONJ VERB ADP NOUN CCONJ VERB VERB ADP NOUN PUNCT VERB NOUN ADP PROPN NUM NUM NUM DET NOUN VERB VERB VERB DET ADJ INTJ,1.0,At our conference in November we had a roll call of five hundred and six G M B members who 'd ha who were either killed [PET_BOUNDARY] in work [PET_BOUNDARY] or had died from work - related disease since May nineteen seventy nine those who attended may recall the emotional er,0,,,,,,,
728,728.0,18498,27787,What on your nose?,0 1 0 1,on the nose,literal,determiner-broad,NOUN ADP ADJ NOUN,1.0,What [PET_BOUNDARY] on your nose? [PET_BOUNDARY],0,,,,,,,
453,453.0,18645,27934,"But today, he saw a boy of about sixteen lying on a large rock beside the pool.",0 0 0 0 0 0 0 0 0 0 1 0 0 1 0 0 0,on the rocks,literal,combined-inflection,CCONJ NOUN PRON VERB DET NOUN ADP ADV NUM VERB ADP DET ADJ NOUN ADP DET NOUN,1.0,"But today, he saw a boy of about sixteen lying [PET_BOUNDARY] on a large rock [PET_BOUNDARY] beside the pool.",0,,,,,,,
723,723.0,27994,41621,"And so, for two pence a length, I started swimming.",0 0 0 1 1 0 0 0 0 0,two a penny,literal,combined-inflection,CCONJ ADV ADP NUM NOUN DET NOUN PRON VERB VERB,1.0,"And so, for [PET_BOUNDARY] two pence [PET_BOUNDARY] a length, I started swimming.",0,,,,,,,
86,86.0,17482,26630,One afternoon I had seen him painfully sewing on a shirt - button.,0 0 0 0 0 0 0 0 1 0 0 0 1,on the button,literal,combined-other,NUM NOUN PRON VERB VERB PRON ADV VERB ADP DET NOUN PUNCT NOUN,1.0,One afternoon I had seen him painfully sewing [PET_BOUNDARY] on a shirt - button. [PET_BOUNDARY],0,,,,,,,
82,82.0,15538,23740,"The final wave of the initial assault, LC Mechanised carrying jeeps and tanks, went by at 0415, making a bow wave that flirted the canoe aside, and a quarter of an hour later this canoe team followed the craft ashore.",0 0 0 0 0 0 0 0 0 0 0 0 0 0 0 0 0 1 0 0 1 0 0 0 0 0 0 0 0 0 0 0 0 0 0 0 0 0 0 0,make waves,literal,combined-inflection,DET ADJ NOUN ADP DET ADJ NOUN PROPN PROPN VERB NOUN CCONJ NOUN VERB ADV ADP NUM VERB DET NOUN NOUN ADJ VERB DET NOUN ADV CCONJ DET NOUN ADP DET NOUN ADV DET NOUN NOUN VERB DET NOUN ADV,1.0,"The final wave of the initial assault, LC Mechanised carrying jeeps and tanks, went by at 0415, [PET_BOUNDARY] making a bow wave [PET_BOUNDARY] that flirted the canoe aside, and a quarter of an hour later this canoe team followed the craft ashore.",0,,,,,,,
517,517.0,13479,20366,"Instantly 20 soldiers buried their massively muscled pincers in my stick, possibly never to let go, while dozens more swarmed up the stick causing me to let go with alacrity.",0 0 0 0 0 0 0 0 1 0 1 0 0 0 0 0 0 0 0 0 0 0 0 0 0 0 0 0 0 0,in the sticks,literal,combined-inflection,ADV NUM NOUN VERB ADJ ADV VERB NOUN ADP ADJ NOUN ADV ADV PART VERB VERB ADP NOUN ADV VERB PART DET NOUN VERB PRON PART VERB VERB ADP NOUN,1.0,"Instantly 20 soldiers buried their massively muscled pincers [PET_BOUNDARY] in my stick, [PET_BOUNDARY] possibly never to let go, while dozens more swarmed up the stick causing me to let go with alacrity.",0,,,,,,,
934,934.0,23670,35235,' I was on my way down to Les Hiboux when I saw a light in the trees.,0 0 0 0 0 0 0 0 0 0 0 0 1 0 1 0 0 0,see the light,literal,combined-inflection,PUNCT PRON VERB ADP ADJ NOUN ADV ADP PROPN PROPN ADV PRON VERB DET NOUN ADP DET NOUN,1.0,' I was on my way down to Les Hiboux when I [PET_BOUNDARY] saw a light [PET_BOUNDARY] in the trees.,0,,,,,,,
97,97.0,9954,15730,"I can try first thing Monday, but maybe Tom has Tony's home number??",0 0 0 0 0 0 0 0 0 1 1 0 1,have someone's number,literal,combined-inflection,PRON VERB VERB ADJ NOUN PROPN CCONJ ADV PROPN VERB PROPN NOUN NOUN,1.0,"I can try first thing Monday, but maybe Tom [PET_BOUNDARY] has Tony's home number?? [PET_BOUNDARY]",0,,,,,,,
414,414.0,5164,8197,"' Carl says you can do tricks with ladders, ' laughs Theodore Bixman.",0 0 0 0 0 1 1 0 0 0 0 0 0,do the trick,literal,deletion-determiner,PUNCT PROPN VERB PRON VERB VERB NOUN ADP NOUN PUNCT VERB PROPN PROPN,1.0,"' Carl says you can [PET_BOUNDARY] do tricks [PET_BOUNDARY] with ladders, ' laughs Theodore Bixman.",0,,,,,,,
836,836.0,12766,19614,"The historic town of Oundle, one of the most attractive market towns in the County, is set in a loop of the River Nene.",0 0 0 0 0 0 0 0 0 0 0 0 0 0 0 0 0 1 0 1 0 0 0 0,in the loop,literal,determiner-narrow,DET ADJ NOUN ADP PROPN NUM ADP DET ADV ADJ NOUN NOUN ADP DET PROPN VERB VERB ADP DET NOUN ADP DET PROPN PROPN,1.0,"The historic town of Oundle, one of the most attractive market towns in the County, is set [PET_BOUNDARY] in a loop [PET_BOUNDARY] of the River Nene.",0,,,,,,,
176,176.0,18999,28288,"A great church, lofty and beautiful, was built on the shelf of rock ; a monastery of size and standing was set about it.",0 0 0 0 0 0 0 0 1 0 1 0 0 0 0 0 0 0 0 0 0 0 0 0,on the shelf,literal,identical,DET ADJ NOUN ADJ CCONJ ADJ VERB VERB ADP DET NOUN ADP NOUN PUNCT DET NOUN ADP NOUN CCONJ NOUN VERB VERB ADP PRON,1.0,"A great church, lofty and beautiful, was built [PET_BOUNDARY] on the shelf [PET_BOUNDARY] of rock ; a monastery of size and standing was set about it.",0,,,,,,,
3,3.0,5483,8624,"If your bottom dweller hides all day and feeds when you 're in bed, ensure a supply of food by sliding pellet or tablet food down a tube into his lair — which will stop other greedy fish getting it.",0 0 0 0 0 0 0 0 0 0 0 0 0 0 0 0 0 0 0 0 0 0 0 0 0 1 0 1 0 0 0 0 0 0 0 0 0 0 0 0,down the tubes,literal,combined-inflection,ADP ADJ ADJ NOUN VERB DET NOUN CCONJ VERB ADV PRON VERB ADP NOUN VERB DET NOUN ADP NOUN ADP VERB NOUN CCONJ VERB NOUN ADP DET NOUN ADP ADJ NOUN PUNCT ADJ VERB VERB ADJ ADJ NOUN VERB PRON,1.0,"If your bottom dweller hides all day and feeds when you 're in bed, ensure a supply of food by sliding pellet or tablet food [PET_BOUNDARY] down a tube [PET_BOUNDARY] into his lair — which will stop other greedy fish getting it.",0,,,,,,,
484,484.0,13503,20390,"Elizabeth's older brother, Richard, 34, had come from Somerset to see the place where his ' little sister ' died — and to join in a defiant swim from the murder beach.",0 0 0 0 0 0 0 0 0 0 0 0 0 0 0 0 0 0 0 0 0 0 0 0 1 0 0 1 0 0 0 0,in the swim,literal,combined-other,PROPN ADJ NOUN PROPN NUM VERB VERB ADP PROPN PART VERB DET NOUN ADV ADJ PUNCT ADJ NOUN PUNCT VERB PUNCT CCONJ PART VERB ADP DET ADJ NOUN ADP DET NOUN NOUN,1.0,"Elizabeth's older brother, Richard, 34, had come from Somerset to see the place where his ' little sister ' died — and to join [PET_BOUNDARY] in a defiant swim [PET_BOUNDARY] from the murder beach.",0,,,,,,,
840,840.0,21909,32654,"The height of the front wheels is obtained by pushing or pulling up two plastic adjuster plugs on the front of the machine, which adjust the height of the axle.",0 0 0 0 0 0 0 0 0 0 0 1 0 0 0 0 1 0 0 0 0 0 0 0 0 0 0 0 0 0,pull the plug,literal,combined-inflection,DET NOUN ADP DET ADJ NOUN VERB VERB ADP VERB CCONJ VERB PART NUM NOUN NOUN VERB ADP DET NOUN ADP DET NOUN ADJ VERB DET NOUN ADP DET NOUN,1.0,"The height of the front wheels is obtained by pushing or [PET_BOUNDARY] pulling up two plastic adjuster plugs [PET_BOUNDARY] on the front of the machine, which adjust the height of the axle.",0,,,,,,,
280,280.0,8321,13277,Once I went all the way home — but I never went in.,0 0 1 1 0 1 0 0 0 0 0 0 0,go all the way,literal,inflection,ADP PRON VERB ADJ DET NOUN ADV PUNCT CCONJ PRON ADV VERB ADV,1.0,Once I [PET_BOUNDARY] went all the way [PET_BOUNDARY] home — but I never went in.,0,,,,,,,
107,107.0,11584,18416,"It looked as if it should have broken, amongst the pebbles in Adam's bag.",0 0 0 0 0 0 0 0 0 0 0 1 0 1,in the bag,literal,combined-other,PRON VERB ADP ADP PRON VERB VERB VERB ADP DET NOUN ADP PROPN NOUN,1.0,"It looked as if it should have broken, amongst the pebbles [PET_BOUNDARY] in Adam's bag. [PET_BOUNDARY]",0,,,,,,,
247,247.0,20086,30330,See the Breeze ranges now at all Ron Hill stockists and take the sweat out of your running.,0 0 0 0 0 0 0 0 0 0 0 0 0 0 1 1 0 1,out of the running,literal,determiner-broad,VERB DET PROPN NOUN ADV ADP DET PROPN PROPN VERB CCONJ VERB DET NOUN ADP ADP ADJ NOUN,1.0,See the Breeze ranges now at all Ron Hill stockists and take the sweat [PET_BOUNDARY] out of your running. [PET_BOUNDARY],0,,,,,,,
244,244.0,18829,28118,"Overleaf : The start of the Hoggar Marathon, Algeria ; Above ; Runners with camel escort on a training run.",0 0 0 0 0 0 0 0 0 0 0 0 0 0 0 0 1 0 0 1,on the run,literal,combined-other,NOUN PUNCT DET NOUN ADP DET PROPN PROPN PROPN PUNCT ADV PUNCT NOUN ADP NOUN NOUN ADP DET NOUN NOUN,1.0,"Overleaf : The start of the Hoggar Marathon, Algeria ; Above ; Runners with camel escort [PET_BOUNDARY] on a training run. [PET_BOUNDARY]",0,,,,,,,
189,189.0,18608,27897,"Sometimes the ship moved on the rock, and sometimes pieces of wood fell off into the sea.",0 0 0 0 1 0 1 0 0 0 0 0 0 0 0 0 0,on the rocks,literal,inflection,ADV DET NOUN VERB ADP DET NOUN CCONJ ADV NOUN ADP NOUN VERB PART ADP DET NOUN,1.0,"Sometimes the ship moved [PET_BOUNDARY] on the rock, [PET_BOUNDARY] and sometimes pieces of wood fell off into the sea.",0,,,,,,,
472,472.0,9671,15306,"Sir John Moores, a great Evertonian, is now well into his 90s and nobody has a crystal ball to tell whether the heir, or heirs, will have the same enthusiasm for the club.",0 0 0 0 0 0 0 0 0 0 0 0 0 0 1 0 0 1 0 0 0 0 0 0 0 0 0 0 0 0 0 0 0,have a ball,literal,combined-inflection,PROPN PROPN PROPN DET ADJ PROPN VERB ADV ADV ADP ADJ NOUN CCONJ NOUN VERB DET NOUN NOUN PART VERB ADP DET NOUN CCONJ NOUN VERB VERB DET ADJ NOUN ADP DET NOUN,1.0,"Sir John Moores, a great Evertonian, is now well into his 90s and nobody [PET_BOUNDARY] has a crystal ball [PET_BOUNDARY] to tell whether the heir, or heirs, will have the same enthusiasm for the club.",0,,,,,,,
940,940.0,28964,43324,Heavily drawn from the days when rock writers wore leather trousers and believed that rock would save the world.,0 0 0 0 0 0 0 0 1 0 1 0 0 0 0 0 0 0 0,wear the trousers,literal,combined-inflection,ADV VERB ADP DET NOUN ADV NOUN NOUN VERB NOUN NOUN CCONJ VERB DET NOUN VERB VERB DET NOUN,1.0,Heavily drawn from the days when rock writers [PET_BOUNDARY] wore leather trousers [PET_BOUNDARY] and believed that rock would save the world.,0,,,,,,,
815,815.0,14494,22010,"Most living reptiles and all of the primitive ones lay eggs, and this amniote egg, from which perfectly - formed baby reptiles hatch, marks the complete emancipation from the necessity of returning to water for reproduction.",0 0 0 0 0 0 0 0 0 1 1 0 0 0 0 0 0 0 0 0 0 0 0 0 0 0 0 0 0 0 0 0 0 0 0 0,lay an egg,literal,deletion-determiner,ADJ NOUN NOUN CCONJ DET ADP DET ADJ NOUN VERB NOUN CCONJ DET NOUN NOUN ADP ADJ ADV PUNCT VERB NOUN VERB NOUN VERB DET ADJ NOUN ADP DET NOUN ADP VERB ADP NOUN ADP NOUN,1.0,"Most living reptiles and all of the primitive ones [PET_BOUNDARY] lay eggs, [PET_BOUNDARY] and this amniote egg, from which perfectly - formed baby reptiles hatch, marks the complete emancipation from the necessity of returning to water for reproduction.",0,,,,,,,
336,336.0,16927,25992,His buckle was found on the ice and he stands to gain from his brother's death.,0 0 0 0 1 0 1 0 0 0 0 0 0 0 0 0,on ice,literal,insertion-determiner,ADJ NOUN VERB VERB ADP DET NOUN CCONJ PRON VERB PART VERB ADP ADJ NOUN NOUN,1.0,His buckle was found [PET_BOUNDARY] on the ice [PET_BOUNDARY] and he stands to gain from his brother's death.,0,,,,,,,
367,367.0,29057,43417,The figure sitting on its far side was a man wearing sand - coloured trousers and a red shirt ; he had reddish - brown hair brushed straight back and looked square - shouldered and sturdy.,0 0 0 0 0 0 0 0 0 0 1 0 0 0 1 0 0 0 0 0 0 0 0 0 0 0 0 0 0 0 0 0 0 0 0 0,wear the trousers,literal,combined-inflection,DET NOUN VERB ADP ADJ ADJ NOUN VERB DET NOUN VERB NOUN PUNCT VERB NOUN CCONJ DET ADJ NOUN PUNCT PRON VERB ADJ PUNCT ADJ NOUN VERB ADV ADV CCONJ VERB ADV PUNCT VERB CCONJ ADJ,1.0,The figure sitting on its far side was a man [PET_BOUNDARY] wearing sand - coloured trousers [PET_BOUNDARY] and a red shirt ; he had reddish - brown hair brushed straight back and looked square - shouldered and sturdy.,0,,,,,,,
475,475.0,19879,30121,How could the balance be restored without again taking the two balls out of the box?,0 0 0 0 0 0 0 0 0 0 0 0 1 1 0 1,out of the box,literal,identical,ADV VERB DET NOUN VERB VERB ADP ADV VERB DET NUM NOUN ADP ADP DET NOUN,1.0,How could the balance be restored without again taking the two balls [PET_BOUNDARY] out of the box? [PET_BOUNDARY],0,,,,,,,
488,488.0,22221,33311,Works worthy of the National Library of Australia in Canberra or Sydney's Mitchell Library include views of Botany Bay and Port Jackson by William Westall from Mathew Flinders ' voyage and watercolours of rare Australian birds by Lewin.,0 0 0 0 0 0 0 0 0 0 0 0 0 0 0 0 0 0 0 0 0 0 0 0 0 0 0 0 0 0 0 0 0 1 0 1 0 0,rare bird,literal,combined-inflection,NOUN ADJ ADP DET PROPN PROPN ADP PROPN ADP PROPN CCONJ PROPN PROPN PROPN VERB NOUN ADP PROPN PROPN CCONJ PROPN PROPN ADP PROPN PROPN ADP PROPN PROPN PART NOUN CCONJ NOUN ADP ADJ ADJ NOUN ADP PROPN,1.0,Works worthy of the National Library of Australia in Canberra or Sydney's Mitchell Library include views of Botany Bay and Port Jackson by William Westall from Mathew Flinders ' voyage and watercolours of [PET_BOUNDARY] rare Australian birds [PET_BOUNDARY] by Lewin.,0,,,,,,,
561,561.0,8820,14113,"The Prince, arriving back from his trip to Hong Kong, went straight to Highgrove.",0 0 0 0 0 0 0 0 0 0 1 1 0 0,go straight,literal,inflection,DET PROPN VERB ADV ADP ADJ NOUN ADP PROPN PROPN VERB ADV ADP PROPN,1.0,"The Prince, arriving back from his trip to Hong Kong, [PET_BOUNDARY] went straight [PET_BOUNDARY] to Highgrove.",0,,,,,,,
564,564.0,29027,43387,He was wearing black trousers and a beautiful white shirt.,0 0 1 0 1 0 0 0 0 0,wear the trousers,literal,combined-inflection,PRON VERB VERB ADJ NOUN CCONJ DET ADJ ADJ NOUN,1.0,He was [PET_BOUNDARY] wearing black trousers [PET_BOUNDARY] and a beautiful white shirt.,0,,,,,,,
413,413.0,23124,34493,Well I can run three miles.,0 0 0 1 0 1,run a mile,literal,determiner-broad,INTJ PRON VERB VERB NUM NOUN,1.0,Well I can [PET_BOUNDARY] run three miles. [PET_BOUNDARY],0,,,,,,,
771,771.0,10700,16874,"The volume of hot air and waffle is suffocating — and it's all rot, and is doing users no service at all.",0 0 0 1 1 0 0 0 0 0 0 0 0 0 0 0 0 0 0 0 0 0,hot air,literal,identical,DET NOUN ADP ADJ NOUN CCONJ NOUN VERB VERB PUNCT CCONJ PRON ADV VERB CCONJ VERB VERB NOUN DET NOUN ADV ADV,1.0,"The volume of [PET_BOUNDARY] hot air [PET_BOUNDARY] and waffle is suffocating — and it's all rot, and is doing users no service at all.",0,,,,,,,
754,754.0,18944,28233,The library had nothing on the shelves but the floor was littered with volumes open and lying face down.,0 0 0 0 1 0 1 0 0 0 0 0 0 0 0 0 0 0 0,on the shelf,literal,inflection,DET NOUN VERB NOUN ADP DET NOUN CCONJ DET NOUN VERB VERB ADP NOUN ADJ CCONJ VERB NOUN PART,1.0,The library had nothing [PET_BOUNDARY] on the shelves [PET_BOUNDARY] but the floor was littered with volumes open and lying face down.,0,,,,,,,
793,793.0,10128,15938,We heard the same thing when the Labour Government introduced the Equal Pay Act 1970.,0 1 0 0 1 0 0 0 0 0 0 0 0 0 0,hear things,literal,combined-inflection,PRON VERB DET ADJ NOUN ADV DET PROPN PROPN VERB DET PROPN PROPN PROPN NUM,1.0,We [PET_BOUNDARY] heard the same thing [PET_BOUNDARY] when the Labour Government introduced the Equal Pay Act 1970.,0,,,,,,,
65,65.0,10103,15909,The A sixty one is is heading due south.,0 0 0 0 0 0 1 0 1,head south,literal,combined-inflection,DET PROPN NUM NOUN VERB VERB VERB ADJ ADV,1.0,The A sixty one is is [PET_BOUNDARY] heading due south. [PET_BOUNDARY],0,,,,,,,
84,84.0,20902,31366,"But there are no workmen available to dig and pick the necessary hole through the bus platform, tar mac, gas pipes and hard core to allow this ecological flow so the matter rests on the bus platform — and keep fit classes are hastily arranged with coughed",0 0 0 0 0 0 0 0 0 1 0 0 1 0 0 0 0 0 0 0 0 0 0 0 0 0 0 0 0 0 0 0 0 0 0 0 0 0 0 0 0 0 0 0 0 0 0,pick holes,literal,combined-inflection,CCONJ ADV VERB DET NOUN ADJ PART VERB CCONJ VERB DET ADJ NOUN ADP DET NOUN NOUN NOUN NOUN NOUN NOUN CCONJ ADJ NOUN PART VERB DET ADJ NOUN ADP DET NOUN VERB ADP DET NOUN NOUN PUNCT CCONJ VERB ADJ NOUN VERB ADV VERB ADP ADJ,1.0,"But there are no workmen available to dig and [PET_BOUNDARY] pick the necessary hole [PET_BOUNDARY] through the bus platform, tar mac, gas pipes and hard core to allow this ecological flow so the matter rests on the bus platform — and keep fit classes are hastily arranged with coughed",0,,,,,,,
419,419.0,4002,6044,"And even if you 're parking it in your driveway or close to your home, lock and secure it at all times.",0 0 0 0 0 0 0 0 0 0 0 1 1 0 1 0 0 0 0 0 0 0,close to home,literal,insertion-other,CCONJ ADV ADP PRON VERB VERB PRON ADP ADJ NOUN CCONJ VERB ADP ADJ NOUN VERB CCONJ VERB PRON ADP DET NOUN,1.0,"And even if you 're parking it in your driveway or [PET_BOUNDARY] close to your home, [PET_BOUNDARY] lock and secure it at all times.",0,,,,,,,
817,817.0,13228,20115,"I sat snug in the tooled leather saddle, the reins lying easily in one hand.",0 0 0 1 0 0 0 1 0 0 0 0 0 0 0,in the saddle,literal,insertion-other,PRON VERB VERB ADP DET ADJ NOUN NOUN DET NOUN VERB ADV ADP NUM NOUN,1.0,"I sat snug [PET_BOUNDARY] in the tooled leather saddle, [PET_BOUNDARY] the reins lying easily in one hand.",0,,,,,,,
232,232.0,8040,12621,So we got there and he said right okay you 're the press chappy he's right I 've put your press people over there so while respect Lieutenant Commander that really won't do because everything including the Band of the Royal Marines is between them and the Princess Royal so we argued about this and the compromise eventually was that that everybody would have to stay there until the ceremony started and then we could bring the stills photographers round to the end and up to one side where it was all happening mainly to get a picture of his wife cutting the cake.,0 0 0 0 0 0 0 0 0 0 0 0 0 0 0 0 0 0 0 0 0 0 0 0 0 0 0 0 0 0 0 0 0 0 0 0 0 0 0 0 0 0 0 0 0 0 0 0 0 0 0 0 0 0 0 0 0 0 0 0 0 0 0 0 0 0 0 0 0 0 0 0 0 0 0 0 0 0 0 0 0 0 0 0 0 0 0 0 0 0 0 0 0 0 0 1 0 1 0 0 0 0 0 0,get the picture,literal,determiner-narrow,ADV PRON VERB ADV CCONJ PRON VERB INTJ INTJ PRON VERB DET NOUN NOUN PRON ADJ PRON VERB VERB ADJ NOUN NOUN ADV ADV ADV ADP NOUN PROPN PROPN ADJ ADV VERB VERB ADP NOUN VERB DET PROPN ADP DET PROPN PROPN VERB ADP PRON CCONJ DET PROPN PROPN ADP PRON VERB ADP DET CCONJ DET NOUN ADV VERB ADP ADP NOUN VERB VERB PART VERB ADV ADP DET NOUN VERB CCONJ ADV PRON VERB VERB DET NOUN NOUN ADV ADP DET NOUN CCONJ ADV PART NUM NOUN ADV PRON VERB DET VERB ADV PART VERB DET NOUN ADP ADJ NOUN VERB DET NOUN,1.0,So we got there and he said right okay you 're the press chappy he's right I 've put your press people over there so while respect Lieutenant Commander that really won't do because everything including the Band of the Royal Marines is between them and the Princess Royal so we argued about this and the compromise eventually was that that everybody would have to stay there until the ceremony started and then we could bring the stills photographers round to the end and up to one side where it was all happening mainly to [PET_BOUNDARY] get a picture [PET_BOUNDARY] of his wife cutting the cake.,0,,,,,,,
509,509.0,27808,41398,"So he suddenly came to a halt at the bottom of this stairs as it turned the corner, with the bottom of the wardrobe rammed into his chest, pinning him to the wall.",0 0 0 0 0 0 0 0 0 0 0 0 0 0 0 1 0 1 0 0 0 0 0 0 0 0 0 0 0 0 0 0 0,turn the corner,literal,inflection,ADV PRON ADV VERB ADP DET NOUN ADP DET NOUN ADP DET NOUN ADP PRON VERB DET NOUN ADP DET NOUN ADP DET NOUN VERB ADP ADJ NOUN VERB PRON ADP DET NOUN,1.0,"So he suddenly came to a halt at the bottom of this stairs as it [PET_BOUNDARY] turned the corner, [PET_BOUNDARY] with the bottom of the wardrobe rammed into his chest, pinning him to the wall.",0,,,,,,,
459,459.0,573,812,I must 've spilt summat or maybe I trod in a puddle cos my trousers are all wet and cold.,0 0 0 0 0 0 0 0 0 0 0 0 0 0 0 0 1 1 0 0,all wet,literal,identical,PRON VERB VERB VERB NOUN CCONJ ADV PRON VERB ADP DET NOUN ADP ADJ NOUN VERB ADV ADJ CCONJ ADJ,1.0,I must 've spilt summat or maybe I trod in a puddle cos my trousers are [PET_BOUNDARY] all wet [PET_BOUNDARY] and cold.,0,,,,,,,
749,749.0,19599,29719,It slowed things up to keep slipping it in and out of my jeans pocket so after a while I tucked it up the sleeve of my jersey.,0 0 0 0 0 0 0 0 0 0 1 1 0 0 1 0 0 0 0 0 0 0 0 0 0 0 0 0,out of pocket,literal,insertion-other,PRON VERB NOUN PART PART VERB VERB PRON ADV CCONJ ADP ADP ADJ NOUN NOUN ADV ADP DET NOUN PRON VERB PRON PART DET NOUN ADP ADJ NOUN,1.0,It slowed things up to keep slipping it in and [PET_BOUNDARY] out of my jeans pocket [PET_BOUNDARY] so after a while I tucked it up the sleeve of my jersey.,0,,,,,,,
6,6.0,17372,26520,Melanie kept her eyes on the witch - ball so as not to have to look at Uncle Philip.,0 0 0 0 1 0 0 0 1 0 0 0 0 0 0 0 0 0 0,on the ball,literal,combined-other,PROPN VERB ADJ NOUN ADP DET NOUN PUNCT NOUN ADP ADP ADV PART VERB PART VERB ADP PROPN PROPN,1.0,Melanie kept her eyes [PET_BOUNDARY] on the witch - ball [PET_BOUNDARY] so as not to have to look at Uncle Philip.,0,,,,,,,
169,169.0,20118,30371,Lights were already beginning to diamond out of the shadowed pine woods on the lower slopes.,0 0 0 0 0 0 1 1 0 0 0 1 0 0 0 0,out of the woods,literal,insertion-other,NOUN VERB ADV VERB PART VERB ADP ADP DET VERB ADJ NOUN ADP DET ADJ NOUN,1.0,Lights were already beginning to diamond [PET_BOUNDARY] out of the shadowed pine woods [PET_BOUNDARY] on the lower slopes.,0,,,,,,,
375,375.0,18647,27936,HERE HE BRINGS YOU UP - TO- DATE ON ROCK IN THE COLLAPSING U.S.S.R. AND ASKS : ARE YOU READY FOR BIPHONIC MONGOLIAN THROAT SINGING?,0 0 0 0 0 0 0 0 1 1 0 0 0 0 0 0 0 0 0 0 0 0 0 0 0,on the rocks,literal,combined-inflection,ADV PRON VERB PRON NOUN PUNCT NOUN NOUN ADP PROPN ADP DET VERB PROPN CCONJ PROPN PUNCT VERB PRON ADJ ADP PROPN PROPN NOUN NOUN,1.0,HERE HE BRINGS YOU UP - TO- DATE [PET_BOUNDARY] ON ROCK [PET_BOUNDARY] IN THE COLLAPSING U.S.S.R. AND ASKS : ARE YOU READY FOR BIPHONIC MONGOLIAN THROAT SINGING?,0,,,,,,,
120,120.0,6203,10052,The Vogue LSE is also the first off - road vehicle to be fitted with electronic traction control ( ETC ).,0 0 0 0 0 0 1 1 0 0 0 0 0 0 0 0 0 0 0 0 0,first off,literal,identical,DET PROPN PROPN VERB ADV DET ADJ ADP PUNCT NOUN NOUN PART VERB VERB ADP ADJ NOUN NOUN PUNCT PROPN PUNCT,1.0,The Vogue LSE is also the [PET_BOUNDARY] first off [PET_BOUNDARY] - road vehicle to be fitted with electronic traction control ( ETC ).,0,,,,,,,
495,495.0,6804,10828,There are all kinds of reasons for Africa's food problems — rich and precious land being used for cash crops instead of to grow food for local people ; a much smaller proportion of land fertile enough for cultivation than is the case in Asia or Europe ; farmers being paid such pathetic prices for food crops that they turn to coffee or tobacco in order to survive.,0 0 0 0 0 0 1 1 0 0 0 0 0 0 0 0 0 0 0 0 0 0 0 0 0 0 0 0 0 0 0 0 0 0 0 0 0 0 0 0 0 0 0 0 0 0 0 0 0 0 0 0 0 0 0 0 0 0 0 0 0 0 0 0 0 0 0 0,for africa,literal,identical,ADV VERB DET NOUN ADP NOUN ADP PROPN NOUN NOUN PUNCT ADJ CCONJ ADJ NOUN VERB VERB ADP NOUN NOUN ADV ADP PART VERB NOUN ADP ADJ NOUN PUNCT DET ADV ADJ NOUN ADP NOUN ADJ ADV ADP NOUN ADP VERB DET NOUN ADP PROPN CCONJ PROPN PUNCT NOUN VERB VERB ADJ ADJ NOUN ADP NOUN NOUN ADJ PRON VERB ADP NOUN CCONJ NOUN ADP NOUN PART VERB,1.0,There are all kinds of reasons [PET_BOUNDARY] for Africa's [PET_BOUNDARY] food problems — rich and precious land being used for cash crops instead of to grow food for local people ; a much smaller proportion of land fertile enough for cultivation than is the case in Asia or Europe ; farmers being paid such pathetic prices for food crops that they turn to coffee or tobacco in order to survive.,0,,,,,,,
558,558.0,4971,7954,"‘ The only problem is, my car is going in for a service, so maybe you could do me a favour and give me a lift there?",0 0 0 0 0 0 0 0 0 0 0 0 0 0 0 0 0 1 1 0 1 0 0 0 0 0 0,do me a favour,literal,identical,PUNCT DET ADJ NOUN VERB ADJ NOUN VERB VERB PART ADP DET NOUN CCONJ ADV PRON VERB VERB PRON DET NOUN CCONJ VERB PRON DET NOUN ADV,1.0,"‘ The only problem is, my car is going in for a service, so maybe you could [PET_BOUNDARY] do me a favour [PET_BOUNDARY] and give me a lift there?",0,,,,,,,
716,716.0,1400,1780,"Furthermore, although you are losing weight without hunger, feeling better and enjoying increased energy and vigour, you look forward to more food freedom at the end of the fourteen days …",0 0 0 0 0 0 0 0 0 0 0 0 0 0 0 0 0 0 0 0 0 0 0 1 0 1 1 0 0 1 0,at the end of the day,literal,combined-inflection,ADV ADP PRON VERB VERB NOUN ADP NOUN VERB ADJ CCONJ VERB VERB NOUN CCONJ NOUN PRON VERB ADV ADP ADJ NOUN NOUN ADP DET NOUN ADP DET NUM NOUN PUNCT,1.0,"Furthermore, although you are losing weight without hunger, feeling better and enjoying increased energy and vigour, you look forward to more food freedom [PET_BOUNDARY] at the end of the fourteen days [PET_BOUNDARY] …",0,,,,,,,
914,914.0,10637,16721,Any receptacle capable of holding water is a potential water garden.,0 0 0 0 1 1 0 0 0 0 0,hold water,literal,inflection,DET NOUN ADJ ADP VERB NOUN VERB DET ADJ NOUN NOUN,1.0,Any receptacle capable of [PET_BOUNDARY] holding water [PET_BOUNDARY] is a potential water garden.,0,,,,,,,
102,102.0,9844,15481,One policeman had suffered a detached retina from the blast and one onlooker had had a heart attack.,0 0 0 0 0 0 0 0 0 0 0 0 0 0 1 0 1 0,have a heart,literal,inflection,NUM NOUN VERB VERB DET ADJ NOUN ADP DET NOUN CCONJ NUM NOUN VERB VERB DET NOUN NOUN,1.0,One policeman had suffered a detached retina from the blast and one onlooker had [PET_BOUNDARY] had a heart [PET_BOUNDARY] attack.,0,,,,,,,
271,271.0,19671,29849,You get on your bike and find that old lady what were in here just now and you don't let her out of your sight.,0 0 0 0 0 0 0 0 0 0 0 0 0 0 0 0 0 0 0 0 0 1 1 0 1,out of sight,literal,insertion-other,PRON VERB ADP ADJ NOUN CCONJ VERB DET ADJ NOUN NOUN VERB ADV ADV ADV ADV CCONJ PRON VERB VERB PRON ADP ADP ADJ NOUN,1.0,You get on your bike and find that old lady what were in here just now and you don't let her [PET_BOUNDARY] out of your sight. [PET_BOUNDARY],0,,,,,,,
48,48.0,17445,26593,"We 're stuck in this car on this motorway, the three of us, and someone ( the driver!— me! ) has leant an elbow on the button of the central locking system.",0 0 0 0 0 0 0 0 0 0 0 0 0 0 0 0 0 0 0 0 0 0 0 0 1 0 1 0 0 0 0 0,on the button,literal,identical,PRON VERB VERB ADP DET NOUN ADP DET NOUN DET NUM ADP PRON CCONJ NOUN PUNCT DET ADJ PRON PUNCT VERB NOUN DET NOUN ADP DET NOUN ADP DET ADJ NOUN NOUN,1.0,"We 're stuck in this car on this motorway, the three of us, and someone ( the driver!— me! ) has leant an elbow [PET_BOUNDARY] on the button [PET_BOUNDARY] of the central locking system.",0,,,,,,,
385,385.0,13735,20797,"Burridge cost the Palace £ 40,000 when he joined the club from Aston Villa, but he became part of the Palace's best - ever defence, for the 24 League goals conceded in 1978–79 were the lowest for a single season in the club's history while John's 21 ‘ clean - sheets’ that season was also the best - ever by a goalkeeper here.",0 0 0 0 0 0 0 0 1 0 1 0 0 0 0 0 0 0 0 0 0 0 0 0 0 0 0 0 0 0 0 0 0 0 0 0 0 0 0 0 0 0 0 0 0 0 0 0 0 0 0 0 0 0 0 0 0 0 0 0 0 0 0,join the club,literal,inflection,PROPN VERB DET PROPN SYM NUM ADV PRON VERB DET NOUN ADP PROPN PROPN CCONJ PRON VERB NOUN ADP DET PROPN ADJ PUNCT ADV NOUN ADP DET NUM PROPN NOUN VERB ADP NUM VERB DET ADJ ADP DET ADJ NOUN ADP DET NOUN NOUN ADP PROPN NUM PUNCT ADJ PUNCT ADJ DET NOUN VERB ADV DET ADJ PUNCT ADV ADP DET NOUN ADV,1.0,"Burridge cost the Palace £ 40,000 when he [PET_BOUNDARY] joined the club [PET_BOUNDARY] from Aston Villa, but he became part of the Palace's best - ever defence, for the 24 League goals conceded in 1978–79 were the lowest for a single season in the club's history while John's 21 ‘ clean - sheets’ that season was also the best - ever by a goalkeeper here.",0,,,,,,,
202,202.0,7740,12124,"With inflation running at 600 %, it remains a market in which it is all too easy to get lost.",0 0 0 0 0 0 0 0 0 0 0 0 0 0 0 0 0 0 1 1,get lost,literal,identical,ADP NOUN VERB ADP NUM NOUN PRON VERB DET NOUN ADP ADJ PRON VERB ADV ADV ADJ PART VERB VERB,1.0,"With inflation running at 600 %, it remains a market in which it is all too easy to [PET_BOUNDARY] get lost. [PET_BOUNDARY]",0,,,,,,,
669,669.0,10453,16478,"He had held his Christmas court at Talmont, north of La Rochelle, and distributed gifts on a lavish scale.",0 0 1 0 0 1 0 0 0 0 0 0 0 0 0 0 0 0 0,hold court,literal,combined-inflection,PRON VERB VERB ADJ PROPN NOUN ADP PROPN NOUN ADP PROPN PROPN CCONJ VERB NOUN ADP DET ADJ NOUN,1.0,"He had [PET_BOUNDARY] held his Christmas court [PET_BOUNDARY] at Talmont, north of La Rochelle, and distributed gifts on a lavish scale.",0,,,,,,,
330,330.0,11038,17420,"The duty of every management is to conduct the business, including the price policy of the business, in the way which in the opinion of the management is likely to maximise the return on the capital invested in the business.",0 0 0 0 0 0 0 0 0 0 0 0 0 0 0 0 0 0 0 0 0 0 0 0 0 0 0 0 0 0 0 0 0 0 0 0 0 1 0 1,in business,literal,insertion-determiner,DET NOUN ADP DET NOUN VERB PART VERB DET NOUN VERB DET NOUN NOUN ADP DET NOUN ADP DET NOUN ADJ ADP DET NOUN ADP DET NOUN VERB ADJ PART VERB DET NOUN ADP DET NOUN VERB ADP DET NOUN,1.0,"The duty of every management is to conduct the business, including the price policy of the business, in the way which in the opinion of the management is likely to maximise the return on the capital invested [PET_BOUNDARY] in the business. [PET_BOUNDARY]",0,,,,,,,
273,273.0,13003,19890,The computer could be used to rescale the image pixel values so that the lowest value in the image ( 25 ) was interpolated onto the lowest value that the display system could accommodate ( 0 ) while the highest value in the raw image ( 90 ) was mapped to the maximum value that could be held at a pixel point in the image memory bank ( 255 ).,0 0 0 0 0 0 0 0 0 0 0 0 0 0 0 0 0 0 0 0 0 0 0 0 0 0 0 0 0 0 0 0 0 0 0 0 0 0 0 0 0 1 0 1 0 0 0 0 0 0 0 0 0 0 0 0 0 0 0 0 0 0 0 0 0 0 0 0 0 0,in the raw,literal,identical,DET NOUN VERB VERB VERB PART VERB DET NOUN NOUN NOUN ADP ADP DET ADJ NOUN ADP DET NOUN PUNCT NUM PUNCT VERB VERB ADP DET ADJ NOUN ADJ DET NOUN NOUN VERB VERB PUNCT PUNCT PUNCT ADP DET ADJ NOUN ADP DET ADJ NOUN PUNCT NUM PUNCT VERB VERB ADP DET ADJ NOUN ADJ VERB VERB VERB ADP DET NOUN NOUN ADP DET NOUN NOUN NOUN PUNCT NUM PUNCT,1.0,The computer could be used to rescale the image pixel values so that the lowest value in the image ( 25 ) was interpolated onto the lowest value that the display system could accommodate ( 0 ) while the highest value [PET_BOUNDARY] in the raw [PET_BOUNDARY] image ( 90 ) was mapped to the maximum value that could be held at a pixel point in the image memory bank ( 255 ).,0,,,,,,,
497,497.0,28375,42040,"Just how accurate they are was demonstrated when some birds were kept under a stationary artificial "" sun "".",0 0 0 0 0 0 0 0 0 0 0 0 1 0 0 0 0 1 0,under the sun,literal,combined-other,ADV ADV ADJ PRON VERB VERB VERB ADV DET NOUN VERB VERB ADP DET ADJ ADJ PUNCT NOUN PUNCT,1.0,"Just how accurate they are was demonstrated when some birds were kept [PET_BOUNDARY] under a stationary artificial "" sun [PET_BOUNDARY] "".",0,,,,,,,
784,784.0,17538,26686,"The ballerina Lydia Lopokova, pencil on card, 1919, by Pablo Picasso, which has been acquired by the Fitzwilliam Museum, in Cambridge.",0 0 0 0 0 1 1 0 0 0 0 0 0 0 0 0 0 0 0 0 0,on the cards,literal,combined-inflection,DET NOUN PROPN PROPN NOUN ADP NOUN NUM ADP PROPN PROPN ADJ VERB VERB VERB ADP DET PROPN PROPN ADP PROPN,1.0,"The ballerina Lydia Lopokova, pencil [PET_BOUNDARY] on card, [PET_BOUNDARY] 1919, by Pablo Picasso, which has been acquired by the Fitzwilliam Museum, in Cambridge.",0,,,,,,,
376,376.0,11111,17524,"‘ UNBELIEVABLY LUCKY,’ was how British Aerospace test pilot Peter Henley described the collision between Mosquito T.3 RR299/G - ASKH and a Belgian glider in Dutch airspace on September 20.",0 0 0 0 0 0 0 0 0 0 0 0 0 0 0 0 0 0 0 0 0 0 0 0 1 1 0 0 0 0,in dutch,literal,identical,PUNCT PROPN PROPN VERB ADV ADJ PROPN NOUN NOUN PROPN PROPN VERB DET NOUN ADP PROPN PROPN PROPN PUNCT PROPN CCONJ DET ADJ NOUN ADP ADJ NOUN ADP PROPN NUM,1.0,"‘ UNBELIEVABLY LUCKY,’ was how British Aerospace test pilot Peter Henley described the collision between Mosquito T.3 RR299/G - ASKH and a Belgian glider [PET_BOUNDARY] in Dutch [PET_BOUNDARY] airspace on September 20.",0,,,,,,,
763,763.0,24851,37147,But what about the state of the visual arts in the home of David Cox and Edward Burne - Jones?,0 0 0 0 1 1 0 0 1 0 0 0 0 0 0 0 0 0 0 0,state of the art,literal,combined-inflection,CCONJ NOUN ADP DET NOUN ADP DET ADJ NOUN ADP DET NOUN ADP PROPN PROPN CCONJ PROPN PROPN PUNCT PROPN,1.0,But what about the [PET_BOUNDARY] state of the visual arts [PET_BOUNDARY] in the home of David Cox and Edward Burne - Jones?,0,,,,,,,
714,714.0,13557,20444,At the moment that uncouth fellow is taking up quite a lot of space in all the artist's new works.,0 0 0 0 0 0 0 0 0 0 0 0 0 0 1 0 0 0 0 1,in the works,literal,combined-other,ADP DET NOUN ADP NOUN NOUN VERB VERB PART ADJ DET NOUN ADP NOUN ADP ADJ DET NOUN ADJ NOUN,1.0,At the moment that uncouth fellow is taking up quite a lot of space [PET_BOUNDARY] in all the artist's new works. [PET_BOUNDARY],0,,,,,,,
38,38.0,27640,41067,Think of a sunflower turning its flower head towards a source of light — and therefore of energy.,0 0 0 0 1 0 0 1 0 0 0 0 0 0 0 0 0 0,turn heads,literal,combined-inflection,VERB ADP DET NOUN VERB ADJ NOUN NOUN ADP DET NOUN ADP NOUN PUNCT CCONJ ADV ADP NOUN,1.0,Think of a sunflower [PET_BOUNDARY] turning its flower head [PET_BOUNDARY] towards a source of light — and therefore of energy.,0,,,,,,,
556,556.0,6369,10221,Let's fly a kite or blow some bubbles up into the sky.,0 1 0 1 0 0 0 0 0 0 0 0,fly a kite,literal,identical,VERB VERB DET NOUN CCONJ VERB DET NOUN PART ADP DET NOUN,1.0,Let's [PET_BOUNDARY] fly a kite [PET_BOUNDARY] or blow some bubbles up into the sky.,0,,,,,,,
897,897.0,16975,26040,"Weddell seals, which feed mainly on fish and squid, breed mainly on fast ice close to the shore of Antarctica and fringe islands, and spread to the pack ice in late summer.",0 0 0 0 0 0 0 0 0 0 0 1 0 1 0 0 0 0 0 0 0 0 0 0 0 0 0 0 0 0 0 0,on ice,literal,insertion-other,PROPN NOUN ADJ VERB ADV ADP NOUN CCONJ NOUN VERB ADV ADP ADJ NOUN ADV ADP DET NOUN ADP PROPN CCONJ NOUN NOUN CCONJ VERB ADP DET NOUN NOUN ADP ADJ NOUN,1.0,"Weddell seals, which feed mainly on fish and squid, breed mainly [PET_BOUNDARY] on fast ice [PET_BOUNDARY] close to the shore of Antarctica and fringe islands, and spread to the pack ice in late summer.",0,,,,,,,
343,343.0,20260,30662,It's pretty good here — they got photos of food all lit up over the counter so you can just point.,0 0 0 0 0 0 0 0 0 0 0 0 0 1 0 1 0 0 0 0 0,over the counter,literal,identical,PRON ADV ADJ ADV PUNCT PRON VERB NOUN ADP NOUN DET VERB PART ADP DET NOUN ADP PRON VERB ADV VERB,1.0,It's pretty good here — they got photos of food all lit up [PET_BOUNDARY] over the counter [PET_BOUNDARY] so you can just point.,0,,,,,,,
860,860.0,12405,19237,Both start with 24 beads and they place four in each hole on their own side of the ' board '.,0 0 0 0 0 0 0 0 0 1 0 1 0 0 0 0 0 0 0 0 0,in the hole,literal,determiner-broad,DET VERB ADP NUM NOUN CCONJ PRON VERB NUM ADP DET NOUN ADP ADJ ADJ NOUN ADP DET PUNCT NOUN PUNCT,1.0,Both start with 24 beads and they place four [PET_BOUNDARY] in each hole [PET_BOUNDARY] on their own side of the ' board '.,0,,,,,,,
157,157.0,21279,31777,"They do this because they are not as quick as the opposition and want to give themselves as much time as possible to play the ball, no matter that they also give the other player more time.",0 0 0 0 0 0 0 0 0 0 0 0 0 0 0 0 0 0 0 0 0 0 0 1 0 1 0 0 0 0 0 0 0 0 0 0 0,play ball,literal,insertion-determiner,PRON VERB DET ADP PRON VERB ADV ADV ADJ ADP DET NOUN CCONJ VERB PART VERB PRON ADV ADJ NOUN ADP ADJ PART VERB DET NOUN ADV ADV ADP PRON ADV VERB DET ADJ NOUN ADJ NOUN,1.0,"They do this because they are not as quick as the opposition and want to give themselves as much time as possible to [PET_BOUNDARY] play the ball, [PET_BOUNDARY] no matter that they also give the other player more time.",0,,,,,,,
391,391.0,11493,18325,Put these things in the black bag,0 0 0 1 0 0 1,in the bag,literal,insertion-other,VERB DET NOUN ADP DET ADJ NOUN,1.0,Put these things [PET_BOUNDARY] in the black bag [PET_BOUNDARY],0,,,,,,,
531,531.0,4142,6210,So come clean with mild soaps or non - soap moisturising ‘ body shampoos’ and bath or shower gels.,0 1 1 0 0 0 0 0 0 0 0 0 0 0 0 0 0 0 0,come clean,literal,identical,ADV VERB ADJ ADP ADJ NOUN CCONJ ADJ PUNCT NOUN VERB ADJ NOUN NOUN CCONJ NOUN CCONJ NOUN NOUN,1.0,So [PET_BOUNDARY] come clean [PET_BOUNDARY] with mild soaps or non - soap moisturising ‘ body shampoos’ and bath or shower gels.,0,,,,,,,
122,122.0,7339,11620,"Some people, for example, lie in bath tubs full of cold baked beans for days on end, while others, and this is where our interest lies, take part in Celebrity Golf Tournaments.",0 0 0 0 0 0 0 0 1 1 0 0 1 0 0 0 0 0 0 0 0 0 0 0 0 0 0 0 0 0 0 0,full of beans,literal,insertion-other,DET NOUN ADP NOUN VERB ADP NOUN NOUN ADJ ADP ADJ ADJ NOUN ADP NOUN ADP NOUN ADP NOUN CCONJ DET VERB ADV ADJ NOUN VERB VERB NOUN ADP PROPN PROPN PROPN,1.0,"Some people, for example, lie in bath tubs [PET_BOUNDARY] full of cold baked beans [PET_BOUNDARY] for days on end, while others, and this is where our interest lies, take part in Celebrity Golf Tournaments.",0,,,,,,,
742,742.0,13611,20498,"Even more important, the NVQ awards they have gained will prove that those skills can be performed in the work situation.",0 0 0 0 0 0 0 0 0 0 0 0 0 0 0 0 0 1 0 1 0,in the works,literal,inflection,ADV ADV ADJ DET PROPN NOUN PRON VERB VERB VERB VERB ADP DET NOUN VERB VERB VERB ADP DET NOUN NOUN,1.0,"Even more important, the NVQ awards they have gained will prove that those skills can be performed [PET_BOUNDARY] in the work [PET_BOUNDARY] situation.",0,,,,,,,
757,757.0,9722,15357,He said that Microsoft would like to have the dominant position in the industry that IBM had a few years ago ‘ but I don't think that will happen’.,0 0 0 0 0 0 0 0 0 0 0 0 0 0 0 0 1 0 1 0 0 0 0 0 0 0 0 0 0,have a few,literal,inflection,PRON VERB ADP PROPN VERB VERB PART VERB DET ADJ NOUN ADP DET NOUN ADP PROPN VERB DET ADJ NOUN ADV PUNCT CCONJ PRON VERB VERB DET VERB VERB,1.0,He said that Microsoft would like to have the dominant position in the industry that IBM [PET_BOUNDARY] had a few [PET_BOUNDARY] years ago ‘ but I don't think that will happen’.,0,,,,,,,
673,673.0,10005,15788,Seeing as we 've had those words for about a week I should think we do know them then.,0 0 0 0 1 0 1 0 0 0 0 0 0 0 0 0 0 0 0,have words,literal,combined-inflection,VERB ADP PRON VERB VERB DET NOUN ADP ADV DET NOUN PRON VERB VERB PRON VERB VERB PRON ADV,1.0,Seeing as we 've [PET_BOUNDARY] had those words [PET_BOUNDARY] for about a week I should think we do know them then.,0,,,,,,,
437,437.0,8624,13893,"And then we had to go straight away there and we went different places, Northampton, s you know different places in the country like, in England.",0 0 0 0 0 0 0 0 0 0 0 1 0 1 0 0 0 0 0 0 0 0 0 0 0 0,go places,literal,combined-inflection,CCONJ ADV PRON VERB PART VERB ADV ADV ADV CCONJ PRON VERB ADJ NOUN PROPN VERB PRON VERB ADJ NOUN ADP DET NOUN ADP ADP PROPN,1.0,"And then we had to go straight away there and we [PET_BOUNDARY] went different places, [PET_BOUNDARY] Northampton, s you know different places in the country like, in England.",0,,,,,,,
211,211.0,17696,26844,"The sturdy drawing room ( living - room was still an unborn word ) of Kileady was devised to accommodate and celebrate the outdoor life : many dog baskets sat on its beige carpet, many pictures by Lionel Edwards and Snaffles hung on its ivory walls.",0 0 0 0 0 0 0 0 0 0 0 0 0 0 0 0 0 0 0 0 0 0 0 0 0 0 0 0 0 0 1 0 0 1 0 0 0 0 0 0 0 0 0 0 0 0,on the carpet,literal,combined-other,DET ADJ NOUN NOUN PUNCT NOUN PUNCT NOUN VERB ADV DET ADJ NOUN PUNCT ADP PROPN VERB VERB PART VERB CCONJ VERB DET ADJ NOUN PUNCT ADJ NOUN NOUN VERB ADP ADJ ADJ NOUN ADJ NOUN ADP PROPN PROPN CCONJ PROPN VERB ADP ADJ NOUN NOUN,1.0,"The sturdy drawing room ( living - room was still an unborn word ) of Kileady was devised to accommodate and celebrate the outdoor life : many dog baskets sat [PET_BOUNDARY] on its beige carpet, [PET_BOUNDARY] many pictures by Lionel Edwards and Snaffles hung on its ivory walls.",0,,,,,,,
200,200.0,9143,14556,"AS SOME 7,000 exhausted but happy East Germans arrived in West Germany on special trains early yesterday, hundreds who missed the trains joined the queue to go west at embassies in Prague and Warsaw.",0 0 0 0 0 0 0 0 0 0 0 0 0 0 0 0 0 0 0 0 0 0 0 0 0 0 1 1 0 0 0 0 0 0,go west,literal,identical,ADP DET NUM ADJ CCONJ ADJ PROPN PROPN VERB ADP PROPN PROPN ADP ADJ NOUN ADJ NOUN NOUN NOUN VERB DET NOUN VERB DET NOUN PART VERB NOUN ADP NOUN ADP PROPN CCONJ PROPN,1.0,"AS SOME 7,000 exhausted but happy East Germans arrived in West Germany on special trains early yesterday, hundreds who missed the trains joined the queue to [PET_BOUNDARY] go west [PET_BOUNDARY] at embassies in Prague and Warsaw.",0,,,,,,,
675,675.0,7447,11767,Is it bad to game on a laptop while its charging?,0 0 0 0 1 1 0 0 0 0 0,game on,literal,identical,VERB PRON ADJ PART VERB ADP DET NOUN ADP ADJ NOUN,1.0,Is it bad to [PET_BOUNDARY] game on [PET_BOUNDARY] a laptop while its charging?,0,,,,,,,
43,43.0,7435,11755,Jordan called incorrectly and cup holders Rangers will stage the game on their own ground 24 hours after Hibernian and Dundee United clash in the other semi - final at Tynecastle.,0 0 0 0 0 0 0 0 0 0 1 1 0 0 0 0 0 0 0 0 0 0 0 0 0 0 0 0 0 0 0,game on,literal,identical,PROPN VERB ADV CCONJ NOUN NOUN PROPN VERB VERB DET NOUN ADP ADJ ADJ NOUN NUM NOUN ADP PROPN CCONJ PROPN PROPN VERB ADP DET ADJ NOUN PUNCT ADJ ADP PROPN,1.0,Jordan called incorrectly and cup holders Rangers will stage the [PET_BOUNDARY] game on [PET_BOUNDARY] their own ground 24 hours after Hibernian and Dundee United clash in the other semi - final at Tynecastle.,0,,,,,,,
68,68.0,15561,23791,"And there these twelve men and two boys, who, with nothing much but bare hands, the sailor man's gift for improvisation, and their indomitable guts, had fought sea and fire for their ship and won, were cared for and each of them given his heart's desire.",0 0 0 0 1 1 0 1 0 0 0 0 0 0 0 0 0 0 0 0 0 0 0 0 0 0 0 0 0 0 0 0 0 0 0 0 0 0 0 0 0 0 0 0 0 0,man and boy,literal,combined-inflection,CCONJ ADV DET NUM NOUN CCONJ NUM NOUN NOUN ADP NOUN ADJ CCONJ ADJ NOUN DET NOUN NOUN NOUN ADP NOUN CCONJ ADJ ADJ NOUN VERB VERB NOUN CCONJ NOUN ADP ADJ NOUN CCONJ VERB VERB VERB ADP CCONJ DET ADP PRON VERB ADJ NOUN NOUN,1.0,"And there these twelve [PET_BOUNDARY] men and two boys, [PET_BOUNDARY] who, with nothing much but bare hands, the sailor man's gift for improvisation, and their indomitable guts, had fought sea and fire for their ship and won, were cared for and each of them given his heart's desire.",0,,,,,,,
398,398.0,4066,6134,The image of the cold wrinkled feet on the glimmering thresholds and the steam from the dim fields again shows Tithonus hopeless situation.,0 0 0 0 1 0 1 0 0 0 0 0 0 0 0 0 0 0 0 0 0 0 0,cold feet,literal,insertion-other,DET NOUN ADP DET ADJ VERB NOUN ADP DET VERB NOUN CCONJ DET NOUN ADP DET ADJ NOUN ADV VERB PROPN ADJ NOUN,1.0,The image of the [PET_BOUNDARY] cold wrinkled feet [PET_BOUNDARY] on the glimmering thresholds and the steam from the dim fields again shows Tithonus hopeless situation.,0,,,,,,,
872,872.0,13470,20357,The sherry in the clear soup put him out entirely.,0 0 1 0 0 1 0 0 0 0,in the soup,literal,insertion-other,DET NOUN ADP DET ADJ NOUN VERB PRON PART ADV,1.0,The sherry [PET_BOUNDARY] in the clear soup [PET_BOUNDARY] put him out entirely.,0,,,,,,,
374,374.0,19862,30104,"The door of the phone box opened, giving her the chance she wanted to break off and, cutting short Myra's eager question, she stepped out of the box almost into Roman's embrace.",0 0 0 0 0 0 0 0 0 0 0 0 0 0 0 0 0 0 0 0 0 0 0 0 1 1 0 1 0 0 0 0,out of the box,literal,identical,DET NOUN ADP DET NOUN NOUN VERB VERB PRON DET NOUN PRON VERB PART VERB PART CCONJ VERB ADJ PROPN ADJ NOUN PRON VERB ADP ADP DET NOUN ADV ADP PROPN NOUN,1.0,"The door of the phone box opened, giving her the chance she wanted to break off and, cutting short Myra's eager question, she stepped [PET_BOUNDARY] out of the box [PET_BOUNDARY] almost into Roman's embrace.",0,,,,,,,
447,447.0,17942,27230,He was interested in building a table skittle game and requesting information on the game and the availability of plans to build one.,0 0 0 0 0 0 0 0 0 0 0 0 1 0 1 0 0 0 0 0 0 0 0,on the game,literal,identical,PRON VERB ADJ ADP VERB DET NOUN NOUN NOUN CCONJ VERB NOUN ADP DET NOUN CCONJ DET NOUN ADP NOUN PART VERB NUM,1.0,He was interested in building a table skittle game and requesting information [PET_BOUNDARY] on the game [PET_BOUNDARY] and the availability of plans to build one.,0,,,,,,,
311,311.0,27712,41139,"Turning my head to gaze at life,",1 0 1 0 0 0 0,turn heads,literal,combined-inflection,VERB ADJ NOUN PART NOUN ADP NOUN,1.0,"[PET_BOUNDARY] Turning my head [PET_BOUNDARY] to gaze at life,",0,,,,,,,
917,917.0,18784,28073,For a sickening moment he swung wildly on the rope and one of his feet slipped a few inches down the wall.,0 0 0 0 0 0 0 1 0 1 0 0 0 0 0 0 0 0 0 0 0 0,on the ropes,literal,inflection,ADP DET ADJ NOUN PRON VERB ADV ADP DET NOUN CCONJ NUM ADP ADJ NOUN VERB DET ADJ NOUN ADP DET NOUN,1.0,For a sickening moment he swung wildly [PET_BOUNDARY] on the rope [PET_BOUNDARY] and one of his feet slipped a few inches down the wall.,0,,,,,,,
253,253.0,16150,25092,He actually picked up Angy's phone … it was off the hook and covered in blood as if she 'd tried to use it to call for help.,0 0 0 0 0 0 0 0 0 1 0 1 0 0 0 0 0 0 0 0 0 0 0 0 0 0 0 0,off the hook,literal,identical,PRON ADV VERB PART PROPN NOUN PUNCT PRON VERB ADP DET NOUN CCONJ VERB ADP NOUN ADP ADP PRON VERB VERB PART VERB PRON PART VERB ADP NOUN,1.0,He actually picked up Angy's phone … it was [PET_BOUNDARY] off the hook [PET_BOUNDARY] and covered in blood as if she 'd tried to use it to call for help.,0,,,,,,,
44,44.0,9870,15507,It was like in films when people have a heart attack — they mumble something which seems very important to them but which no - one can understand.,0 0 0 0 0 0 0 1 0 1 0 0 0 0 0 0 0 0 0 0 0 0 0 0 0 0 0 0,have a heart,literal,identical,PRON VERB ADP ADP NOUN ADV NOUN VERB DET NOUN NOUN PUNCT PRON ADJ NOUN ADJ VERB ADV ADJ ADP PRON CCONJ ADJ DET PUNCT NOUN VERB VERB,1.0,It was like in films when people [PET_BOUNDARY] have a heart [PET_BOUNDARY] attack — they mumble something which seems very important to them but which no - one can understand.,0,,,,,,,
640,640.0,11384,18216,"I once knitted almost half of the front of a sweater in tuck stitch, continually dropping stitches and muttering at all the time I was spending picking them up.",0 0 0 0 0 0 0 0 0 0 0 1 0 1 0 0 0 0 0 0 0 0 0 0 0 0 0 0 0,in stitches,literal,combined-inflection,PRON ADV VERB ADV NOUN ADP DET NOUN ADP DET NOUN ADP NOUN NOUN ADV VERB NOUN CCONJ VERB ADP ADJ DET NOUN PRON VERB VERB VERB PRON PART,1.0,"I once knitted almost half of the front of a sweater [PET_BOUNDARY] in tuck stitch, [PET_BOUNDARY] continually dropping stitches and muttering at all the time I was spending picking them up.",0,,,,,,,
451,451.0,7750,12134,‘ All the electricity's got lost.’,0 0 0 0 1 1,get lost,literal,combined-inflection,PUNCT ADJ DET NOUN VERB NOUN,1.0,‘ All the electricity's [PET_BOUNDARY] got lost.’ [PET_BOUNDARY],0,,,,,,,
159,159.0,3812,5707,"In erm Romans chapter three and verse twenty seven it says that er Jesus died for our sins and I 'd just like to leave this thought with you, that n er just like me, when I could have died the other week in that plane crash, that none of us knows how long we 've got on this life and, however long or short it is, there's no time like the present to get right with God if you, if you aren't and the only way to do that is through Jesus.",0 0 0 1 0 1 1 0 0 0 0 0 0 0 0 0 0 0 0 0 0 0 0 0 0 0 0 0 0 0 0 0 0 0 0 0 0 0 0 0 0 0 0 0 0 0 0 0 0 0 0 0 0 0 0 0 0 0 0 0 0 0 0 0 0 0 0 0 0 0 0 0 0 0 0 0 0 0 0 0 0 0 0 0 0 0 0 0 0 0 0 0 0,chapter and verse,literal,insertion-other,ADP ADJ PROPN NOUN NUM CCONJ NOUN NUM NUM PRON VERB ADP INTJ PROPN VERB ADP ADJ NOUN CCONJ PRON VERB ADV VERB PART VERB DET NOUN ADP PRON ADP CCONJ INTJ ADV ADP PRON ADV PRON VERB VERB VERB DET ADJ NOUN ADP DET NOUN NOUN ADP NOUN ADP PRON VERB ADV ADV PRON VERB VERB ADP DET NOUN CCONJ ADV ADJ CCONJ ADJ PRON VERB ADV DET NOUN ADP DET NOUN PART VERB ADJ ADP PROPN ADP PRON ADP PRON VERB CCONJ DET ADJ NOUN PART VERB DET VERB ADP PROPN,1.0,"In erm Romans [PET_BOUNDARY] chapter three and verse [PET_BOUNDARY] twenty seven it says that er Jesus died for our sins and I 'd just like to leave this thought with you, that n er just like me, when I could have died the other week in that plane crash, that none of us knows how long we 've got on this life and, however long or short it is, there's no time like the present to get right with God if you, if you aren't and the only way to do that is through Jesus.",0,,,,,,,
824,824.0,9780,15415,"Such excitements are rare ; The Hague has a few clubs and theatres and it will soon have its own ballet company, but for the most part the Hagenaars, as the residents are known, spend their evenings at home and retire at a respectable hour.",0 0 0 0 0 0 0 1 0 1 0 0 0 0 0 0 0 0 0 0 0 0 0 0 0 0 0 0 0 0 0 0 0 0 0 0 0 0 0 0 0 0 0 0 0,have a few,literal,inflection,ADJ NOUN VERB ADJ PUNCT DET PROPN VERB DET ADJ NOUN CCONJ NOUN CCONJ PRON VERB ADV VERB ADJ ADJ NOUN NOUN CCONJ ADP DET ADJ NOUN DET PROPN ADP DET NOUN VERB VERB VERB ADJ NOUN ADP NOUN CCONJ NOUN ADP DET ADJ NOUN,1.0,"Such excitements are rare ; The Hague [PET_BOUNDARY] has a few [PET_BOUNDARY] clubs and theatres and it will soon have its own ballet company, but for the most part the Hagenaars, as the residents are known, spend their evenings at home and retire at a respectable hour.",0,,,,,,,
568,568.0,25005,37423,She pulled off a fluffy piece and with sticky fingers offered it to Uncle Albert.,0 0 0 0 0 0 0 0 1 1 0 0 0 0 0,sticky fingers,literal,identical,PRON VERB PART DET ADJ NOUN CCONJ ADP ADJ NOUN VERB PRON ADP PROPN PROPN,1.0,She pulled off a fluffy piece and with [PET_BOUNDARY] sticky fingers [PET_BOUNDARY] offered it to Uncle Albert.,0,,,,,,,
268,268.0,5017,8049,"I 'm doing the right thing, thought Lee.",0 0 1 0 1 1 0 0,do the right thing,literal,inflection,PRON VERB VERB DET ADJ NOUN VERB PROPN,1.0,"I 'm [PET_BOUNDARY] doing the right thing, [PET_BOUNDARY] thought Lee.",0,,,,,,,
676,676.0,16835,25900,Tommy Johnson put the visitors ahead in the 28th minute and they went further ahead in the 40th minute when Swindon player - manager Glenn Hoddle fouled Martin Kuhl on the edge of the area and Mark Pembridge blasted the free kick into the net.,0 0 0 0 0 0 0 0 0 0 0 0 0 0 0 0 0 0 0 0 0 0 0 0 0 0 0 0 0 1 0 1 0 0 0 0 0 0 0 0 0 0 0 0 0,on edge,literal,insertion-determiner,PROPN PROPN VERB DET NOUN ADV ADP DET ADJ NOUN CCONJ PRON VERB ADV ADV ADP DET ADJ NOUN ADV PROPN NOUN PUNCT NOUN PROPN PROPN VERB PROPN PROPN ADP DET NOUN ADP DET NOUN CCONJ PROPN PROPN VERB DET ADJ NOUN ADP DET NOUN,1.0,Tommy Johnson put the visitors ahead in the 28th minute and they went further ahead in the 40th minute when Swindon player - manager Glenn Hoddle fouled Martin Kuhl [PET_BOUNDARY] on the edge [PET_BOUNDARY] of the area and Mark Pembridge blasted the free kick into the net.,0,,,,,,,
764,764.0,11577,18409,"I found a pattern of hers, jacket in white in that bag what for a cardigan I wanted to do for school",0 0 0 0 0 0 0 0 0 1 0 1 0 0 0 0 0 0 0 0 0 0,in the bag,literal,determiner-narrow,PRON VERB DET NOUN ADP PRON NOUN ADP NOUN ADP DET NOUN NOUN ADP DET NOUN PRON VERB PART VERB ADP NOUN,1.0,"I found a pattern of hers, jacket in white [PET_BOUNDARY] in that bag [PET_BOUNDARY] what for a cardigan I wanted to do for school",0,,,,,,,
180,180.0,8080,12661,"See if I can find you a picture of a of a, I 've got a picture of a Roman legionnaire here but not the standard bearer.",0 0 0 0 0 0 0 0 0 0 0 0 0 0 1 0 1 0 0 0 0 0 0 0 0 0 0,get the picture,literal,combined-inflection,VERB ADP PRON VERB VERB PRON DET NOUN ADP DET ADP DET PRON VERB VERB DET NOUN ADP DET ADJ NOUN ADV CCONJ ADV DET ADJ NOUN,1.0,"See if I can find you a picture of a of a, I 've [PET_BOUNDARY] got a picture [PET_BOUNDARY] of a Roman legionnaire here but not the standard bearer.",0,,,,,,,
377,377.0,9712,15347,"Archibald Campbell of Port Ellen tells that they built their own houses on their holdings and "" nearly all the householders in the village have one cow. """,0 0 0 0 0 0 0 0 0 0 0 0 0 0 0 0 0 0 0 0 0 0 0 0 1 0 1 0,have a cow,literal,determiner-broad,PROPN PROPN ADP PROPN PROPN VERB ADP PRON VERB ADJ ADJ NOUN ADP ADJ NOUN CCONJ PUNCT ADV ADJ DET NOUN ADP DET NOUN VERB NUM NOUN PUNCT,1.0,"Archibald Campbell of Port Ellen tells that they built their own houses on their holdings and "" nearly all the householders in the village [PET_BOUNDARY] have one cow. [PET_BOUNDARY] """,0,,,,,,,
109,109.0,17060,26125,"My Lords, I beg leave to ask the question standing in my name on the Order Paper.",0 0 0 0 0 0 0 0 0 0 0 0 0 1 0 0 1,on paper,literal,combined-other,ADJ PROPN PRON VERB VERB PART VERB DET NOUN VERB ADP ADJ NOUN ADP DET PROPN PROPN,1.0,"My Lords, I beg leave to ask the question standing in my name [PET_BOUNDARY] on the Order Paper. [PET_BOUNDARY]",0,,,,,,,
290,290.0,3863,5810,All the basic elements of drama are present to an extent in children's own play.,0 0 0 0 0 0 0 0 0 0 0 0 1 0 1,child's play,literal,misc,ADJ DET ADJ NOUN ADP NOUN VERB ADJ ADP DET NOUN ADP NOUN ADJ NOUN,1.0,All the basic elements of drama are present to an extent in [PET_BOUNDARY] children's own play. [PET_BOUNDARY],0,,,,,,,
294,294.0,18898,28187,"Now the next thing erm, on the same page was, having taken away the, th th the non fee earning elements it actually pushed, and I 'm looking at your revised sheet now",0 0 0 0 0 1 0 1 1 0 0 0 0 0 0 0 0 0 0 0 0 0 0 0 0 0 0 0 0 0 0 0 0,on the same page,literal,identical,ADV DET ADJ NOUN NOUN ADP DET ADJ NOUN VERB VERB VERB ADV DET X X DET ADJ NOUN NOUN NOUN PRON ADV VERB CCONJ PRON VERB VERB ADP ADJ ADJ NOUN ADV,1.0,"Now the next thing erm, [PET_BOUNDARY] on the same page [PET_BOUNDARY] was, having taken away the, th th the non fee earning elements it actually pushed, and I 'm looking at your revised sheet now",0,,,,,,,
724,724.0,27793,41383,"She went towards the house to say goodbye to Stella, and as she turned the corner of the building she almost collided with Luke.",0 0 0 0 0 0 0 0 0 0 0 0 0 1 0 1 0 0 0 0 0 0 0 0,turn the corner,literal,inflection,PRON VERB ADP DET NOUN PART VERB NOUN ADP PROPN CCONJ ADP PRON VERB DET NOUN ADP DET NOUN PRON ADV VERB ADP PROPN,1.0,"She went towards the house to say goodbye to Stella, and as she [PET_BOUNDARY] turned the corner [PET_BOUNDARY] of the building she almost collided with Luke.",0,,,,,,,
331,331.0,9281,14824,When a guest checks in the receptionist allocates a room showing a green light ; he or she presses a switch and the green light goes off on the board as well as on the cashier's and housekeeper's boards.,0 0 0 0 0 0 0 0 0 0 0 0 0 0 0 0 0 0 0 0 0 0 0 1 1 0 0 0 0 0 0 0 0 0 0 0 0 0 0,green light,literal,identical,ADV DET NOUN NOUN ADP DET NOUN VERB DET NOUN VERB DET ADJ NOUN PUNCT PRON CCONJ PRON VERB DET NOUN CCONJ DET ADJ NOUN VERB PART ADP DET NOUN ADV ADV ADP ADP DET NOUN CCONJ NOUN NOUN,1.0,When a guest checks in the receptionist allocates a room showing a green light ; he or she presses a switch and the [PET_BOUNDARY] green light [PET_BOUNDARY] goes off on the board as well as on the cashier's and housekeeper's boards.,0,,,,,,,
632,632.0,21574,32207,"All that was generally required of Gabriel was to point a finger, or spread his arms ; to stand up majestically, or fling himself forward into a flying harness high above the stage.",0 0 0 0 0 0 0 0 0 1 0 1 0 0 0 0 0 0 0 0 0 0 0 0 0 0 0 0 0 0 0 0 0,point the finger,literal,determiner-narrow,DET ADJ VERB ADV VERB ADP PROPN VERB PART VERB DET NOUN CCONJ VERB ADJ NOUN PUNCT PART VERB PART ADV CCONJ VERB PRON ADV ADP DET VERB NOUN ADV ADP DET NOUN,1.0,"All that was generally required of Gabriel was to [PET_BOUNDARY] point a finger, [PET_BOUNDARY] or spread his arms ; to stand up majestically, or fling himself forward into a flying harness high above the stage.",0,,,,,,,
129,129.0,13158,20045,Students ' Book develops situations in the running of a small company ; workbook introduces additional practice.,0 0 0 0 0 1 0 1 0 0 0 0 0 0 0 0 0,in the running,literal,identical,NOUN PART NOUN VERB NOUN ADP DET NOUN ADP DET ADJ NOUN PUNCT ADJ NOUN ADJ NOUN,1.0,Students ' Book develops situations [PET_BOUNDARY] in the running [PET_BOUNDARY] of a small company ; workbook introduces additional practice.,0,,,,,,,
789,789.0,13142,20029,Patients are at the bottom of the pecking order and have very little say in the running of services.,0 0 0 0 0 0 0 0 0 0 0 0 0 0 1 0 1 0 0,in the running,literal,identical,NOUN VERB ADP DET NOUN ADP DET VERB NOUN CCONJ VERB ADV ADJ NOUN ADP DET NOUN ADP NOUN,1.0,Patients are at the bottom of the pecking order and have very little say [PET_BOUNDARY] in the running [PET_BOUNDARY] of services.,0,,,,,,,
661,661.0,16547,25515,"Then she put on her old brown coat, and her old brown hat, turned, and left the room.",0 0 0 0 0 0 0 0 0 0 1 0 1 0 0 0 0 0,old hat,literal,insertion-other,ADV PRON VERB PART ADJ ADJ ADJ NOUN CCONJ ADJ ADJ ADJ NOUN VERB CCONJ VERB DET NOUN,1.0,"Then she put on her old brown coat, and her [PET_BOUNDARY] old brown hat, [PET_BOUNDARY] turned, and left the room.",0,,,,,,,
810,810.0,22424,33572,"He eventually gave this one up and left them both threatening the car park attendant, but it took him half an hour to cross the street and ring the bell at No. 3.",0 0 0 0 0 0 0 0 0 0 0 0 0 0 0 0 0 0 0 0 0 0 0 0 0 0 0 1 0 1 0 0 0,ring a bell,literal,determiner-narrow,PRON ADV VERB DET NOUN PART CCONJ VERB PRON DET VERB DET NOUN NOUN NOUN CCONJ PRON VERB PRON ADJ DET NOUN PART VERB DET NOUN CCONJ VERB DET NOUN ADP NOUN NUM,1.0,"He eventually gave this one up and left them both threatening the car park attendant, but it took him half an hour to cross the street and [PET_BOUNDARY] ring the bell [PET_BOUNDARY] at No. 3.",0,,,,,,,
931,931.0,21931,32676,' Anybody could 've gone outside and pulled a plug out of the wall and the show would 've been off the air A lot of people probably wish they had. ',0 0 0 0 0 0 0 1 0 1 0 0 0 0 0 0 0 0 0 0 0 0 0 0 0 0 0 0 0 0 0 0,pull the plug,literal,combined-inflection,PUNCT NOUN VERB VERB VERB ADV CCONJ VERB DET NOUN ADP ADP DET NOUN CCONJ DET NOUN VERB VERB VERB ADP DET NOUN DET NOUN ADP NOUN ADV VERB PRON VERB PUNCT,1.0,' Anybody could 've gone outside and [PET_BOUNDARY] pulled a plug [PET_BOUNDARY] out of the wall and the show would 've been off the air A lot of people probably wish they had. ',0,,,,,,,
318,318.0,9132,14545,I suppose it's all East if you go that far West.,0 0 0 0 0 0 0 1 0 0 1,go west,literal,combined-other,PRON VERB PRON DET PROPN ADP PRON VERB ADP ADV PROPN,1.0,I suppose it's all East if you [PET_BOUNDARY] go that far West. [PET_BOUNDARY],0,,,,,,,
116,116.0,16485,25433,"With respect to this presentation, many eyes will be drawn off the ' window ' wall where a series of ' stacker 'shelves has been cleverly employed to present a ' three - dimensional'array of aero engines running from ABC and Gnome to Avon and RB.211.",0 0 0 0 0 0 0 0 0 0 1 0 0 0 0 1 0 0 0 0 0 0 0 0 0 0 0 0 0 0 0 0 0 0 0 0 0 0 0 0 0 0 0 0 0 0,off the wall,literal,combined-other,ADP NOUN ADP DET NOUN ADJ NOUN VERB VERB VERB PART DET PUNCT NOUN PUNCT NOUN ADV DET NOUN ADP PUNCT NOUN NOUN VERB VERB ADV VERB PART VERB DET PUNCT NUM PUNCT NOUN ADP NOUN NOUN VERB ADP PROPN CCONJ PROPN ADP PROPN CCONJ PROPN,1.0,"With respect to this presentation, many eyes will be drawn [PET_BOUNDARY] off the ' window ' wall [PET_BOUNDARY] where a series of ' stacker 'shelves has been cleverly employed to present a ' three - dimensional'array of aero engines running from ABC and Gnome to Avon and RB.211.",0,,,,,,,
911,911.0,11300,17902,"Read had not been particularly interested in my political book ( which I had submitted to him in fulfilment of the option clause in my contract with Routledge, so I got together some more representative pieces and sent them to Eliot, no least because he had published my article on ' Philosophy and Politics ' in The Criterion, and because I had again spoken about my plans at our first meeting after the war.",0 0 0 0 0 0 1 1 0 1 0 0 0 0 0 0 0 0 0 0 0 0 0 0 0 0 0 0 0 0 0 0 0 0 0 0 0 0 0 0 0 0 0 0 0 0 0 0 0 0 0 0 0 0 0 0 0 0 0 0 0 0 0 0 0 0 0 0 0 0 0 0 0 0,in my book,literal,insertion-other,PROPN VERB ADV VERB ADV ADJ ADP ADJ ADJ NOUN PUNCT ADJ PRON VERB VERB ADP PRON ADP NOUN ADP DET NOUN NOUN ADP ADJ NOUN ADP PROPN CCONJ PRON VERB ADV DET ADV ADJ NOUN CCONJ VERB PRON ADP PROPN ADV ADJ ADP PRON VERB VERB ADJ NOUN ADP PUNCT PROPN CCONJ PROPN PUNCT ADP PROPN PROPN CCONJ ADP PRON VERB ADV VERB ADP ADJ NOUN ADP ADJ ADJ NOUN ADP DET NOUN,1.0,"Read had not been particularly interested [PET_BOUNDARY] in my political book [PET_BOUNDARY] ( which I had submitted to him in fulfilment of the option clause in my contract with Routledge, so I got together some more representative pieces and sent them to Eliot, no least because he had published my article on ' Philosophy and Politics ' in The Criterion, and because I had again spoken about my plans at our first meeting after the war.",0,,,,,,,
215,215.0,25293,37834,' And take baths together in the candlelight? ',0 0 1 1 0 0 0 0 0,take a bath,literal,deletion-determiner,PUNCT CCONJ VERB NOUN ADV ADP DET NOUN PUNCT,1.0,' And [PET_BOUNDARY] take baths [PET_BOUNDARY] together in the candlelight? ',0,,,,,,,
56,56.0,19666,29815,It wasn't until she was completely out of his sight that she allowed herself to break into a swift trot.,0 0 0 0 0 0 1 1 0 1 0 0 0 0 0 0 0 0 0 0,out of sight,literal,insertion-other,PRON VERB ADP PRON VERB ADV ADP ADP ADJ NOUN ADP PRON VERB PRON PART VERB ADP DET ADJ NOUN,1.0,It wasn't until she was completely [PET_BOUNDARY] out of his sight [PET_BOUNDARY] that she allowed herself to break into a swift trot.,0,,,,,,,
649,649.0,23664,35229,Aunt Sara wasn't feeling well ; she came downstairs and saw a light in father's office … ',0 0 0 0 0 0 0 0 0 0 1 0 1 0 0 0 0 0,see the light,literal,combined-inflection,PROPN PROPN VERB VERB ADV PUNCT PRON VERB ADV CCONJ VERB DET NOUN ADP NOUN NOUN PUNCT PUNCT,1.0,Aunt Sara wasn't feeling well ; she came downstairs and [PET_BOUNDARY] saw a light [PET_BOUNDARY] in father's office … ',0,,,,,,,
647,647.0,17509,26657,"You can withdraw cash from your High Interest Cheque Account ; transfer money to and from both your HICA and Current Account ; find out the balances, or order detailed statements on your HICA Card, together with your PIN ( Personal Number ), at most Midland self - service banking machines.",0 0 0 0 0 0 0 0 0 0 0 0 0 0 0 0 0 0 0 0 0 0 0 0 0 0 0 0 0 0 0 1 0 0 1 0 0 0 0 0 0 0 0 0 0 0 0 0 0 0 0,on the cards,literal,combined-inflection,PRON VERB VERB NOUN ADP ADJ ADJ NOUN NOUN PROPN PUNCT VERB NOUN ADP CCONJ ADP DET ADJ PROPN CCONJ ADJ PROPN PUNCT VERB PART DET NOUN CCONJ VERB ADJ NOUN ADP ADJ PROPN NOUN ADV ADP ADJ NOUN PUNCT PROPN PROPN PUNCT ADP ADJ PROPN NOUN PUNCT NOUN NOUN NOUN,1.0,"You can withdraw cash from your High Interest Cheque Account ; transfer money to and from both your HICA and Current Account ; find out the balances, or order detailed statements [PET_BOUNDARY] on your HICA Card, [PET_BOUNDARY] together with your PIN ( Personal Number ), at most Midland self - service banking machines.",0,,,,,,,
66,66.0,1103,1476,Israel's Debacle at Sea,0 0 1 1,at sea,literal,case,PROPN NOUN ADP PROPN,1.0,Israel's Debacle [PET_BOUNDARY] at Sea [PET_BOUNDARY],0,,,,,,,
59,59.0,18266,27555,"The Society of Motor Manufacturers and Traders states that conversion costs between £ 5 and £ 35, depending on the make and registration of your car.",0 0 0 0 0 0 0 0 0 0 0 0 0 0 0 0 0 0 1 0 1 0 0 0 0 0,on the make,literal,identical,DET PROPN ADP PROPN PROPN CCONJ PROPN VERB ADP NOUN VERB ADP SYM NUM CCONJ SYM NUM VERB ADP DET NOUN CCONJ NOUN ADP ADJ NOUN,1.0,"The Society of Motor Manufacturers and Traders states that conversion costs between £ 5 and £ 35, depending [PET_BOUNDARY] on the make [PET_BOUNDARY] and registration of your car.",0,,,,,,,
46,46.0,21970,32763,"There was a strong smell of fuel, and the water was like ice round my feet as I pushed the boat out before jumping in … ’",0 0 0 0 0 0 0 0 0 0 0 0 0 0 0 0 0 0 1 0 1 1 0 0 0 0 0,push the boat out,literal,inflection,ADV VERB DET ADJ NOUN ADP NOUN CCONJ DET NOUN VERB ADP NOUN ADP ADJ NOUN ADP PRON VERB DET NOUN PART ADP VERB PART PUNCT PUNCT,1.0,"There was a strong smell of fuel, and the water was like ice round my feet as I [PET_BOUNDARY] pushed the boat out [PET_BOUNDARY] before jumping in … ’",0,,,,,,,
191,191.0,11639,18471,A man dressed in black and white is dropping the tennis racket and is waiting for the ball,0 0 0 1 1 0 0 0 0 0 0 0 0 0 0 0 0 0,in the black,literal,deletion-determiner,DET NOUN VERB ADP ADJ CCONJ ADJ VERB VERB DET NOUN NOUN CCONJ VERB VERB ADP DET NOUN,1.0,A man dressed [PET_BOUNDARY] in black [PET_BOUNDARY] and white is dropping the tennis racket and is waiting for the ball,0,,,,,,,
630,630.0,9856,15493,Then very shortly after her birth on New Year's Day it was realised she had a heart problem.,0 0 0 0 0 0 0 0 0 0 0 0 0 0 1 0 1 0,have a heart,literal,inflection,ADV ADV ADV ADP ADJ NOUN ADP PROPN PROPN NOUN PRON VERB VERB PRON VERB DET NOUN NOUN,1.0,Then very shortly after her birth on New Year's Day it was realised she [PET_BOUNDARY] had a heart [PET_BOUNDARY] problem.,0,,,,,,,
40,40.0,28758,42677,"The northern ( and earlier ) approach was by passes across the Ural mountains to the lower reaches of the river Obn and thence down the Ob Gulf by boat to the mouth of the Tazn which was ascended as far as a portage to the lower Yenisei ; from there they followed an eastward course up the Lower Tunguska river, crossing a portage to the Vilyui and so to the Lena.",0 0 0 0 0 0 0 0 0 0 0 0 0 0 0 0 0 0 0 0 0 0 0 0 0 0 0 0 0 0 0 0 0 0 0 0 0 0 0 0 0 0 0 0 0 0 0 0 0 0 0 0 0 0 0 0 1 0 0 0 1 0 0 0 0 0 0 0 0 0 0 0,up the river,literal,insertion-other,DET ADJ PUNCT CCONJ ADV PUNCT NOUN VERB ADP NOUN ADP DET PROPN NOUN ADP DET ADJ NOUN ADP DET NOUN PROPN CCONJ NOUN PART DET PROPN PROPN ADP NOUN ADP DET NOUN ADP DET PROPN ADJ VERB VERB ADV ADV ADP DET NOUN ADP DET ADJ PROPN PUNCT ADP ADV PRON VERB DET ADJ NOUN ADP DET ADJ PROPN NOUN VERB DET NOUN ADP DET PROPN CCONJ ADV ADP DET PROPN,1.0,"The northern ( and earlier ) approach was by passes across the Ural mountains to the lower reaches of the river Obn and thence down the Ob Gulf by boat to the mouth of the Tazn which was ascended as far as a portage to the lower Yenisei ; from there they followed an eastward course [PET_BOUNDARY] up the Lower Tunguska river, [PET_BOUNDARY] crossing a portage to the Vilyui and so to the Lena.",0,,,,,,,
926,926.0,7985,12566,"Colin, did you get boots?",0 0 0 1 1,get the boot,literal,deletion-determiner,PROPN VERB PRON VERB NOUN,1.0,"Colin, did you [PET_BOUNDARY] get boots? [PET_BOUNDARY]",0,,,,,,,
263,263.0,8853,14146,"‘ I 'll go straight up and pack,’ Jessamy said in a subdued voice.",0 0 0 1 1 0 0 0 0 0 0 0 0 0,go straight,literal,identical,PUNCT PRON VERB VERB ADV ADV CCONJ NOUN PROPN VERB ADP DET ADJ NOUN,1.0,"‘ I 'll [PET_BOUNDARY] go straight [PET_BOUNDARY] up and pack,’ Jessamy said in a subdued voice.",0,,,,,,,
907,907.0,27120,40414,"However Shamir's formal reply on June 6 to Bush's letter rejected Bush's compromise, according to press reports, and accused Arab countries of "" derailing the real purpose "" of the proposed conference.",0 0 0 0 0 0 0 1 0 1 0 0 0 0 0 0 0 0 0 0 0 0 0 0 0 0 0 0 0 0 0 0,to the letter,literal,combined-other,ADV PROPN ADJ NOUN ADP PROPN NUM ADP PROPN NOUN VERB PROPN NOUN VERB ADP NOUN NOUN CCONJ VERB ADJ NOUN ADP PUNCT VERB DET ADJ NOUN PUNCT ADP DET VERB NOUN,1.0,"However Shamir's formal reply on June 6 [PET_BOUNDARY] to Bush's letter [PET_BOUNDARY] rejected Bush's compromise, according to press reports, and accused Arab countries of "" derailing the real purpose "" of the proposed conference.",0,,,,,,,
747,747.0,17395,26543,"Now, pedicures is really a manicure of the toes, but what we do with a pedicure, we actually rub away the hard skin that you may have on the bottom of your feet, on the side of your big toe, that's usually where it builds up, or on the ball of the foot.",0 0 0 0 0 0 0 0 0 0 0 0 0 0 0 0 0 0 0 0 0 0 0 0 0 0 0 0 0 0 0 0 0 0 0 0 0 0 0 0 0 0 0 0 0 0 0 1 0 1 0 0 0,on the ball,literal,identical,ADV NOUN VERB ADV DET NOUN ADP DET NOUN CCONJ NOUN PRON VERB ADP DET NOUN PRON ADV VERB PART DET ADJ NOUN ADJ PRON VERB VERB ADP DET NOUN ADP ADJ NOUN ADP DET NOUN ADP ADJ ADJ NOUN DET ADV ADV PRON VERB PART CCONJ ADP DET NOUN ADP DET NOUN,1.0,"Now, pedicures is really a manicure of the toes, but what we do with a pedicure, we actually rub away the hard skin that you may have on the bottom of your feet, on the side of your big toe, that's usually where it builds up, or [PET_BOUNDARY] on the ball [PET_BOUNDARY] of the foot.",0,,,,,,,
443,443.0,8100,12681,"Erm, Derek said, and Derek said that erm that he now hoping you 'd go down and stay when they get naughty pictures!",0 0 0 0 0 0 0 0 0 0 0 0 0 0 0 0 0 0 0 0 1 0 1,get the picture,literal,determiner-broad,PROPN PROPN VERB CCONJ PROPN VERB ADP NOUN ADP PRON ADV VERB PRON VERB VERB PART CCONJ VERB ADV PRON VERB ADJ NOUN,1.0,"Erm, Derek said, and Derek said that erm that he now hoping you 'd go down and stay when they [PET_BOUNDARY] get naughty pictures! [PET_BOUNDARY]",0,,,,,,,
508,508.0,21939,32684,"The most coward and yet everybody you spoke to s s thought that was a good thing, because they believed everything they saw on television right until the girl that was the actress that cried on television and said he pulled the plugs out of the incubators for the babies, and she was an actress and yet that was head headline news.",0 0 0 0 0 0 0 0 0 0 0 0 0 0 0 0 0 0 0 0 0 0 0 0 0 0 0 0 0 0 0 0 0 0 0 0 0 0 0 0 1 0 1 0 0 0 0 0 0 0 0 0 0 0 0 0 0 0 0 0 0 0,pull the plug,literal,inflection,DET ADV NOUN CCONJ ADV NOUN PRON VERB ADP PRON PART VERB ADJ VERB DET ADJ NOUN ADP PRON VERB NOUN PRON VERB ADP NOUN NOUN ADP DET NOUN ADJ VERB DET NOUN ADJ VERB ADP NOUN CCONJ VERB PRON VERB DET NOUN ADP ADP DET NOUN ADP DET NOUN CCONJ PRON VERB DET NOUN CCONJ ADV DET VERB NOUN NOUN NOUN,1.0,"The most coward and yet everybody you spoke to s s thought that was a good thing, because they believed everything they saw on television right until the girl that was the actress that cried on television and said he [PET_BOUNDARY] pulled the plugs [PET_BOUNDARY] out of the incubators for the babies, and she was an actress and yet that was head headline news.",0,,,,,,,
408,408.0,18809,28098,"The ruling PSOE retained an effective majority of one, however, because one HB deputy, Angel Alcalde, who was on the run from the police, had not taken up his seat.",0 0 0 0 0 0 0 0 0 0 0 0 0 0 0 0 0 0 1 0 1 0 0 0 0 0 0 0 0 0,on the run,literal,identical,DET VERB PROPN VERB DET ADJ NOUN ADP NUM ADV ADP NUM PROPN NOUN PROPN PROPN NOUN VERB ADP DET NOUN ADP DET NOUN VERB ADV VERB PART ADJ NOUN,1.0,"The ruling PSOE retained an effective majority of one, however, because one HB deputy, Angel Alcalde, who was [PET_BOUNDARY] on the run [PET_BOUNDARY] from the police, had not taken up his seat.",0,,,,,,,
424,424.0,28481,42146,"The big cat climbed stiffly down off the desk and squatted on a box of cat - sand under a corner table, staring straight ahead with a sublime conviction that it was invisible.",0 0 0 0 0 0 0 0 0 0 0 0 0 0 0 0 0 0 1 0 0 1 0 0 0 0 0 0 0 0 0 0 0,under the table,literal,combined-other,DET ADJ NOUN VERB ADV ADV ADP DET NOUN CCONJ VERB ADP DET NOUN ADP NOUN PUNCT NOUN ADP DET NOUN NOUN VERB ADV ADV ADP DET ADJ NOUN ADP PRON VERB ADJ,1.0,"The big cat climbed stiffly down off the desk and squatted on a box of cat - sand [PET_BOUNDARY] under a corner table, [PET_BOUNDARY] staring straight ahead with a sublime conviction that it was invisible.",0,,,,,,,
523,523.0,17792,26940,"In the following account, localities for vegetation types have been given where these are present on the dot maps of the NVC.",0 0 0 0 0 0 0 0 0 0 0 0 0 0 0 1 0 1 0 0 0 0,on the dot,literal,identical,ADP DET VERB NOUN NOUN ADP NOUN NOUN VERB VERB VERB ADV DET VERB ADJ ADP DET NOUN NOUN ADP DET PROPN,1.0,"In the following account, localities for vegetation types have been given where these are present [PET_BOUNDARY] on the dot [PET_BOUNDARY] maps of the NVC.",0,,,,,,,
31,31.0,9380,14923,When I get tired I stop at green lights — I 'm always doing that.,0 0 0 0 0 0 0 1 1 0 0 0 0 0 0,green light,literal,inflection,ADV PRON VERB ADJ PRON VERB ADP ADJ NOUN PUNCT PRON VERB ADV VERB DET,1.0,When I get tired I stop at [PET_BOUNDARY] green lights [PET_BOUNDARY] — I 'm always doing that.,0,,,,,,,
698,698.0,17606,26754,"Besides a full set of stamps mounted on card and protected by a transparent sleeve, each pack opens up to reveal a wealth of information, accompanied by full - colour illustrations.",0 0 0 0 0 0 0 1 1 0 0 0 0 0 0 0 0 0 0 0 0 0 0 0 0 0 0 0 0 0 0,on the cards,literal,combined-inflection,ADP DET ADJ NOUN ADP NOUN VERB ADP NOUN CCONJ VERB ADP DET ADJ NOUN DET NOUN VERB PART PART VERB DET NOUN ADP NOUN VERB ADP ADJ PUNCT NOUN NOUN,1.0,"Besides a full set of stamps mounted [PET_BOUNDARY] on card [PET_BOUNDARY] and protected by a transparent sleeve, each pack opens up to reveal a wealth of information, accompanied by full - colour illustrations.",0,,,,,,,
63,63.0,22501,33649,And now to a village where the church bells have been rung properly for the first time in twenty years.,0 0 0 0 0 0 0 0 1 0 0 1 0 0 0 0 0 0 0 0,ring a bell,literal,misc,CCONJ ADV ADP DET NOUN ADV DET NOUN NOUN VERB VERB VERB ADV ADP DET ADJ NOUN ADP NUM NOUN,1.0,And now to a village where the church [PET_BOUNDARY] bells have been rung [PET_BOUNDARY] properly for the first time in twenty years.,0,,,,,,,
834,834.0,22213,33303,The Red Kite is one of the rare bird species protected in rural Wales,0 0 0 0 0 0 0 1 1 0 0 0 0 0,rare bird,literal,identical,DET PROPN PROPN VERB NUM ADP DET ADJ NOUN NOUN VERB ADP ADJ PROPN,1.0,The Red Kite is one of the [PET_BOUNDARY] rare bird [PET_BOUNDARY] species protected in rural Wales,0,,,,,,,
690,690.0,26992,40286,"Without silicon, plant growth is retarded and animals do not grow properly ( they also suffer damage to their bones and cartilage ).",0 0 0 0 0 0 0 0 0 0 0 0 0 0 0 0 0 1 0 1 0 0 0,to the bone,literal,determiner-broad,ADP NOUN NOUN NOUN VERB ADJ CCONJ NOUN VERB ADV VERB ADV PUNCT PRON ADV VERB NOUN ADP ADJ NOUN CCONJ NOUN PUNCT,1.0,"Without silicon, plant growth is retarded and animals do not grow properly ( they also suffer damage [PET_BOUNDARY] to their bones [PET_BOUNDARY] and cartilage ).",0,,,,,,,
852,852.0,13046,19933,"These, too, are in red, and gold embossed with the ACCOUNTANCY logo and Institute crest.",0 0 0 1 1 0 0 0 0 0 0 0 0 0 0,in the red,literal,deletion-determiner,DET ADV VERB ADP ADJ CCONJ NOUN VERB ADP DET PROPN NOUN CCONJ PROPN NOUN,1.0,"These, too, are [PET_BOUNDARY] in red, [PET_BOUNDARY] and gold embossed with the ACCOUNTANCY logo and Institute crest.",0,,,,,,,
1,1.0,17945,27233,JOHNNY Ekstrom last night begged Chelsea boss Ian Porterfield : ' Please don't judge me on this game. ',0 0 0 0 0 0 0 0 0 0 0 0 0 0 0 1 0 1 0,on the game,literal,determiner-narrow,PROPN PROPN ADJ NOUN VERB PROPN NOUN PROPN PROPN PUNCT PUNCT INTJ VERB VERB PRON ADP DET NOUN PUNCT,1.0,JOHNNY Ekstrom last night begged Chelsea boss Ian Porterfield : ' Please don't judge me [PET_BOUNDARY] on this game. [PET_BOUNDARY] ',0,,,,,,,
918,918.0,12055,18887,"Nestling peacefully amongst the mine sweepers and patrol vessels in Albert Dock was the P&O Thames sailing barge, Will, dressed overall with flags and used for a variety of on board functions during her stay.",0 0 0 0 0 0 0 0 0 1 0 1 0 0 0 0 0 0 0 0 0 0 0 0 0 0 0 0 0 0 0 0 0 0 0,in the dock,literal,combined-other,VERB ADV ADP DET ADJ NOUN CCONJ NOUN NOUN ADP PROPN PROPN VERB DET PROPN PROPN NOUN NOUN VERB VERB ADV ADP NOUN CCONJ VERB ADP DET NOUN ADP ADP NOUN NOUN ADP ADJ NOUN,1.0,"Nestling peacefully amongst the mine sweepers and patrol vessels [PET_BOUNDARY] in Albert Dock [PET_BOUNDARY] was the P&O Thames sailing barge, Will, dressed overall with flags and used for a variety of on board functions during her stay.",0,,,,,,,
490,490.0,14436,21952,"The females, some of whom are the size of a dustbin lid, lay their eggs in the sand under about 18 in ( 45 cm ) of water.",0 0 0 0 0 0 0 0 0 0 0 0 1 0 1 0 0 0 0 0 0 0 0 0 0 0 0 0,lay an egg,literal,determiner-broad,DET NOUN DET ADP NOUN VERB DET NOUN ADP DET NOUN NOUN VERB ADJ NOUN ADP DET NOUN ADP ADV NUM ADP PUNCT NUM NOUN PUNCT ADP NOUN,1.0,"The females, some of whom are the size of a dustbin lid, [PET_BOUNDARY] lay their eggs [PET_BOUNDARY] in the sand under about 18 in ( 45 cm ) of water.",0,,,,,,,
880,880.0,21611,32244,"Though I warn you, ' he added menacingly, pointing one long brown finger at her, ' if you persist in upsetting her I will not hesitate to punish you even though I know how this hurts.",0 0 0 0 0 0 0 0 1 0 0 0 1 0 0 0 0 0 0 0 0 0 0 0 0 0 0 0 0 0 0 0 0 0 0 0,point the finger,literal,combined-inflection,ADP PRON VERB PRON PUNCT PRON VERB ADV VERB NUM ADJ ADJ NOUN ADP PRON PUNCT ADP PRON VERB ADP VERB PRON PRON VERB ADV VERB PART VERB PRON ADV ADP PRON VERB ADV DET VERB,1.0,"Though I warn you, ' he added menacingly, [PET_BOUNDARY] pointing one long brown finger [PET_BOUNDARY] at her, ' if you persist in upsetting her I will not hesitate to punish you even though I know how this hurts.",0,,,,,,,
395,395.0,18584,27873,Three times the waves nearly broke the boat on the rock.,0 0 0 0 0 0 0 0 1 0 1,on the rocks,literal,inflection,NUM NOUN DET NOUN ADV VERB DET NOUN ADP DET NOUN,1.0,Three times the waves nearly broke the boat [PET_BOUNDARY] on the rock. [PET_BOUNDARY],0,,,,,,,
345,345.0,13114,20001,' Is it available in red? ',0 0 0 0 1 1 0,in the red,literal,deletion-determiner,PUNCT VERB PRON ADJ ADP ADJ PUNCT,1.0,' Is it available [PET_BOUNDARY] in red? [PET_BOUNDARY] ',0,,,,,,,
231,231.0,10501,16548,Goreng held up his right hand.,0 1 0 1 0 1,hold someone's hand,literal,combined-inflection,PROPN VERB PART ADJ ADJ NOUN,1.0,Goreng [PET_BOUNDARY] held up his right hand. [PET_BOUNDARY],0,,,,,,,
64,64.0,10705,16879,‘ I screwed her in a hot - air balloon.,0 0 0 0 0 0 1 0 1 0,hot air,literal,dashes,PUNCT PRON VERB PRON ADP DET ADJ PUNCT NOUN NOUN,1.0,‘ I screwed her in a [PET_BOUNDARY] hot - air [PET_BOUNDARY] balloon.,0,,,,,,,
337,337.0,4811,7773,"In 1889 the railways supplied half the 44,969 tonnes of dead meat and half the 8,013 tonnes of cheese imported into the capital, almost all the 20,899 tonnes of poultry and game and the 15,694 tonnes of fruit and vegetables, and all the 25,215 tonnes of fish, the 12,076 tonnes of eggs, and the 5,790 tonnes of mussels.",0 0 0 0 0 0 0 0 0 0 1 1 0 0 0 0 0 0 0 0 0 0 0 0 0 0 0 0 0 0 0 0 0 0 0 0 0 0 0 0 0 0 0 0 0 0 0 0 0 0 0 0 0 0 0 0 0 0,dead meat,literal,identical,ADP NUM DET NOUN VERB ADJ DET NUM NOUN ADP ADJ NOUN CCONJ ADJ DET NUM NOUN ADP NOUN VERB ADP DET NOUN ADV ADJ DET NUM NOUN ADP NOUN CCONJ NOUN CCONJ DET NUM NOUN ADP NOUN CCONJ NOUN CCONJ ADJ DET NUM NOUN ADP NOUN DET NUM NOUN ADP NOUN CCONJ DET NUM NOUN ADP NOUN,1.0,"In 1889 the railways supplied half the 44,969 tonnes of [PET_BOUNDARY] dead meat [PET_BOUNDARY] and half the 8,013 tonnes of cheese imported into the capital, almost all the 20,899 tonnes of poultry and game and the 15,694 tonnes of fruit and vegetables, and all the 25,215 tonnes of fish, the 12,076 tonnes of eggs, and the 5,790 tonnes of mussels.",0,,,,,,,
699,699.0,24635,36708,They 'll have the black spot on me by then.,0 0 0 0 0 1 1 0 0 0,spot on,literal,identical,PRON VERB VERB DET ADJ NOUN ADP PRON ADP ADV,1.0,They 'll have the black [PET_BOUNDARY] spot on [PET_BOUNDARY] me by then.,0,,,,,,,
730,730.0,13032,19919,"A small window, rather high up in the wall facing the door, was glazed in frosted glass with a single pane above of the stained kind in a dark purplish - red.",0 0 0 0 0 0 0 0 0 0 0 0 0 0 0 0 0 0 0 0 0 0 0 0 0 0 1 0 0 0 0 1,in the red,literal,combined-other,DET ADJ NOUN ADV ADJ PART ADP DET NOUN VERB DET NOUN VERB VERB ADP VERB NOUN ADP DET ADJ NOUN ADP ADP DET VERB NOUN ADP DET ADJ ADJ PUNCT NOUN,1.0,"A small window, rather high up in the wall facing the door, was glazed in frosted glass with a single pane above of the stained kind [PET_BOUNDARY] in a dark purplish - red. [PET_BOUNDARY]",0,,,,,,,
589,589.0,18646,27935,"One of the first things to catch the visitor's eye when starting down from the castle esplanade is a cannonball lodged in the wall of a house, believed to have been fired from the castle at Holyroodhouse in 1745 when anti - Jacobite forces on the Castle Rock were at odds with Prince Charles Edward at the lower end of the town.",0 0 0 0 0 0 0 0 0 0 0 0 0 0 0 0 0 0 0 0 0 0 0 0 0 0 0 0 0 0 0 0 0 0 0 0 0 0 0 0 0 0 0 0 1 0 0 1 0 0 0 0 0 0 0 0 0 0 0 0 0 0,on the rocks,literal,combined-inflection,NUM ADP DET ADJ NOUN PART VERB DET NOUN NOUN ADV VERB PART ADP DET ADJ NOUN VERB DET NOUN VERB ADP DET NOUN ADP DET NOUN VERB PART VERB VERB VERB ADP DET NOUN ADP PROPN ADP NUM ADV ADV PUNCT ADJ NOUN ADP DET PROPN PROPN VERB ADP NOUN ADP PROPN PROPN PROPN ADP DET ADJ NOUN ADP DET NOUN,1.0,"One of the first things to catch the visitor's eye when starting down from the castle esplanade is a cannonball lodged in the wall of a house, believed to have been fired from the castle at Holyroodhouse in 1745 when anti - Jacobite forces [PET_BOUNDARY] on the Castle Rock [PET_BOUNDARY] were at odds with Prince Charles Edward at the lower end of the town.",0,,,,,,,
429,429.0,29135,43547,Next to the notice was a fat man in blue dungarees and a white hard hat.,0 0 0 0 0 0 0 0 0 0 0 0 0 1 0 1,white hat,literal,insertion-other,ADP ADP DET NOUN VERB DET ADJ NOUN ADP ADJ NOUN CCONJ DET ADJ ADJ NOUN,1.0,Next to the notice was a fat man in blue dungarees and a [PET_BOUNDARY] white hard hat. [PET_BOUNDARY],0,,,,,,,
423,423.0,22417,33565,"One becomes accustomed to constantly ringing church bells and clocks — our local church clock chimes up to six, then at 7 o'clock it begins again, requiring a mathematical feat to work out the correct time.",0 0 0 0 0 1 0 1 0 0 0 0 0 0 0 0 0 0 0 0 0 0 0 0 0 0 0 0 0 0 0 0 0 0 0 0,ring a bell,literal,combined-inflection,PRON VERB ADJ ADP ADV VERB NOUN NOUN CCONJ NOUN PUNCT ADJ ADJ NOUN NOUN VERB ADP ADP NUM ADV ADP NUM NOUN PRON VERB ADV VERB DET ADJ NOUN PART VERB PART DET ADJ NOUN,1.0,"One becomes accustomed to constantly [PET_BOUNDARY] ringing church bells [PET_BOUNDARY] and clocks — our local church clock chimes up to six, then at 7 o'clock it begins again, requiring a mathematical feat to work out the correct time.",0,,,,,,,
713,713.0,11982,18814,There's a marina down in the docks!,0 0 0 0 1 0 1,in the dock,literal,inflection,ADV DET NOUN ADV ADP DET NOUN,1.0,There's a marina down [PET_BOUNDARY] in the docks! [PET_BOUNDARY],0,,,,,,,
654,654.0,20925,31411,Robins picked a piece up off the beach.,0 1 0 1 1 0 0 0,pick up the pieces,literal,misc,PROPN VERB DET NOUN ADP ADP DET NOUN,1.0,Robins [PET_BOUNDARY] picked a piece up [PET_BOUNDARY] off the beach.,0,,,,,,,
555,555.0,16902,25967,She sat down on the edge of the worktop.,0 0 0 1 0 1 0 0 0,on edge,literal,insertion-determiner,PRON VERB PART ADP DET NOUN ADP DET NOUN,1.0,She sat down [PET_BOUNDARY] on the edge [PET_BOUNDARY] of the worktop.,0,,,,,,,
432,432.0,2296,3349,"But when they were switched on they blew the main fuses, which deprived them of lighting for the day and taught them why they had to rely on coal fires.",0 0 0 0 0 0 0 1 0 0 1 0 0 0 0 0 0 0 0 0 0 0 0 0 0 0 0 0 0 0,blow a fuse,literal,combined-inflection,CCONJ ADV PRON VERB VERB ADP PRON VERB DET ADJ NOUN ADJ VERB PRON ADP VERB ADP DET NOUN CCONJ VERB PRON ADV PRON VERB PART VERB ADP NOUN NOUN,1.0,"But when they were switched on they [PET_BOUNDARY] blew the main fuses, [PET_BOUNDARY] which deprived them of lighting for the day and taught them why they had to rely on coal fires.",0,,,,,,,
279,279.0,23613,35178,If we look out at the sky why can't we see stars during the day?,0 0 0 0 0 0 0 0 0 0 1 1 0 0 0,see stars,literal,identical,ADP PRON VERB PART ADP DET NOUN ADV VERB PRON VERB NOUN ADP DET NOUN,1.0,If we look out at the sky why can't we [PET_BOUNDARY] see stars [PET_BOUNDARY] during the day?,0,,,,,,,
278,278.0,11754,18586,My feet are tangled in old cans and cardboard boxes.,0 0 0 0 1 0 1 0 0 0,in the can,literal,determiner-broad,ADJ NOUN VERB VERB ADP ADJ NOUN CCONJ NOUN NOUN,1.0,My feet are tangled [PET_BOUNDARY] in old cans [PET_BOUNDARY] and cardboard boxes.,0,,,,,,,
614,614.0,5484,8625,Yeah down the other tube and into the what's the thingumajiggy?,0 1 0 0 1 0 0 0 0 0 0,down the tubes,literal,combined-inflection,INTJ ADP DET ADJ NOUN CCONJ ADP DET NOUN DET NOUN,1.0,Yeah [PET_BOUNDARY] down the other tube [PET_BOUNDARY] and into the what's the thingumajiggy?,0,,,,,,,
49,49.0,816,1096,"Some embody traditional notions of justice, such as the rule that a statute is presumed not to be retrospective ( except in procedural matters ).",0 0 0 0 0 0 0 1 0 1 0 0 0 0 0 0 0 0 0 0 0 0 0 0 0,as a rule,literal,determiner-narrow,DET VERB ADJ NOUN ADP NOUN ADJ ADP DET NOUN ADP DET NOUN VERB VERB ADV PART VERB ADJ PUNCT ADP ADP ADJ NOUN PUNCT,1.0,"Some embody traditional notions of justice, such [PET_BOUNDARY] as the rule [PET_BOUNDARY] that a statute is presumed not to be retrospective ( except in procedural matters ).",0,,,,,,,
863,863.0,21284,31782,"Stuttgart coach Christophe Daum had named Chapman as his side's biggest worry after the pre - season Makita tournament at Elland Road, saying : ' He is so dangerous when the ball is played into him in the air, and I don't think we are able to cope with that. '",0 0 0 0 0 0 0 0 0 0 0 0 0 0 0 0 0 0 0 0 0 0 0 0 0 0 0 0 0 0 0 1 0 1 0 0 0 0 0 0 0 0 0 0 0 0 0 0 0 0 0,play ball,literal,misc,PROPN NOUN PROPN PROPN VERB VERB PROPN ADP ADJ NOUN ADJ NOUN ADP DET ADJ PUNCT NOUN PROPN NOUN ADP PROPN PROPN VERB PUNCT PUNCT PRON VERB ADV ADJ ADV DET NOUN VERB VERB ADP PRON ADP DET NOUN CCONJ PRON VERB VERB PRON VERB ADJ PART VERB ADP DET PUNCT,1.0,"Stuttgart coach Christophe Daum had named Chapman as his side's biggest worry after the pre - season Makita tournament at Elland Road, saying : ' He is so dangerous when the [PET_BOUNDARY] ball is played [PET_BOUNDARY] into him in the air, and I don't think we are able to cope with that. '",0,,,,,,,
416,416.0,10194,16172,"A third variation is the degree of supplier participation in engineering, which is highest in Japan and lowest in the US.",0 0 0 0 0 0 0 0 0 0 0 0 0 1 0 0 1 1 0 0 0,high and low,literal,misc,DET ADJ NOUN VERB DET NOUN ADP NOUN NOUN ADP NOUN ADJ VERB ADJ ADP PROPN CCONJ ADJ ADP DET PROPN,1.0,"A third variation is the degree of supplier participation in engineering, which is [PET_BOUNDARY] highest in Japan and lowest [PET_BOUNDARY] in the US.",0,,,,,,,
20,20.0,18001,27289,An eerie blast on a horn signalled the start of the ceremony and the crowd became silent.,0 0 0 1 0 1 0 0 0 0 0 0 0 0 0 0 0,on the horn,literal,determiner-narrow,DET ADJ NOUN ADP DET NOUN VERB DET NOUN ADP DET NOUN CCONJ DET NOUN VERB ADJ,1.0,An eerie blast [PET_BOUNDARY] on a horn [PET_BOUNDARY] signalled the start of the ceremony and the crowd became silent.,0,,,,,,,
373,373.0,18695,27984,"He was working at present on the rocks at the north - west point, which were only accessible at low tide, or from a boat.",0 0 0 0 0 1 0 1 0 0 0 0 0 0 0 0 0 0 0 0 0 0 0 0 0,on the rocks,literal,identical,PRON VERB VERB ADP NOUN ADP DET NOUN ADP DET NOUN PUNCT NOUN NOUN ADJ VERB ADV ADJ ADP ADJ NOUN CCONJ ADP DET NOUN,1.0,"He was working at present [PET_BOUNDARY] on the rocks [PET_BOUNDARY] at the north - west point, which were only accessible at low tide, or from a boat.",0,,,,,,,
96,96.0,18765,28054,"Thankfully he went up to it, getting a grip on its side ropes as he surfaced.",0 0 0 0 0 0 0 0 0 1 0 0 1 0 0 0,on the ropes,literal,combined-other,ADV PRON VERB PART ADP PRON VERB DET NOUN ADP ADJ NOUN NOUN ADP PRON VERB,1.0,"Thankfully he went up to it, getting a grip [PET_BOUNDARY] on its side ropes [PET_BOUNDARY] as he surfaced.",0,,,,,,,
893,893.0,8090,12671,You get yes you do you get pictures of pop stars and that in The,0 0 0 0 0 0 1 1 0 0 0 0 0 0 0,get the picture,literal,deletion-determiner,PRON VERB INTJ PRON VERB PRON VERB NOUN ADP NOUN NOUN CCONJ ADP ADP DET,1.0,You get yes you do you [PET_BOUNDARY] get pictures [PET_BOUNDARY] of pop stars and that in The,0,,,,,,,
818,818.0,28297,41962,"In the FAP cases, minute adenomas and single gland adenomas, which could not be detected by naked eye, were easily recognised under the dissecting microscope ( Fig 2 ).",0 0 0 0 0 0 0 0 0 0 0 0 0 0 0 0 0 0 0 0 0 1 0 0 1 0 0 0 0,under the microscope,literal,insertion-other,ADP DET PROPN NOUN NOUN NOUN CCONJ ADJ NOUN NOUN ADJ VERB ADV VERB VERB ADP ADJ NOUN VERB ADV VERB ADP DET NOUN NOUN PUNCT PROPN NUM PUNCT,1.0,"In the FAP cases, minute adenomas and single gland adenomas, which could not be detected by naked eye, were easily recognised [PET_BOUNDARY] under the dissecting microscope [PET_BOUNDARY] ( Fig 2 ).",0,,,,,,,
441,441.0,25354,37939,‘ Could you not take a powder?,0 0 0 0 1 0 1,take a powder,literal,identical,PUNCT VERB PRON ADV VERB DET NOUN,1.0,‘ Could you not [PET_BOUNDARY] take a powder? [PET_BOUNDARY],0,,,,,,,
363,363.0,3128,4817,"Mr Winner, most of whose efforts with the camera thus far have been studies of his girlfriend, actress Jenny Seagrove, was paid £ 200 by the book's publishers for his Gielgud picture.",0 0 0 0 0 0 0 0 0 0 0 0 0 0 0 0 0 0 0 0 0 0 0 0 1 0 1 0 0 0 0 0,by the book,literal,identical,PROPN PROPN ADJ ADP ADJ NOUN ADP DET NOUN ADV ADV VERB VERB NOUN ADP ADJ NOUN NOUN PROPN PROPN VERB VERB SYM NUM ADP DET NOUN NOUN ADP ADJ PROPN NOUN,1.0,"Mr Winner, most of whose efforts with the camera thus far have been studies of his girlfriend, actress Jenny Seagrove, was paid £ 200 [PET_BOUNDARY] by the book's [PET_BOUNDARY] publishers for his Gielgud picture.",0,,,,,,,
804,804.0,12765,19613,"power circuits are now in ring mains, where the cable is in a continuous loop starting and finishing at the consumer unit.",0 0 0 0 0 0 0 0 0 0 0 1 0 0 1 0 0 0 0 0 0 0,in the loop,literal,combined-other,NOUN NOUN VERB ADV ADP NOUN NOUN ADV DET NOUN VERB ADP DET ADJ NOUN VERB CCONJ VERB ADP DET NOUN NOUN,1.0,"power circuits are now in ring mains, where the cable is [PET_BOUNDARY] in a continuous loop [PET_BOUNDARY] starting and finishing at the consumer unit.",0,,,,,,,
498,498.0,26979,40273,Our own arm bones correspond roughly to the bird wing bones.,0 0 0 0 0 0 1 0 0 0 1,to the bone,literal,combined-inflection,ADJ ADJ NOUN NOUN VERB ADV ADP DET NOUN NOUN NOUN,1.0,Our own arm bones correspond roughly [PET_BOUNDARY] to the bird wing bones. [PET_BOUNDARY],0,,,,,,,
601,601.0,3990,6012,Close shaves,1 1,close shave,literal,combined-inflection,ADJ NOUN,1.0,[PET_BOUNDARY] Close shaves [PET_BOUNDARY],0,,,,,,,
71,71.0,18376,27665,"Er how did he expect the poor the people to live and pay mortgage and er, you know all this and that on dole money!",0 0 0 0 0 0 0 0 0 0 0 0 0 0 0 0 0 0 0 0 0 0 1 0 1,on the money,literal,determiner-broad,INTJ ADV VERB PRON VERB DET ADJ DET NOUN PART VERB CCONJ VERB NOUN CCONJ INTJ PRON VERB ADJ DET CCONJ ADP ADP ADJ NOUN,1.0,"Er how did he expect the poor the people to live and pay mortgage and er, you know all this and that [PET_BOUNDARY] on dole money! [PET_BOUNDARY]",0,,,,,,,
380,380.0,27847,41437,"As he turned the corner into Bridgefoot Street he stopped, daunted by the steep slope before him.",0 0 1 0 1 0 0 0 0 0 0 0 0 0 0 0 0,turn the corner,literal,inflection,ADP PRON VERB DET NOUN ADP PROPN PROPN PRON VERB VERB ADP DET ADJ NOUN ADP PRON,1.0,"As he [PET_BOUNDARY] turned the corner [PET_BOUNDARY] into Bridgefoot Street he stopped, daunted by the steep slope before him.",0,,,,,,,
808,808.0,19507,29272,"At this she opened her bleared eyes wide, and cast a sinister glance first at me and then at the old man.",0 0 0 1 1 0 1 0 0 0 0 0 0 0 0 0 0 0 0 0 0 0,open someone's eyes,literal,combined-inflection,ADP DET PRON VERB ADJ ADJ NOUN ADJ CCONJ VERB DET ADJ NOUN ADV ADP PRON CCONJ ADV ADP DET ADJ NOUN,1.0,"At this she [PET_BOUNDARY] opened her bleared eyes [PET_BOUNDARY] wide, and cast a sinister glance first at me and then at the old man.",0,,,,,,,
455,455.0,23656,35221,"S. H. Patrolling up Prescot Road during the war, if I saw a light on, I used to shout, ' Put that bloody light out, ' and if nobody put the light out, we used to let fly with a brick.",0 0 0 0 0 0 0 0 0 0 0 1 0 1 0 0 0 0 0 0 0 0 0 0 0 0 0 0 0 0 0 0 0 0 0 0 0 0 0 0 0,see the light,literal,combined-inflection,PROPN PROPN PROPN ADP PROPN PROPN ADP DET NOUN ADP PRON VERB DET NOUN PART PRON VERB PART VERB PUNCT VERB DET ADJ NOUN PART PUNCT CCONJ ADP NOUN VERB DET NOUN PART PRON VERB PART VERB VERB ADP DET NOUN,1.0,"S. H. Patrolling up Prescot Road during the war, if I [PET_BOUNDARY] saw a light [PET_BOUNDARY] on, I used to shout, ' Put that bloody light out, ' and if nobody put the light out, we used to let fly with a brick.",0,,,,,,,
890,890.0,17455,26603,She brought a window down by pressing on a button.,0 0 0 0 0 0 0 1 0 1,on the button,literal,determiner-narrow,PRON VERB DET NOUN ADV ADP VERB ADP DET NOUN,1.0,She brought a window down by pressing [PET_BOUNDARY] on a button. [PET_BOUNDARY],0,,,,,,,
392,392.0,20484,30886,Scatter the mangetouts over the top and cook for a further 1½ — 2 minutes or until brilliant green.,0 0 0 1 0 1 0 0 0 0 0 0 0 0 0 0 0 0 0,over the top,literal,identical,VERB DET NOUN ADP DET NOUN CCONJ VERB ADP DET ADJ NUM PUNCT NUM NOUN CCONJ ADP ADJ NOUN,1.0,Scatter the mangetouts [PET_BOUNDARY] over the top [PET_BOUNDARY] and cook for a further 1½ — 2 minutes or until brilliant green.,0,,,,,,,
877,877.0,28674,42592,"We heard, like Tom, ‘ the skylark saying his matins high up in the air’.",0 0 0 0 0 0 0 0 0 0 0 1 1 0 1,up in the air,literal,dashes,PRON VERB ADP PROPN PUNCT DET NOUN VERB ADJ NOUN ADV ADV ADP DET NOUN,1.0,"We heard, like Tom, ‘ the skylark saying his matins high [PET_BOUNDARY] up in the air’. [PET_BOUNDARY]",0,,,,,,,
205,205.0,10838,17035,"Just smash the lock, what they do, what, what that cop told us, oh that looks nice Joyce, they just erm get her things, put it on wall like that and then they just start it with wires, but it, that's what they trying to do with ours, but er they 've either, either been disturbed or erm they, they took theirs, Monday night in all that fog",0 0 0 0 0 0 0 0 0 0 0 0 0 0 0 0 0 0 0 0 0 0 0 0 0 0 0 0 0 0 0 0 0 0 0 0 0 0 0 0 0 0 0 0 0 0 0 0 0 0 0 0 0 0 0 0 0 0 0 0 0 0 0 0 1 0 0 1,in a fog,literal,combined-other,ADV VERB DET NOUN NOUN PRON VERB NOUN NOUN DET NOUN VERB PRON INTJ DET VERB ADJ PROPN PRON ADV ADV VERB ADJ NOUN VERB PRON ADP NOUN ADP DET CCONJ ADV PRON ADV VERB PRON ADP NOUN CCONJ PRON DET NOUN PRON VERB PART VERB ADP NOUN CCONJ INTJ PRON VERB DET CCONJ VERB VERB CCONJ NOUN PRON PRON VERB PRON PROPN NOUN ADP DET DET NOUN,1.0,"Just smash the lock, what they do, what, what that cop told us, oh that looks nice Joyce, they just erm get her things, put it on wall like that and then they just start it with wires, but it, that's what they trying to do with ours, but er they 've either, either been disturbed or erm they, they took theirs, Monday night [PET_BOUNDARY] in all that fog [PET_BOUNDARY]",0,,,,,,,
885,885.0,19160,28449,"The figure is Sien, painfully stripped naked, her bony shanks drawn up as she squats on a sawn - off dead tree stump.",0 0 0 0 0 0 0 0 0 0 0 0 0 0 0 1 0 0 0 0 0 0 1,on the stump,literal,combined-other,DET NOUN VERB PROPN ADV VERB ADJ ADJ NOUN NOUN VERB PART ADP PRON VERB ADP DET NOUN PUNCT PART ADJ NOUN NOUN,1.0,"The figure is Sien, painfully stripped naked, her bony shanks drawn up as she squats [PET_BOUNDARY] on a sawn - off dead tree stump. [PET_BOUNDARY]",0,,,,,,,
621,621.0,27659,41086,Rune must have read her guilt and disappointment as she turned her head away from him.,0 0 0 0 0 0 0 0 0 0 1 0 1 0 0 0,turn heads,literal,combined-inflection,PROPN VERB VERB VERB ADJ NOUN CCONJ NOUN ADP PRON VERB ADJ NOUN ADV ADP PRON,1.0,Rune must have read her guilt and disappointment as she [PET_BOUNDARY] turned her head [PET_BOUNDARY] away from him.,0,,,,,,,
141,141.0,18672,27961,The 500 ft Demetrius was driven ashore and broke its back on the rocks in a Force 11 gale as it was being towed to port the week before Christmas.,0 0 0 0 0 0 0 0 0 0 0 1 0 1 0 0 0 0 0 0 0 0 0 0 0 0 0 0 0 0,on the rocks,literal,identical,DET NUM PROPN PROPN VERB VERB ADV CCONJ VERB ADJ NOUN ADP DET NOUN ADP DET PROPN NUM NOUN ADP PRON VERB VERB VERB PART VERB DET NOUN ADP PROPN,1.0,The 500 ft Demetrius was driven ashore and broke its back [PET_BOUNDARY] on the rocks [PET_BOUNDARY] in a Force 11 gale as it was being towed to port the week before Christmas.,0,,,,,,,
23,23.0,12363,19195,How do you get twenty for that one when it went in that hole?,0 0 0 0 0 0 0 0 0 0 0 1 0 1,in the hole,literal,determiner-narrow,ADV VERB PRON VERB NUM ADP DET NOUN ADV PRON VERB ADP DET NOUN,1.0,How do you get twenty for that one when it went [PET_BOUNDARY] in that hole? [PET_BOUNDARY],0,,,,,,,
545,545.0,28489,42154,Ruth's toes curled under the table.,0 0 0 1 0 1,under the table,literal,identical,PROPN NOUN VERB ADP DET NOUN,1.0,Ruth's toes curled [PET_BOUNDARY] under the table. [PET_BOUNDARY],0,,,,,,,
479,479.0,11057,17439,"As mentioned earlier, Japan is a very hierarchical and status - conscious society, so an understanding of the ranks in business is very important.",0 0 0 0 0 0 0 0 0 0 0 0 0 0 0 0 0 0 0 1 1 0 0 0,in business,literal,identical,ADP VERB ADV PROPN VERB DET ADV ADJ CCONJ NOUN PUNCT ADJ NOUN CCONJ DET NOUN ADP DET NOUN ADP NOUN VERB ADV ADJ,1.0,"As mentioned earlier, Japan is a very hierarchical and status - conscious society, so an understanding of the ranks [PET_BOUNDARY] in business [PET_BOUNDARY] is very important.",0,,,,,,,
246,246.0,21527,32160,""" What about, "" Graham said, pointing one finger at Slater, who pursed his lips and tapped his foot impatiently on the fire - surround, "" those people who like Barry Manilow and John Cage? """,0 0 0 0 0 0 1 0 1 0 0 0 0 0 0 0 0 0 0 0 0 0 0 0 0 0 0 0 0 0 0 0 0 0 0 0,point the finger,literal,combined-inflection,PUNCT NOUN ADP PUNCT PROPN VERB VERB NUM NOUN ADP PROPN NOUN VERB ADJ NOUN CCONJ VERB ADJ NOUN ADV ADP DET NOUN PUNCT NOUN PUNCT DET NOUN NOUN VERB PROPN PROPN CCONJ PROPN PROPN PUNCT,1.0,""" What about, "" Graham said, [PET_BOUNDARY] pointing one finger [PET_BOUNDARY] at Slater, who pursed his lips and tapped his foot impatiently on the fire - surround, "" those people who like Barry Manilow and John Cage? """,0,,,,,,,
234,234.0,9577,15193,‘ When I put my hand down to feel what was wrong I realised she was being attacked — but I didn't know by what.,0 0 0 0 0 1 1 0 0 0 0 0 0 0 0 0 0 0 0 0 0 0 0 0 0,hands down,literal,inflection,PUNCT ADV PRON VERB ADJ NOUN PART PART VERB NOUN VERB ADJ PRON VERB PRON VERB VERB VERB PUNCT CCONJ PRON VERB VERB ADP NOUN,1.0,‘ When I put my [PET_BOUNDARY] hand down [PET_BOUNDARY] to feel what was wrong I realised she was being attacked — but I didn't know by what.,0,,,,,,,
114,114.0,11614,18446,"She turned away from the mirror and, putting her cosmetics in a vanity bag, opened the door.",0 0 0 0 0 0 0 0 0 0 1 0 0 1 0 0 0,in the bag,literal,combined-other,PRON VERB ADV ADP DET NOUN CCONJ VERB ADJ NOUN ADP DET NOUN NOUN VERB DET NOUN,1.0,"She turned away from the mirror and, putting her cosmetics [PET_BOUNDARY] in a vanity bag, [PET_BOUNDARY] opened the door.",0,,,,,,,
769,769.0,1887,2580,"During the evening disco a British lesbian stole a half - empty bottle of whisky from behind the bar, and was caught.",0 0 0 0 0 0 0 0 0 0 0 0 0 0 0 0 1 0 1 0 0 0,behind bars,literal,combined-inflection,ADP DET NOUN NOUN DET ADJ NOUN VERB DET ADV PUNCT ADJ NOUN ADP NOUN ADP ADP DET NOUN CCONJ VERB VERB,1.0,"During the evening disco a British lesbian stole a half - empty bottle of whisky from [PET_BOUNDARY] behind the bar, [PET_BOUNDARY] and was caught.",0,,,,,,,
532,532.0,22383,33531,I had to ring the bell several times before Karen finally appeared.,0 0 0 1 0 1 0 0 0 0 0 0,ring a bell,literal,determiner-narrow,PRON VERB PART VERB DET NOUN ADJ NOUN ADP PROPN ADV VERB,1.0,I had to [PET_BOUNDARY] ring the bell [PET_BOUNDARY] several times before Karen finally appeared.,0,,,,,,,
284,284.0,9848,15485,"Current age, twenty five, the likelihood of somebody having a heart attack or developing cancer before sixty five, heart attack one in ten males, one in thirty nine females, cancer one in ten males, one in ten females.",0 0 0 0 0 0 0 0 1 0 1 0 0 0 0 0 0 0 0 0 0 0 0 0 0 0 0 0 0 0 0 0 0 0 0 0 0 0,have a heart,literal,inflection,ADJ NOUN NUM NUM DET NOUN ADP NOUN VERB DET NOUN NOUN CCONJ VERB NOUN ADP NUM NUM NOUN NOUN NUM ADP NUM NOUN NUM ADP NUM NUM NOUN NOUN NUM ADP NUM NOUN NUM ADP NUM NOUN,1.0,"Current age, twenty five, the likelihood of somebody [PET_BOUNDARY] having a heart [PET_BOUNDARY] attack or developing cancer before sixty five, heart attack one in ten males, one in thirty nine females, cancer one in ten males, one in ten females.",0,,,,,,,
154,154.0,16794,25859,Hareston is still on the extreme edge of the parish of Brixton.,0 0 0 1 0 0 1 0 0 0 0 0,on edge,literal,insertion-other,PROPN VERB ADV ADP DET ADJ NOUN ADP DET NOUN ADP PROPN,1.0,Hareston is still [PET_BOUNDARY] on the extreme edge [PET_BOUNDARY] of the parish of Brixton.,0,,,,,,,
709,709.0,8077,12658,"If we use it, we 'll pay for it, and you 'll get the picture back.",0 0 0 0 0 0 0 0 0 0 0 0 1 0 1 0,get the picture,literal,identical,ADP PRON VERB PRON PRON VERB VERB ADP PRON CCONJ PRON VERB VERB DET NOUN ADV,1.0,"If we use it, we 'll pay for it, and you 'll [PET_BOUNDARY] get the picture [PET_BOUNDARY] back.",0,,,,,,,
796,796.0,17573,26721,That put a 9 on his card.,0 0 0 0 1 0 1,on the cards,literal,combined-inflection,DET VERB DET NUM ADP ADJ NOUN,1.0,That put a 9 [PET_BOUNDARY] on his card. [PET_BOUNDARY],0,,,,,,,
333,333.0,28327,41992,"Olavide, in the later eighteenth century, dreamed of transforming the whole of lower Andalusia on the model of the English countryside, without seeming to suspect that climatic conditions were radically different and that the creation of artificial meadows was a snare and delusion under the arid sun of southern Spain.",0 0 0 0 0 0 0 0 0 0 0 0 0 0 0 0 0 0 0 0 0 0 0 0 0 0 0 0 0 0 0 0 0 0 0 0 0 0 0 0 0 0 0 1 0 0 1 0 0 0,under the sun,literal,insertion-other,ADV ADP DET ADJ ADJ NOUN VERB ADP VERB DET NOUN ADP ADJ PROPN ADP DET NOUN ADP DET ADJ NOUN ADP VERB PART VERB ADP ADJ NOUN VERB ADV ADJ CCONJ ADP DET NOUN ADP ADJ NOUN VERB DET NOUN CCONJ NOUN ADP DET NOUN NOUN ADP ADJ PROPN,1.0,"Olavide, in the later eighteenth century, dreamed of transforming the whole of lower Andalusia on the model of the English countryside, without seeming to suspect that climatic conditions were radically different and that the creation of artificial meadows was a snare and delusion [PET_BOUNDARY] under the arid sun [PET_BOUNDARY] of southern Spain.",0,,,,,,,
894,894.0,18980,28269,"There are books and periodicals everywhere — on shelves, on tables, on the floor — posters and reproductions of modern paintings on the walls, parched - looking potted plants in the fireplace, a BBC micro and monitor on the desk, and beside it sheaves of dot - matrix typescript of early chapters of Domestic Angels and Unfortunate Females in various drafts.",0 0 0 0 0 0 0 1 1 0 0 0 0 0 0 0 0 0 0 0 0 0 0 0 0 0 0 0 0 0 0 0 0 0 0 0 0 0 0 0 0 0 0 0 0 0 0 0 0 0 0 0 0 0 0 0 0 0 0 0 0,on the shelf,literal,combined-inflection,ADV VERB NOUN CCONJ NOUN ADV PUNCT ADP NOUN ADP NOUN ADP DET NOUN PUNCT NOUN CCONJ NOUN ADP ADJ NOUN ADP DET NOUN VERB PUNCT VERB ADJ NOUN ADP DET NOUN DET PROPN NOUN CCONJ VERB ADP DET NOUN CCONJ ADP PRON VERB ADP NOUN PUNCT NOUN NOUN ADP ADJ NOUN ADP PROPN PROPN CCONJ PROPN PROPN ADP ADJ NOUN,1.0,"There are books and periodicals everywhere — [PET_BOUNDARY] on shelves, [PET_BOUNDARY] on tables, on the floor — posters and reproductions of modern paintings on the walls, parched - looking potted plants in the fireplace, a BBC micro and monitor on the desk, and beside it sheaves of dot - matrix typescript of early chapters of Domestic Angels and Unfortunate Females in various drafts.",0,,,,,,,
904,904.0,16980,26045,"Emperors are winter breeders, gathering on inshore sea ice to lay their single eggs in May and June, incubating and brooding chicks on their feet through the coldest months in temperatures that may drop below -50 ° C.",0 0 0 0 0 1 0 0 1 0 0 0 0 0 0 0 0 0 0 0 0 0 0 0 0 0 0 0 0 0 0 0 0 0 0 0 0 0,on ice,literal,insertion-other,NOUN VERB NOUN NOUN VERB ADP ADJ NOUN NOUN PART VERB ADJ ADJ NOUN ADP PROPN CCONJ PROPN VERB CCONJ VERB NOUN ADP ADJ NOUN ADP DET ADJ NOUN ADP NOUN ADJ VERB VERB ADP NUM NOUN PROPN,1.0,"Emperors are winter breeders, gathering [PET_BOUNDARY] on inshore sea ice [PET_BOUNDARY] to lay their single eggs in May and June, incubating and brooding chicks on their feet through the coldest months in temperatures that may drop below -50 ° C.",0,,,,,,,
870,870.0,18670,27959,"Any fish that is particularly sensitive will show up their presence, no matter how small the amount, by scratching on rocks and tank uplifts.",0 0 0 0 0 0 0 0 0 0 0 0 0 0 0 0 0 0 0 1 1 0 0 0,on the rocks,literal,deletion-determiner,DET NOUN ADJ VERB ADV ADJ VERB VERB PART ADJ NOUN ADV ADV ADV ADJ DET NOUN ADP VERB ADP NOUN CCONJ NOUN NOUN,1.0,"Any fish that is particularly sensitive will show up their presence, no matter how small the amount, by scratching [PET_BOUNDARY] on rocks [PET_BOUNDARY] and tank uplifts.",0,,,,,,,
1798,1798.0,13922,21022,"Whether control of these facilities by the CPSU fulfilled this requirement is debatable, but before we jump to the conclusion that we could not have expected anything else from the Soviet system, consider the chequered history of the First Amendment to the United States constitution, which reads inter alia : ' congress shall make no law … abridging the freedom of speech. '",0 0 0 0 0 0 0 0 0 0 0 0 0 0 0 0 1 1 0 1 0 0 0 0 0 0 0 0 0 0 0 0 0 0 0 0 0 0 0 0 0 0 0 0 0 0 0 0 0 0 0 0 0 0 0 0 0 0 0 0 0 0 0,jump to conclusions,figurative,combined-inflection,ADP NOUN ADP DET NOUN ADP DET NOUN VERB DET NOUN VERB ADJ CCONJ ADP PRON VERB ADP DET NOUN ADP PRON VERB ADV VERB VERB NOUN ADV ADP DET ADJ NOUN VERB DET ADJ NOUN ADP DET PROPN PROPN ADP DET PROPN PROPN NOUN ADJ VERB NOUN VERB PUNCT PUNCT NOUN VERB VERB DET NOUN PUNCT VERB DET NOUN ADP NOUN PUNCT,1.0,"Whether control of these facilities by the CPSU fulfilled this requirement is debatable, but before we [PET_BOUNDARY] jump to the conclusion [PET_BOUNDARY] that we could not have expected anything else from the Soviet system, consider the chequered history of the First Amendment to the United States constitution, which reads inter alia : ' congress shall make no law … abridging the freedom of speech. '",1,,,,,,,
1436,1436.0,22642,33795,"It will have to be for us at least twenty one days, that's the absolute rock bottom minimum I would have thought therefore the French I suspect have us over a barrel and we would have to cough up for the enormous expenditure of an extra building at Strasbourg which is not needed erm as I understand it er that er view I savoured I don't erm have the details of that.",0 0 0 0 0 0 0 0 0 0 0 0 0 0 0 1 1 0 0 0 0 0 0 0 0 0 0 0 0 0 0 0 0 0 0 0 0 0 0 0 0 0 0 0 0 0 0 0 0 0 0 0 0 0 0 0 0 0 0 0 0 0 0 0 0 0 0 0 0 0 0 0,rock bottom,figurative,identical,PRON VERB VERB PART VERB ADP PRON ADV ADV NUM NUM NOUN DET DET ADJ NOUN ADJ NOUN PRON VERB VERB VERB ADV DET PROPN PRON VERB VERB PRON ADP DET NOUN CCONJ PRON VERB VERB PART VERB PART ADP DET ADJ NOUN ADP DET ADJ NOUN ADP PROPN ADJ VERB ADV VERB NOUN ADP PRON VERB PRON INTJ ADP INTJ NOUN PRON VERB PRON VERB ADV VERB DET NOUN ADP DET,1.0,"It will have to be for us at least twenty one days, that's the absolute [PET_BOUNDARY] rock bottom [PET_BOUNDARY] minimum I would have thought therefore the French I suspect have us over a barrel and we would have to cough up for the enormous expenditure of an extra building at Strasbourg which is not needed erm as I understand it er that er view I savoured I don't erm have the details of that.",1,,,,,,,
1412,1412.0,10384,16408,The nail is hit fairly and most squarely on the head.,0 1 0 1 0 0 0 0 1 0 1,hit the nail on the head,figurative,misc,DET NOUN VERB VERB ADV CCONJ ADV ADV ADP DET NOUN,1.0,The [PET_BOUNDARY] nail is hit fairly and most squarely on the head. [PET_BOUNDARY],1,,,,,,,
1338,1338.0,15655,23947,"For all his coinciding with the world of fashion, with the glamour and risks of the pederasty he helped publicise, Mapplethorpe's pictures remain alien to the canons of American good taste and to meat - and - potato American ideas about art.",0 0 0 0 0 0 0 0 0 0 0 0 0 0 0 0 0 0 0 0 0 0 0 0 0 0 0 0 0 0 0 0 0 1 0 1 0 1 0 0 0 0,meat and potatoes,figurative,combined-inflection,ADP DET ADJ NOUN ADP DET NOUN ADP NOUN ADP DET NOUN CCONJ NOUN ADP DET NOUN PRON VERB VERB PROPN NOUN VERB ADJ ADP DET NOUN ADP ADJ ADJ NOUN CCONJ ADP NOUN PUNCT CCONJ PUNCT NOUN ADJ NOUN ADP NOUN,1.0,"For all his coinciding with the world of fashion, with the glamour and risks of the pederasty he helped publicise, Mapplethorpe's pictures remain alien to the canons of American good taste and to [PET_BOUNDARY] meat - and - potato [PET_BOUNDARY] American ideas about art.",1,,,,,,,
1528,1528.0,5576,8733,I 'll drop hints if I can.,0 0 1 1 0 0 0,drop a hint,figurative,deletion-determiner,PRON VERB VERB NOUN ADP PRON VERB,1.0,I 'll [PET_BOUNDARY] drop hints [PET_BOUNDARY] if I can.,1,,,,,,,
1033,1033.0,10377,16401,"Today I have to hit as many marks as possible, and Dixie can find them fast.",0 0 0 0 1 0 0 1 0 0 0 0 0 0 0 0,hit the mark,figurative,combined-inflection,NOUN PRON VERB PART VERB ADP ADJ NOUN ADP ADJ CCONJ PROPN VERB VERB PRON ADV,1.0,"Today I have to [PET_BOUNDARY] hit as many marks [PET_BOUNDARY] as possible, and Dixie can find them fast.",1,,,,,,,
1668,1668.0,29183,43605,"Certainly the minimum of one - and - a - half days per month envisaged by the Home Office as being all that will be required, it seems to me to be very wide of the mark.",0 0 0 0 0 0 0 0 0 0 0 0 0 0 0 0 0 0 0 0 0 0 0 0 0 0 0 0 0 0 0 0 0 1 1 0 1,wide of the mark,figurative,identical,ADV DET NOUN ADP NUM PUNCT CCONJ PUNCT DET PUNCT NOUN NOUN ADP NOUN VERB ADP DET PROPN PROPN ADP VERB DET ADJ VERB VERB VERB PRON VERB ADP PRON PART VERB ADV ADJ ADP DET NOUN,1.0,"Certainly the minimum of one - and - a - half days per month envisaged by the Home Office as being all that will be required, it seems to me to be very [PET_BOUNDARY] wide of the mark. [PET_BOUNDARY]",1,,,,,,,
1712,1712.0,2864,4315,"Even if later generations of beam weapons could provide better shields against nuclear attack, they would probably only buy time in the arms race.",0 0 0 0 0 0 0 0 0 0 0 0 0 0 0 0 0 0 1 1 0 0 0 0,buy time,figurative,identical,ADV ADP ADJ NOUN ADP ADJ NOUN VERB VERB ADJ NOUN ADP ADJ NOUN PRON VERB ADV ADV VERB NOUN ADP DET NOUN NOUN,1.0,"Even if later generations of beam weapons could provide better shields against nuclear attack, they would probably only [PET_BOUNDARY] buy time [PET_BOUNDARY] in the arms race.",1,,,,,,,
1898,1898.0,3224,4913,"So by the same token, I assume, building societies are also starting paying something over inflation rates, issued?",0 1 0 1 1 0 0 0 0 0 0 0 0 0 0 0 0 0,by the same token,figurative,identical,ADV ADP DET ADJ NOUN PRON VERB NOUN NOUN VERB ADV VERB VERB NOUN ADP NOUN NOUN VERB,1.0,"So [PET_BOUNDARY] by the same token, [PET_BOUNDARY] I assume, building societies are also starting paying something over inflation rates, issued?",1,,,,,,,
1283,1283.0,20253,30655,A successful £ 13.1 m rights issue in January this year helped offset the £ 14.2 m spent on acquisitions designed to focus the business on over the counter products which now comprise 25pc of group turnover.,0 0 0 0 0 0 0 0 0 0 0 0 0 0 0 0 0 0 0 0 0 0 0 0 0 0 1 0 1 0 0 0 0 0 0 0 0,over the counter,figurative,identical,DET ADJ SYM NUM NOUN NOUN NOUN ADP PROPN DET NOUN VERB VERB DET SYM NUM NOUN VERB ADP NOUN VERB PART VERB DET NOUN ADP ADP DET NOUN NOUN ADJ ADV VERB ADV ADP NOUN NOUN,1.0,A successful £ 13.1 m rights issue in January this year helped offset the £ 14.2 m spent on acquisitions designed to focus the business on [PET_BOUNDARY] over the counter [PET_BOUNDARY] products which now comprise 25pc of group turnover.,1,,,,,,,
1612,1612.0,28692,42610,"Dave these computer been you know up in the air for about six months and Dave said you 've got ta get it repaired he said, cos you know y he's got ta print out on it and everything",0 0 0 0 0 0 1 1 0 1 0 0 0 0 0 0 0 0 0 0 0 0 0 0 0 0 0 0 0 0 0 0 0 0 0 0 0 0 0,up in the air,figurative,identical,PROPN DET NOUN VERB PRON VERB PART ADP DET NOUN ADP ADV NUM NOUN CCONJ PROPN VERB PRON VERB VERB PART VERB PRON VERB PRON VERB ADP PRON VERB PRON PRON VERB PART VERB PART ADP PRON CCONJ NOUN,1.0,"Dave these computer been you know [PET_BOUNDARY] up in the air [PET_BOUNDARY] for about six months and Dave said you 've got ta get it repaired he said, cos you know y he's got ta print out on it and everything",1,,,,,,,
1759,1759.0,24713,36851,"Penelope Randall - Davies was a suitably alarming Queen of Night, while Neill Archer succeeded admirably in keeping the rather squeaky - clean Tamino on the right side of prim, while underlining his virtue.",0 0 0 0 0 0 0 0 0 0 0 0 0 0 0 0 0 0 0 0 1 0 1 0 0 0 0 0 0 0 0 0 0 0,squeaky clean,figurative,dashes,PROPN PROPN PUNCT PROPN VERB DET ADV ADJ PROPN ADP PROPN ADP PROPN PROPN VERB ADV ADP VERB DET ADV ADV PUNCT ADJ PROPN ADP DET ADJ NOUN ADP ADJ ADP VERB ADJ NOUN,1.0,"Penelope Randall - Davies was a suitably alarming Queen of Night, while Neill Archer succeeded admirably in keeping the rather [PET_BOUNDARY] squeaky - clean [PET_BOUNDARY] Tamino on the right side of prim, while underlining his virtue.",1,,,,,,,
1833,1833.0,26545,39639,Mr Sugar revealed that at one point one of his children had tried to persuade him to ‘ throw in the towel’.,0 0 0 0 0 0 0 0 0 0 0 0 0 0 0 0 0 0 1 1 0 1,throw in the towel,figurative,dashes,PROPN PROPN VERB ADP ADP NUM NOUN NUM ADP ADJ NOUN VERB VERB PART VERB PRON ADP PUNCT NOUN PART DET NOUN,1.0,Mr Sugar revealed that at one point one of his children had tried to persuade him to ‘ [PET_BOUNDARY] throw in the towel’. [PET_BOUNDARY],1,,,,,,,
1809,1809.0,23859,35696,At last … a wonder cure for shrinking violets,0 0 0 0 0 0 0 1 1,shrinking violet,figurative,inflection,ADP ADJ PUNCT DET NOUN NOUN ADP VERB NOUN,1.0,At last … a wonder cure for [PET_BOUNDARY] shrinking violets [PET_BOUNDARY],1,,,,,,,
1407,1407.0,844,1124,As a general rule a plaintiff is entitled to disclosure and discovery of all dealings and documents relevant to the plaintiff's claim and the defendant is entitled to the like relief from the plaintiff relevant to the defence.,1 0 0 1 0 0 0 0 0 0 0 0 0 0 0 0 0 0 0 0 0 0 0 0 0 0 0 0 0 0 0 0 0 0 0 0 0 0,as a rule,figurative,combined-other,ADP DET ADJ NOUN DET NOUN VERB VERB ADP NOUN CCONJ NOUN ADP DET NOUN CCONJ NOUN ADJ ADP DET NOUN NOUN CCONJ DET NOUN VERB VERB ADP DET ADJ NOUN ADP DET NOUN ADJ ADP DET NOUN,1.0,[PET_BOUNDARY] As a general rule [PET_BOUNDARY] a plaintiff is entitled to disclosure and discovery of all dealings and documents relevant to the plaintiff's claim and the defendant is entitled to the like relief from the plaintiff relevant to the defence.,1,,,,,,,
1496,1496.0,4013,6072,"That it was allowed to appear as more than that was the work of the politicians who, in their yearning for power, clutch at any straw.",0 0 0 0 0 0 0 0 0 0 0 0 0 0 0 0 0 0 0 0 0 0 1 1 0 1,clutch at straws,figurative,combined-inflection,ADP PRON VERB VERB PART VERB ADP ADJ ADP DET VERB DET NOUN ADP DET NOUN NOUN ADP ADJ NOUN ADP NOUN NOUN ADP DET NOUN,1.0,"That it was allowed to appear as more than that was the work of the politicians who, in their yearning for power, [PET_BOUNDARY] clutch at any straw. [PET_BOUNDARY]",1,,,,,,,
1380,1380.0,6241,10090,"‘ I feel fit as a fiddle,’ Elinor protested.",0 0 0 1 1 0 1 0 0,fit as a fiddle,figurative,dashes,PUNCT PRON VERB ADJ ADP DET ADJ PROPN VERB,1.0,"‘ I feel [PET_BOUNDARY] fit as a fiddle,’ [PET_BOUNDARY] Elinor protested.",1,,,,,,,
1028,1028.0,6121,9734,They won't muff their lines or fall short in a crisis.,0 0 0 0 0 0 1 1 0 0 0,fall short,figurative,identical,PRON VERB VERB ADJ NOUN CCONJ VERB ADV ADP DET NOUN,1.0,They won't muff their lines or [PET_BOUNDARY] fall short [PET_BOUNDARY] in a crisis.,1,,,,,,,
1503,1503.0,5925,9354,He is fair game!,0 0 1 1,fair game,figurative,identical,PRON VERB ADJ NOUN,1.0,He is [PET_BOUNDARY] fair game! [PET_BOUNDARY],1,,,,,,,
1182,1182.0,7158,11434,I am one of the hon. Members who has started a business from scratch and who has been an employer of quite a lot of people whose jobs were created out of that initiative and enterprise.,0 0 0 0 0 0 0 0 0 0 0 0 1 1 0 0 0 0 0 0 0 0 0 0 0 0 0 0 0 0 0 0 0 0 0 0,from scratch,figurative,identical,PRON VERB NUM ADP DET NOUN NOUN NOUN VERB VERB DET NOUN ADP NOUN CCONJ NOUN VERB VERB DET NOUN ADP ADJ DET NOUN ADP NOUN ADJ NOUN VERB VERB ADP ADP DET NOUN CCONJ NOUN,1.0,I am one of the hon. Members who has started a business [PET_BOUNDARY] from scratch [PET_BOUNDARY] and who has been an employer of quite a lot of people whose jobs were created out of that initiative and enterprise.,1,,,,,,,
1730,1730.0,526,733,"Well that used to be all the rage once, didn't it?",0 0 0 0 0 1 0 1 0 0 0,all the rage,figurative,identical,INTJ DET VERB PART VERB ADJ DET NOUN ADV VERB PRON,1.0,"Well that used to be [PET_BOUNDARY] all the rage [PET_BOUNDARY] once, didn't it?",1,,,,,,,
1115,1115.0,1449,1831,But at least the fusion community needs such volumes to remind it that at the end of the day the scientific juggling will come to nothing if it does not lead to a convenient and not too expensive source of electricity.,0 0 0 0 0 0 0 0 0 0 0 0 0 1 0 1 1 0 1 0 0 0 0 0 0 0 0 0 0 0 0 0 0 0 0 0 0 0 0 0 0,at the end of the day,figurative,identical,CCONJ ADP ADJ DET NOUN NOUN VERB ADJ NOUN PART VERB PRON ADP ADP DET NOUN ADP DET NOUN DET ADJ NOUN VERB VERB ADP NOUN ADP PRON VERB ADV VERB ADP DET NOUN CCONJ ADV ADV ADJ NOUN ADP NOUN,1.0,But at least the fusion community needs such volumes to remind it that [PET_BOUNDARY] at the end of the day [PET_BOUNDARY] the scientific juggling will come to nothing if it does not lead to a convenient and not too expensive source of electricity.,1,,,,,,,
1082,1082.0,5265,8398,"There were still places to go to ; not the best theatres, but the down - at - heel, the halls, the ones that put on low comedy.",0 0 0 0 0 0 0 0 0 0 0 0 0 0 1 0 1 0 1 0 0 0 0 0 0 0 0 0,down at heel,figurative,dashes,ADV VERB ADV NOUN PART VERB ADP PUNCT ADV DET ADJ NOUN CCONJ DET ADV PUNCT ADP PUNCT NOUN DET NOUN DET NOUN ADJ VERB PART ADJ NOUN,1.0,"There were still places to go to ; not the best theatres, but the [PET_BOUNDARY] down - at - heel, [PET_BOUNDARY] the halls, the ones that put on low comedy.",1,,,,,,,
1130,1130.0,8272,13228,"' I 'll give the toothpaste a miss, thanks. '",0 0 0 1 0 1 0 1 0 0,give something a miss,figurative,combined-other,PUNCT PRON VERB VERB DET NOUN DET NOUN NOUN PUNCT,1.0,"' I 'll [PET_BOUNDARY] give the toothpaste a miss, [PET_BOUNDARY] thanks. '",1,,,,,,,
1313,1313.0,25903,38779,or taking the piss — I 've never quite known which. ),0 1 0 1 0 0 0 0 0 0 0 0,take the piss,figurative,inflection,CCONJ VERB DET NOUN PUNCT PRON VERB ADV ADV VERB ADJ PUNCT,1.0,or [PET_BOUNDARY] taking the piss [PET_BOUNDARY] — I 've never quite known which. ),1,,,,,,,
1203,1203.0,27476,40871,"The trespassers on the scene, the true - blue pirates, were unfortunately the uniformed Israeli commandos acting in my name.",0 0 0 0 0 0 1 0 1 0 0 0 0 0 0 0 0 0 0 0,true blue,figurative,dashes,DET NOUN ADP DET NOUN DET ADV PUNCT ADJ NOUN VERB ADV DET ADJ ADJ NOUN VERB ADP ADJ NOUN,1.0,"The trespassers on the scene, the [PET_BOUNDARY] true - blue [PET_BOUNDARY] pirates, were unfortunately the uniformed Israeli commandos acting in my name.",1,,,,,,,
1481,1481.0,23434,34904,In your mind I was a scarlet woman and could be nothing else.,0 0 0 0 0 0 1 1 0 0 0 0 0,scarlet woman,figurative,identical,ADP ADJ NOUN PRON VERB DET ADJ NOUN CCONJ VERB VERB NOUN ADV,1.0,In your mind I was a [PET_BOUNDARY] scarlet woman [PET_BOUNDARY] and could be nothing else.,1,,,,,,,
1137,1137.0,24105,36062,"You tell her you slept rough? """,0 0 0 0 1 1 0,sleep rough,figurative,inflection,PRON VERB PRON PRON VERB ADJ PUNCT,1.0,"You tell her you [PET_BOUNDARY] slept rough? [PET_BOUNDARY] """,1,,,,,,,
1253,1253.0,6823,11025,Let us for the time being not take a stand on this issue but address ourselves to the whole phenomenon in its strong sense.,0 0 1 0 1 1 0 0 0 0 0 0 0 0 0 0 0 0 0 0 0 0 0 0,for the time being,figurative,identical,VERB PRON ADP DET NOUN VERB ADV VERB DET NOUN ADP DET NOUN CCONJ VERB PRON ADP DET ADJ NOUN ADP ADJ ADJ NOUN,1.0,Let us [PET_BOUNDARY] for the time being [PET_BOUNDARY] not take a stand on this issue but address ourselves to the whole phenomenon in its strong sense.,1,,,,,,,
1607,1607.0,16552,25520,The artistic reason is that he is old - hat ; Catalans prefer to be known for the airy constructions that are going up for the Olympic Games.,0 0 0 0 0 0 0 1 0 1 0 0 0 0 0 0 0 0 0 0 0 0 0 0 0 0 0 0,old hat,figurative,dashes,DET ADJ NOUN VERB ADP PRON VERB ADJ PUNCT NOUN PUNCT PROPN VERB PART VERB VERB ADP DET NOUN NOUN ADJ VERB VERB PART ADP DET PROPN PROPN,1.0,The artistic reason is that he is [PET_BOUNDARY] old - hat [PET_BOUNDARY] ; Catalans prefer to be known for the airy constructions that are going up for the Olympic Games.,1,,,,,,,
1644,1644.0,25808,38684,"‘ At this present moment they are engaged in a fully comprehensive training course using the systems run by the local college, on which I took the liberty of enrolling them.",0 0 0 0 0 0 0 0 0 0 0 0 0 0 0 0 0 0 0 0 0 0 0 0 0 1 0 1 0 0 0,take the liberty,figurative,inflection,PUNCT ADP DET ADJ NOUN PRON VERB VERB ADP DET ADV ADJ NOUN NOUN VERB DET NOUN VERB ADP DET ADJ NOUN ADP ADJ PRON VERB DET NOUN ADP VERB PRON,1.0,"‘ At this present moment they are engaged in a fully comprehensive training course using the systems run by the local college, on which I [PET_BOUNDARY] took the liberty [PET_BOUNDARY] of enrolling them.",1,,,,,,,
1855,1855.0,398,501,"So did he know all along, then, that you are — were,—’ she corrected swiftly, ‘ Mark's sister?",0 0 0 0 1 1 0 0 0 0 0 0 0 0 0 0 0 0,all along,figurative,identical,ADV VERB PRON VERB ADV ADV ADV ADP PRON VERB PUNCT ADV PRON VERB ADV PUNCT PROPN NOUN,1.0,"So did he know [PET_BOUNDARY] all along, [PET_BOUNDARY] then, that you are — were,—’ she corrected swiftly, ‘ Mark's sister?",1,,,,,,,
1468,1468.0,6250,10099,Your heart fits me like a glove.,0 0 1 0 1 0 1,fit like a glove,figurative,misc,ADJ NOUN VERB PRON ADP DET NOUN,1.0,Your heart [PET_BOUNDARY] fits me like a glove. [PET_BOUNDARY],1,,,,,,,
1408,1408.0,6014,9627,"It would be useful to have a general term for elements which fall short of being constituents, but which nonetheless have a semantic function relatable to the meanings the same forms carry when they are semantic constituents.",0 0 0 0 0 0 0 0 0 0 0 0 1 1 0 0 0 0 0 0 0 0 0 0 0 0 0 0 0 0 0 0 0 0 0 0 0,fall short,figurative,identical,PRON VERB VERB ADJ PART VERB DET ADJ NOUN ADP NOUN ADJ VERB ADV ADP VERB NOUN CCONJ ADJ ADV VERB DET ADJ NOUN ADJ ADP DET NOUN DET ADJ NOUN VERB ADV PRON VERB ADJ NOUN,1.0,"It would be useful to have a general term for elements which [PET_BOUNDARY] fall short [PET_BOUNDARY] of being constituents, but which nonetheless have a semantic function relatable to the meanings the same forms carry when they are semantic constituents.",1,,,,,,,
1435,1435.0,3428,5170,"But most of them had come back to work reasonably cap - in - hand, preferring to be half - starved on half - pay than to starve altogether on none.",0 0 0 0 0 0 0 0 0 0 1 0 1 0 1 0 0 0 0 0 0 0 0 0 0 0 0 0 0 0 0,cap in hand,figurative,dashes,CCONJ ADJ ADP PRON VERB VERB ADV ADP NOUN ADV VERB PUNCT ADP PUNCT NOUN VERB PART VERB ADV PUNCT VERB ADP ADJ PUNCT NOUN ADP PART VERB ADV ADP NOUN,1.0,"But most of them had come back to work reasonably [PET_BOUNDARY] cap - in - hand, [PET_BOUNDARY] preferring to be half - starved on half - pay than to starve altogether on none.",1,,,,,,,
1892,1892.0,11768,18600,"Then there's a live Metheny Group album in the can, which is due for release in the summer of ‘ 93, and I 've just done another album with a really interesting young sax player called Gary Thomas.",0 0 0 0 0 0 0 1 0 1 0 0 0 0 0 0 0 0 0 0 0 0 0 0 0 0 0 0 0 0 0 0 0 0 0 0 0 0,in the can,figurative,identical,ADV ADV DET ADJ PROPN PROPN NOUN ADP DET NOUN ADJ VERB ADJ ADP NOUN ADP DET NOUN ADP ADJ NUM CCONJ PRON VERB ADV VERB DET NOUN ADP DET ADV ADJ ADJ NOUN NOUN VERB PROPN PROPN,1.0,"Then there's a live Metheny Group album [PET_BOUNDARY] in the can, [PET_BOUNDARY] which is due for release in the summer of ‘ 93, and I 've just done another album with a really interesting young sax player called Gary Thomas.",1,,,,,,,
1709,1709.0,6579,10541,"The need for short - term profits caused the run - down of many manufacturing industries around which communities and lives revolved and when this raw profit - standard was applied to power and energy industries, they followed suit.",0 0 0 0 0 0 0 0 0 0 0 0 0 0 0 0 0 0 0 0 0 0 0 0 0 0 0 0 0 0 0 0 0 0 0 0 0 1 1,follow suit,figurative,inflection,DET NOUN ADP ADJ PUNCT NOUN NOUN VERB DET NOUN PUNCT NOUN ADP ADJ NOUN NOUN ADP ADJ NOUN CCONJ NOUN VERB CCONJ ADV DET ADJ NOUN PUNCT NOUN VERB VERB ADP NOUN CCONJ NOUN NOUN PRON VERB NOUN,1.0,"The need for short - term profits caused the run - down of many manufacturing industries around which communities and lives revolved and when this raw profit - standard was applied to power and energy industries, they [PET_BOUNDARY] followed suit. [PET_BOUNDARY]",1,,,,,,,
1423,1423.0,25865,38741,"Criticised for looking miserable all the time, but others say his seriousness is a pretence and really he's just taking the mickey out of himself.",0 0 0 0 0 0 0 0 0 0 0 0 0 0 0 0 0 0 0 1 0 1 0 0 0,take the mickey,figurative,inflection,VERB ADP VERB ADJ ADJ DET NOUN CCONJ NOUN VERB ADJ NOUN VERB DET NOUN CCONJ ADV PRON ADV VERB DET NOUN ADP ADP PRON,1.0,"Criticised for looking miserable all the time, but others say his seriousness is a pretence and really he's just [PET_BOUNDARY] taking the mickey [PET_BOUNDARY] out of himself.",1,,,,,,,
950,950.0,14030,21154,"I try and keep a straight face, but I can't help grinning at myself.",0 0 0 1 0 1 1 0 0 0 0 0 0 0,keep a straight face,figurative,identical,PRON VERB CCONJ VERB DET ADJ NOUN CCONJ PRON VERB VERB VERB ADP PRON,1.0,"I try and [PET_BOUNDARY] keep a straight face, [PET_BOUNDARY] but I can't help grinning at myself.",1,,,,,,,
1413,1413.0,23253,34690,The mind runs riot at what might happen.,0 0 1 1 0 0 0 0,run riot,figurative,inflection,DET NOUN VERB NOUN ADP NOUN VERB VERB,1.0,The mind [PET_BOUNDARY] runs riot [PET_BOUNDARY] at what might happen.,1,,,,,,,
1330,1330.0,17843,27131,"What Adobe had done that had defeated virtually everyone else, certainly at the microcomputer level, was to build typefaces ' on - the - fly ' from outlines.",0 0 0 0 0 0 0 0 0 0 0 0 0 0 0 0 0 0 0 0 1 0 0 0 1 0 0 0,on the fly,figurative,dashes,NOUN PROPN VERB VERB ADJ VERB VERB ADV NOUN ADV ADV ADP DET NOUN NOUN VERB PART VERB NOUN PART ADP PUNCT DET PUNCT NOUN PUNCT ADP NOUN,1.0,"What Adobe had done that had defeated virtually everyone else, certainly at the microcomputer level, was to build typefaces ' [PET_BOUNDARY] on - the - fly [PET_BOUNDARY] ' from outlines.",1,,,,,,,
1526,1526.0,25764,38640,"Sarah hesitated, then seemed to decide to take the bull by the horns.",0 0 0 0 0 0 0 1 0 1 1 0 1,take the bull by the horns,figurative,identical,PROPN VERB ADV VERB PART VERB PART VERB DET NOUN ADP DET NOUN,1.0,"Sarah hesitated, then seemed to decide to [PET_BOUNDARY] take the bull by the horns. [PET_BOUNDARY]",1,,,,,,,
1128,1128.0,15839,24303,"Celtic, whose results suggest an infusion of new blood would be no bad thing, have included Jamie McQuilken, a teenage left - back, in their squad to face Partick Thistle at Parkhead.",0 0 0 0 0 0 0 1 1 0 0 0 0 0 0 0 0 0 0 0 0 0 0 0 0 0 0 0 0 0 0 0,new blood,figurative,identical,ADJ ADJ NOUN VERB DET NOUN ADP ADJ NOUN VERB VERB DET ADJ NOUN VERB VERB PROPN PROPN DET ADJ VERB PUNCT NOUN ADP ADJ NOUN PART VERB PROPN PROPN ADP PROPN,1.0,"Celtic, whose results suggest an infusion of [PET_BOUNDARY] new blood [PET_BOUNDARY] would be no bad thing, have included Jamie McQuilken, a teenage left - back, in their squad to face Partick Thistle at Parkhead.",1,,,,,,,
1642,1642.0,10849,17046,"She found it easier to live in a faint fog, at one remove from what most people called reality.",0 0 0 0 0 0 1 0 0 1 0 0 0 0 0 0 0 0 0,in a fog,figurative,insertion-other,PRON VERB PRON ADJ PART VERB ADP DET ADJ NOUN ADP NUM NOUN ADP NOUN ADJ NOUN VERB NOUN,1.0,"She found it easier to live [PET_BOUNDARY] in a faint fog, [PET_BOUNDARY] at one remove from what most people called reality.",1,,,,,,,
1550,1550.0,11261,17820,"So clearly now, the, there's some merit in looking afresh at it in the light of five B, being able to match the kind of funding that's available there.",0 0 0 0 0 0 0 0 0 0 0 0 1 0 1 1 0 0 0 0 0 0 0 0 0 0 0 0 0,in light of,figurative,inflection,ADV ADV ADV DET ADV DET NOUN ADP VERB ADV ADP PRON ADP DET NOUN ADP NUM NOUN VERB ADJ PART VERB DET NOUN ADP NOUN ADJ ADJ ADV,1.0,"So clearly now, the, there's some merit in looking afresh at it [PET_BOUNDARY] in the light of [PET_BOUNDARY] five B, being able to match the kind of funding that's available there.",1,,,,,,,
1060,1060.0,6251,10100,"Your heart fits me, like a glove so we 're gon na true blue baby I love you!",0 0 1 0 1 0 1 0 0 0 0 0 0 0 0 0 0 0,fit like a glove,figurative,misc,ADJ NOUN VERB PRON ADP DET NOUN ADP PRON VERB VERB ADP ADJ ADJ NOUN PRON VERB PRON,1.0,"Your heart [PET_BOUNDARY] fits me, like a glove [PET_BOUNDARY] so we 're gon na true blue baby I love you!",1,,,,,,,
1893,1893.0,20048,30292,"Everest appeared out of the question, such was his temperamental and erratic nature.",0 0 1 1 0 1 0 0 0 0 0 0 0,out of the question,figurative,identical,PROPN VERB ADP ADP DET NOUN ADJ VERB ADJ ADJ CCONJ ADJ NOUN,1.0,"Everest appeared [PET_BOUNDARY] out of the question, [PET_BOUNDARY] such was his temperamental and erratic nature.",1,,,,,,,
1291,1291.0,4797,7757,"The house is ‘ as dead as a dodo’, said an insider yesterday.",0 0 0 0 0 1 1 0 1 0 0 0 0,dead as a dodo,figurative,dashes,DET NOUN VERB ADJ ADV ADJ ADP DET NOUN VERB DET NOUN NOUN,1.0,"The house is ‘ as [PET_BOUNDARY] dead as a dodo’, [PET_BOUNDARY] said an insider yesterday.",1,,,,,,,
1706,1706.0,9609,15225,"The tiles had taken a month to arrive, and if a replacement batch was required it would mean her hanging fire on the commission for another four weeks.",0 0 0 0 0 0 0 0 0 0 0 0 0 0 0 0 0 0 0 1 1 0 0 0 0 0 0 0,hang fire,figurative,inflection,DET NOUN VERB VERB DET NOUN PART VERB CCONJ ADP DET NOUN NOUN VERB VERB PRON VERB VERB ADJ NOUN NOUN ADP DET NOUN ADP DET NUM NOUN,1.0,"The tiles had taken a month to arrive, and if a replacement batch was required it would mean her [PET_BOUNDARY] hanging fire [PET_BOUNDARY] on the commission for another four weeks.",1,,,,,,,
1296,1296.0,22187,33246,"They lost, but during the struggle the rank - and - file movement gained control of the UMWA.",0 0 0 0 0 0 0 1 0 1 0 1 0 0 0 0 0 0,rank and file,figurative,dashes,PRON VERB CCONJ ADP DET NOUN DET NOUN PUNCT CCONJ PUNCT NOUN NOUN VERB NOUN ADP DET NOUN,1.0,"They lost, but during the struggle the [PET_BOUNDARY] rank - and - file [PET_BOUNDARY] movement gained control of the UMWA.",1,,,,,,,
1680,1680.0,21688,32365,"Inside, Keith was propping up the bar and waving a £ 5 note at the landlady.",0 0 0 1 1 0 1 0 0 0 0 0 0 0 0 0,prop up the bar,figurative,inflection,ADV PROPN VERB VERB PART DET NOUN CCONJ VERB DET SYM NUM NOUN ADP DET NOUN,1.0,"Inside, Keith was [PET_BOUNDARY] propping up the bar [PET_BOUNDARY] and waving a £ 5 note at the landlady.",1,,,,,,,
1402,1402.0,14212,21481,"At one time a business proposition came up and, thinking it would help him kick his habit, I agreed to a joint overdraft.",0 0 0 0 0 0 0 0 0 0 0 0 0 0 1 0 1 0 0 0 0 0 0,kick the habit,figurative,determiner-broad,ADP NUM NOUN DET NOUN NOUN VERB PART CCONJ VERB PRON VERB VERB PRON VERB ADJ NOUN PRON VERB ADP DET ADJ NOUN,1.0,"At one time a business proposition came up and, thinking it would help him [PET_BOUNDARY] kick his habit, [PET_BOUNDARY] I agreed to a joint overdraft.",1,,,,,,,
1858,1858.0,21717,32401,Mrs Carson pulled a face.,0 0 1 0 1,pull a face,figurative,inflection,PROPN PROPN VERB DET NOUN,1.0,Mrs Carson [PET_BOUNDARY] pulled a face. [PET_BOUNDARY],1,,,,,,,
1424,1424.0,19465,28945,"Still, they were to be forgiven because the course they adopted, of ‘ setting out to be at one and the same time a Producers’ and a Consumers ' Society ' seemed natural to them.",0 0 0 0 0 0 0 0 0 0 0 0 0 0 0 0 0 0 1 1 0 1 0 0 0 0 0 0 0 0 0 0 0 0 0,one and the same,figurative,identical,ADV PRON VERB PART VERB VERB ADP DET NOUN PRON VERB ADP ADJ NOUN PART PART VERB ADP NUM CCONJ DET ADJ NOUN DET NOUN CCONJ DET PROPN PART PROPN PUNCT VERB ADJ ADP PRON,1.0,"Still, they were to be forgiven because the course they adopted, of ‘ setting out to be at [PET_BOUNDARY] one and the same [PET_BOUNDARY] time a Producers’ and a Consumers ' Society ' seemed natural to them.",1,,,,,,,
1081,1081.0,5709,8929,Easy on the eye this room ( right ) was made to relax in.,1 1 0 1 0 0 0 0 0 0 0 0 0 0,easy on the eye,figurative,case,ADJ ADP DET NOUN DET NOUN PUNCT INTJ PUNCT VERB VERB PART VERB ADP,1.0,[PET_BOUNDARY] Easy on the eye [PET_BOUNDARY] this room ( right ) was made to relax in.,1,,,,,,,
1117,1117.0,9228,14763,"Moderator if the Board wanted a patron saint, my sole nominee would certainly be the good Samaritan cos he got it right.",0 0 0 0 0 0 0 0 0 0 0 0 0 0 0 1 1 0 0 0 0 0,good samaritan,figurative,identical,NOUN ADP DET PROPN VERB DET NOUN NOUN ADJ ADJ NOUN VERB ADV VERB DET ADJ PROPN ADP PRON VERB PRON ADJ,1.0,"Moderator if the Board wanted a patron saint, my sole nominee would certainly be the [PET_BOUNDARY] good Samaritan [PET_BOUNDARY] cos he got it right.",1,,,,,,,
1783,1783.0,15263,23298,"Over the next few seasons debts continued to mount and in an unprecedented move Athletico again made history, becoming the first club to introduce the £ 1 pork pie.",0 0 0 0 0 0 0 0 0 0 0 0 0 0 0 0 1 1 0 0 0 0 0 0 0 0 0 0 0,make history,figurative,inflection,ADP DET ADJ ADJ NOUN NOUN VERB PART VERB CCONJ ADP DET ADJ NOUN PROPN ADV VERB NOUN VERB DET ADJ NOUN PART VERB DET SYM NUM NOUN NOUN,1.0,"Over the next few seasons debts continued to mount and in an unprecedented move Athletico again [PET_BOUNDARY] made history, [PET_BOUNDARY] becoming the first club to introduce the £ 1 pork pie.",1,,,,,,,
1315,1315.0,16045,24987,"When you get off the beaten track and talk to people, you find out what's really going on beneath the surface that the visitors see, the intimate details’.",0 0 0 1 0 1 1 0 0 0 0 0 0 0 0 0 0 0 0 0 0 0 0 0 0 0 0 0,off the beaten track,figurative,identical,ADV PRON VERB PART DET VERB NOUN CCONJ VERB ADP NOUN PRON VERB PART NOUN ADV VERB PART ADP DET NOUN ADP DET NOUN VERB DET ADJ NOUN,1.0,"When you get [PET_BOUNDARY] off the beaten track [PET_BOUNDARY] and talk to people, you find out what's really going on beneath the surface that the visitors see, the intimate details’.",1,,,,,,,
1543,1543.0,12198,19030,"In the final analysis, they may recommend specific courses of action including destroying all your credit cards and even your cheque book, if they believe this to be necessary.",1 0 1 1 0 0 0 0 0 0 0 0 0 0 0 0 0 0 0 0 0 0 0 0 0 0 0 0 0,in the final analysis,figurative,case,ADP DET ADJ NOUN PRON VERB VERB ADJ NOUN ADP NOUN VERB VERB ADJ ADJ NOUN NOUN CCONJ ADV ADJ NOUN NOUN ADP PRON VERB DET PART VERB ADJ,1.0,"[PET_BOUNDARY] In the final analysis, [PET_BOUNDARY] they may recommend specific courses of action including destroying all your credit cards and even your cheque book, if they believe this to be necessary.",1,,,,,,,
1306,1306.0,20463,30865,"The Quad X has six separate effects loops, which at first glance may seem a little over the top, but in reality is not such a bad idea.",0 0 0 0 0 0 0 0 0 0 0 0 0 0 0 0 1 0 1 0 0 0 0 0 0 0 0 0,over the top,figurative,identical,DET PROPN NOUN VERB NUM ADJ NOUN NOUN ADJ ADP ADJ NOUN VERB VERB DET ADJ ADP DET NOUN CCONJ ADP NOUN VERB ADV ADJ DET ADJ NOUN,1.0,"The Quad X has six separate effects loops, which at first glance may seem a little [PET_BOUNDARY] over the top, [PET_BOUNDARY] but in reality is not such a bad idea.",1,,,,,,,
1164,1164.0,22065,32979,Haven't we put the cat among the pigeons?,0 0 1 0 1 1 0 1,put the cat among the pigeons,figurative,identical,VERB PRON VERB DET NOUN ADP DET NOUN,1.0,Haven't we [PET_BOUNDARY] put the cat among the pigeons? [PET_BOUNDARY],1,,,,,,,
1899,1899.0,15971,24685,"Now, at a pinch, I might be able to walk a step or two on my hands with my feet in the air, believe me, it's not a pretty sight!",0 0 0 0 0 0 0 0 0 0 0 0 0 0 0 0 0 0 0 0 0 0 0 0 0 0 1 0 1 1,not a pretty sight,figurative,identical,ADV ADP DET NOUN PRON VERB VERB ADJ PART VERB DET NOUN CCONJ NUM ADP ADJ NOUN ADP ADJ NOUN ADP DET NOUN VERB PRON PRON ADV DET ADJ NOUN,1.0,"Now, at a pinch, I might be able to walk a step or two on my hands with my feet in the air, believe me, it's [PET_BOUNDARY] not a pretty sight! [PET_BOUNDARY]",1,,,,,,,
1774,1774.0,2999,4653,"As presentation day grew closer with Mark racing against time to complete the plan and finalise the slide illustrations, so Klepner read and re - read it until he had almost learnt it off by heart.",0 0 0 0 0 0 0 0 0 0 0 0 0 0 0 0 0 0 0 0 0 0 0 0 0 0 0 0 0 0 0 0 0 0 1 1,by heart,figurative,identical,ADP NOUN NOUN VERB ADJ ADP PROPN VERB ADP NOUN PART VERB DET NOUN CCONJ VERB DET NOUN NOUN ADV PROPN VERB CCONJ VERB PUNCT VERB PRON ADP PRON VERB ADV VERB PRON PART ADP NOUN,1.0,"As presentation day grew closer with Mark racing against time to complete the plan and finalise the slide illustrations, so Klepner read and re - read it until he had almost learnt it off [PET_BOUNDARY] by heart. [PET_BOUNDARY]",1,,,,,,,
1660,1660.0,6429,10334,Trio fly the flag in style with impressive marathon times,0 1 0 1 0 0 0 0 0 0,fly the flag,figurative,identical,PROPN VERB DET NOUN ADP NOUN ADP ADJ NOUN NOUN,1.0,Trio [PET_BOUNDARY] fly the flag [PET_BOUNDARY] in style with impressive marathon times,1,,,,,,,
1062,1062.0,14654,22390,"Mr Mitterrand, meanwhile, is lying low.",0 0 0 0 1 1,lie low,figurative,inflection,PROPN PROPN ADV VERB VERB ADJ,1.0,"Mr Mitterrand, meanwhile, is [PET_BOUNDARY] lying low. [PET_BOUNDARY]",1,,,,,,,
971,971.0,20537,30939,"I 'm scared that sometimes I go over the top with too many solos in the one song, but I try and keep them as simple as I can.",0 0 0 0 0 0 0 1 0 1 0 0 0 0 0 0 0 0 0 0 0 0 0 0 0 0 0 0 0,over the top,figurative,identical,PRON VERB ADJ ADP ADV PRON VERB ADP DET NOUN ADP ADV ADJ NOUN ADP DET NUM NOUN CCONJ PRON VERB CCONJ VERB PRON ADV ADJ ADP PRON VERB,1.0,"I 'm scared that sometimes I go [PET_BOUNDARY] over the top [PET_BOUNDARY] with too many solos in the one song, but I try and keep them as simple as I can.",1,,,,,,,
1440,1440.0,5758,9047,"The mainstream critics ' thankless task ( their privilege ) is only completed when every last cultural product is herded into this universal corral of taste where, to quote Bourdieu once more, ‘ the most classifying privilege has the privilege of appearing to be the most natural one’.",0 0 0 0 0 0 0 0 0 0 0 0 0 0 1 1 0 0 0 0 0 0 0 0 0 0 0 0 0 0 0 0 0 0 0 0 0 0 0 0 0 0 0 0 0 0 0 0,every last,figurative,identical,DET NOUN NOUN PART ADJ NOUN PUNCT ADJ NOUN PUNCT VERB ADV VERB ADV DET ADJ ADJ NOUN VERB VERB ADP DET ADJ NOUN ADP NOUN ADV PART VERB PROPN ADV ADV PUNCT DET ADV ADJ NOUN VERB DET NOUN ADP VERB PART VERB DET ADV ADJ NOUN,1.0,"The mainstream critics ' thankless task ( their privilege ) is only completed when [PET_BOUNDARY] every last [PET_BOUNDARY] cultural product is herded into this universal corral of taste where, to quote Bourdieu once more, ‘ the most classifying privilege has the privilege of appearing to be the most natural one’.",1,,,,,,,
1011,1011.0,19043,28332,"From this perspective, the witch - doctor is clearly on the side of the angels and his business is highly legitimate.",0 0 0 0 0 0 0 0 0 1 0 1 1 0 1 0 0 0 0 0 0,on the side of the angels,figurative,identical,ADP DET NOUN DET NOUN PUNCT NOUN VERB ADV ADP DET NOUN ADP DET NOUN CCONJ ADJ NOUN VERB ADV ADJ,1.0,"From this perspective, the witch - doctor is clearly [PET_BOUNDARY] on the side of the angels [PET_BOUNDARY] and his business is highly legitimate.",1,,,,,,,
986,986.0,21497,32085,"If he was the sort who enjoyed playing the field then she might have understood, but he didn't strike her as being that type at all.",0 0 0 0 0 0 0 1 0 1 0 0 0 0 0 0 0 0 0 0 0 0 0 0 0 0,play the field,figurative,inflection,ADP PRON VERB DET NOUN NOUN VERB VERB DET NOUN ADV PRON VERB VERB VERB CCONJ PRON VERB VERB PRON ADP VERB DET NOUN ADV ADV,1.0,"If he was the sort who enjoyed [PET_BOUNDARY] playing the field [PET_BOUNDARY] then she might have understood, but he didn't strike her as being that type at all.",1,,,,,,,
1482,1482.0,9177,14712,Gone with the Wind,1 1 0 1,gone with the wind,figurative,case,VERB ADP DET NOUN,1.0,[PET_BOUNDARY] Gone with the Wind [PET_BOUNDARY],1,,,,,,,
1187,1187.0,10172,16032,"This kind of heart - to - heart conversation is quite different from a form of interaction where solidarity is established around common causes, or against common enemies or threats.",0 0 0 1 0 1 0 1 0 0 0 0 0 0 0 0 0 0 0 0 0 0 0 0 0 0 0 0 0 0,heart to heart,figurative,dashes,DET NOUN ADP NOUN PUNCT ADP PUNCT NOUN NOUN VERB ADV ADJ ADP DET NOUN ADP NOUN ADV NOUN VERB VERB ADP ADJ NOUN CCONJ ADP ADJ NOUN CCONJ NOUN,1.0,"This kind of [PET_BOUNDARY] heart - to - heart [PET_BOUNDARY] conversation is quite different from a form of interaction where solidarity is established around common causes, or against common enemies or threats.",1,,,,,,,
1516,1516.0,5894,9310,Inevitably there is less face - to - face contact between members and communication must often take place via staff.,0 0 0 0 1 0 1 0 1 0 0 0 0 0 0 0 0 0 0 0,face to face,figurative,dashes,ADV ADV VERB ADJ NOUN PUNCT ADP PUNCT NOUN NOUN ADP NOUN CCONJ NOUN VERB ADV VERB NOUN ADP NOUN,1.0,Inevitably there is less [PET_BOUNDARY] face - to - face [PET_BOUNDARY] contact between members and communication must often take place via staff.,1,,,,,,,
1180,1180.0,12468,19314,"I mean, in the long run their both, they both give the same outcome, alright, but farmers want to try and avoid that variability of income, alright, so they 'll much prefer to, instead of having, you know, they probably prefer erm, a certain income of forty pounds rather than erm, an equal chance of getting one hundred pounds or zero.",0 0 1 0 1 1 0 0 0 0 0 0 0 0 0 0 0 0 0 0 0 0 0 0 0 0 0 0 0 0 0 0 0 0 0 0 0 0 0 0 0 0 0 0 0 0 0 0 0 0 0 0 0 0 0 0 0 0 0 0 0,in the long run,figurative,identical,PRON VERB ADP DET ADJ NOUN ADJ DET PRON DET VERB DET ADJ NOUN INTJ CCONJ NOUN VERB PART VERB CCONJ VERB DET NOUN ADP NOUN INTJ ADV PRON VERB ADV VERB PART ADV ADP VERB PRON VERB PRON ADV VERB NOUN DET ADJ NOUN ADP NUM NOUN ADV ADP NOUN DET ADJ NOUN ADP VERB NUM NUM NOUN CCONJ NUM,1.0,"I mean, [PET_BOUNDARY] in the long run [PET_BOUNDARY] their both, they both give the same outcome, alright, but farmers want to try and avoid that variability of income, alright, so they 'll much prefer to, instead of having, you know, they probably prefer erm, a certain income of forty pounds rather than erm, an equal chance of getting one hundred pounds or zero.",1,,,,,,,
1066,1066.0,5614,8773,"His friends and colleagues gave him a memorable send off and presented him with binoculars ( for his bird watching ), a leather writing case ( so that he can drop us a line from far off places ) and a couple of brandy glasses ( empty — unfortunately ).",0 0 0 0 0 0 0 0 0 0 0 0 0 0 0 0 0 0 0 0 0 0 0 0 0 0 0 0 0 0 1 1 0 1 0 0 0 0 0 0 0 0 0 0 0 0 0 0 0 0,drop someone a line,figurative,objective,ADJ NOUN CCONJ NOUN VERB PRON DET ADJ NOUN PART CCONJ VERB PRON ADP NOUN PUNCT ADP ADJ NOUN NOUN PUNCT DET NOUN NOUN NOUN PUNCT ADP ADP PRON VERB VERB PRON DET NOUN ADP ADV PART NOUN PUNCT CCONJ DET NOUN ADP NOUN NOUN PUNCT ADJ PUNCT ADV PUNCT,1.0,"His friends and colleagues gave him a memorable send off and presented him with binoculars ( for his bird watching ), a leather writing case ( so that he can [PET_BOUNDARY] drop us a line [PET_BOUNDARY] from far off places ) and a couple of brandy glasses ( empty — unfortunately ).",1,,,,,,,
1829,1829.0,27398,40737,"' You touched some nerve, I guess, ' Masha offered, shrugging.",0 0 1 0 1 0 0 0 0 0 0,touch a nerve,figurative,combined-inflection,PUNCT PRON VERB DET NOUN PRON VERB PUNCT PROPN VERB VERB,1.0,"' You [PET_BOUNDARY] touched some nerve, [PET_BOUNDARY] I guess, ' Masha offered, shrugging.",1,,,,,,,
1449,1449.0,20880,31344,Perish THE THOUGHT!,1 0 1,perish the thought,figurative,case,PROPN DET NOUN,1.0,[PET_BOUNDARY] Perish THE THOUGHT! [PET_BOUNDARY],1,,,,,,,
1050,1050.0,20007,30251,Adoption was out of the question in this country I think in Grampian region there was four babies for,0 0 1 1 0 1 0 0 0 0 0 0 0 0 0 0 0 0 0,out of the question,figurative,identical,PROPN VERB ADP ADP DET NOUN ADP DET NOUN PRON VERB ADP ADJ NOUN ADV VERB NUM NOUN ADP,1.0,Adoption was [PET_BOUNDARY] out of the question [PET_BOUNDARY] in this country I think in Grampian region there was four babies for,1,,,,,,,
1684,1684.0,28867,42951,She was kept in handcuffs and leg - irons right to the moment she walked free from Milwaukee jail.,0 0 0 0 0 0 0 0 0 0 0 0 0 0 1 1 0 0 0,walk free,figurative,inflection,PRON VERB VERB ADP NOUN CCONJ NOUN PUNCT NOUN ADJ ADP DET NOUN PRON VERB ADJ ADP PROPN NOUN,1.0,She was kept in handcuffs and leg - irons right to the moment she [PET_BOUNDARY] walked free [PET_BOUNDARY] from Milwaukee jail.,1,,,,,,,
1495,1495.0,21692,32376,"And if that were not enough, the paper's critic went on : ' His performance is continually kept from affectation by underlying cockney savagery ; he releases in us all the longing to put out tongues, chalk on walls and pull faces behind the back of authority. '",0 0 0 0 0 0 0 0 0 0 0 0 0 0 0 0 0 0 0 0 0 0 0 0 0 0 0 0 0 0 0 0 0 0 0 0 0 0 0 0 1 1 0 0 0 0 0 0,pull a face,figurative,deletion-determiner,CCONJ ADP DET VERB ADV ADJ DET NOUN NOUN VERB ADV PUNCT PUNCT ADJ NOUN VERB ADV VERB ADP NOUN ADP VERB NOUN NOUN PUNCT PRON VERB ADP PRON ADJ DET NOUN PART VERB PART NOUN VERB ADP NOUN CCONJ VERB NOUN ADP DET NOUN ADP NOUN PUNCT,1.0,"And if that were not enough, the paper's critic went on : ' His performance is continually kept from affectation by underlying cockney savagery ; he releases in us all the longing to put out tongues, chalk on walls and [PET_BOUNDARY] pull faces [PET_BOUNDARY] behind the back of authority. '",1,,,,,,,
997,997.0,8414,13370,"Not only might religious education ( and the compulsory school assembly, already more or less a dead letter in many schools ) be abandoned, but the obligation to give sex education or moral instruction might also go by the board.",0 0 0 0 0 0 0 0 0 0 0 0 0 0 0 0 0 0 0 0 0 0 0 0 0 0 0 0 0 0 0 0 0 0 0 0 1 1 0 1,go by the board,figurative,identical,ADV ADV VERB ADJ NOUN PUNCT CCONJ DET ADJ NOUN NOUN ADV ADV CCONJ ADV DET ADJ NOUN ADP ADJ NOUN PUNCT VERB VERB CCONJ DET NOUN PART VERB NOUN NOUN CCONJ ADJ NOUN VERB ADV VERB ADP DET NOUN,1.0,"Not only might religious education ( and the compulsory school assembly, already more or less a dead letter in many schools ) be abandoned, but the obligation to give sex education or moral instruction might also [PET_BOUNDARY] go by the board. [PET_BOUNDARY]",1,,,,,,,
1191,1191.0,2281,3311,Elise had blazed a talented trail to an art college four years before Merrill took up secretarial training.,0 0 1 0 0 1 0 0 0 0 0 0 0 0 0 0 0 0,blaze a trail,figurative,combined-inflection,PROPN VERB VERB DET ADJ NOUN ADP DET NOUN NOUN NUM NOUN ADP PROPN VERB PART ADJ NOUN,1.0,Elise had [PET_BOUNDARY] blazed a talented trail [PET_BOUNDARY] to an art college four years before Merrill took up secretarial training.,1,,,,,,,
1390,1390.0,23531,35062,It's second nature to her to check that she's still attractive to men with every one of them she meets.,0 1 1 0 0 0 0 0 0 0 0 0 0 0 0 0 0 0 0 0,second nature,figurative,identical,PRON ADJ NOUN ADP PRON PART VERB ADP PRON ADV ADJ ADP NOUN ADP DET NUM ADP PRON PRON VERB,1.0,It's [PET_BOUNDARY] second nature [PET_BOUNDARY] to her to check that she's still attractive to men with every one of them she meets.,1,,,,,,,
1097,1097.0,12923,19810,Re - lining scheme is in the pipeline,0 0 0 0 0 1 0 1,in the pipeline,figurative,identical,ADP PUNCT NOUN NOUN VERB ADP DET NOUN,1.0,Re - lining scheme is [PET_BOUNDARY] in the pipeline [PET_BOUNDARY],1,,,,,,,
1494,1494.0,11980,18812,"Faced with a national drought that was playing havoc with his own garden and those of his village neighbours, one Richard Bullock took matters into his own hands and ended up in the dock for his pains.",0 0 0 0 0 0 0 0 0 0 0 0 0 0 0 0 0 0 0 0 0 0 0 0 0 0 0 0 0 0 0 1 0 1 0 0 0,in the dock,figurative,identical,VERB ADP DET ADJ NOUN ADJ VERB VERB NOUN ADP ADJ ADJ NOUN CCONJ DET ADP ADJ NOUN NOUN NUM PROPN PROPN VERB NOUN ADP ADJ ADJ NOUN CCONJ VERB PART ADP DET NOUN ADP ADJ NOUN,1.0,"Faced with a national drought that was playing havoc with his own garden and those of his village neighbours, one Richard Bullock took matters into his own hands and ended up [PET_BOUNDARY] in the dock [PET_BOUNDARY] for his pains.",1,,,,,,,
982,982.0,18282,27571,"‘ No news at all,’ she warned, ‘ until I know how you 've been … and whether you are on the mend.’",0 0 0 0 0 0 0 0 0 0 0 0 0 0 0 0 0 0 0 0 1 0 1,on the mend,figurative,dashes,PUNCT DET NOUN ADP NOUN PRON VERB PUNCT ADP PRON VERB ADV PRON VERB VERB PUNCT CCONJ ADP PRON VERB ADP DET NOUN,1.0,"‘ No news at all,’ she warned, ‘ until I know how you 've been … and whether you are [PET_BOUNDARY] on the mend.’ [PET_BOUNDARY]",1,,,,,,,
1040,1040.0,19732,29973,"‘ Well, it's a recognised symptom of the condition that an attack can come out of the blue.",0 0 0 0 0 0 0 0 0 0 0 0 0 0 1 1 0 1,out of the blue,figurative,identical,PUNCT INTJ PRON DET VERB NOUN ADP DET NOUN ADP DET NOUN VERB VERB ADP ADP DET NOUN,1.0,"‘ Well, it's a recognised symptom of the condition that an attack can come [PET_BOUNDARY] out of the blue. [PET_BOUNDARY]",1,,,,,,,
1752,1752.0,1576,2089,"Political prudence and the dangers of a frontal attack on the Church restrained them to the sale of common lands and the abolition of civil entails, ' pulling up by the roots the tree which bears such bitter fruits '.",0 0 0 0 0 0 0 0 0 0 0 0 0 0 0 0 0 0 0 0 0 0 0 0 0 0 0 0 0 0 0 0 0 0 0 1 0 0 1 0,bear fruit,figurative,combined-inflection,ADJ NOUN CCONJ DET NOUN ADP DET ADJ NOUN ADP DET PROPN VERB PRON ADP DET NOUN ADP ADJ NOUN CCONJ DET NOUN ADP ADJ NOUN PUNCT VERB PART ADP DET NOUN DET NOUN ADJ VERB ADJ ADJ NOUN PUNCT,1.0,"Political prudence and the dangers of a frontal attack on the Church restrained them to the sale of common lands and the abolition of civil entails, ' pulling up by the roots the tree which [PET_BOUNDARY] bears such bitter fruits [PET_BOUNDARY] '.",1,,,,,,,
1731,1731.0,1884,2577,She said : ‘ I 'd rather he was sorted out than behind bars.,0 0 0 0 0 0 0 0 0 0 0 0 1 1,behind bars,figurative,identical,PRON VERB PUNCT PUNCT PRON VERB ADV PRON VERB VERB ADP ADP ADP NOUN,1.0,She said : ‘ I 'd rather he was sorted out than [PET_BOUNDARY] behind bars. [PET_BOUNDARY],1,,,,,,,
1405,1405.0,26365,39400,"To Fabia, who thought the world of her, this latest interview was further proof of how good at her job Cara was.",0 0 0 1 0 1 1 0 0 0 0 0 0 0 0 0 0 0 0 0 0 0,think the world of,figurative,inflection,ADP PROPN NOUN VERB DET NOUN ADP PRON DET ADJ NOUN VERB ADJ NOUN ADP ADV ADJ ADP ADJ NOUN PROPN VERB,1.0,"To Fabia, who [PET_BOUNDARY] thought the world of [PET_BOUNDARY] her, this latest interview was further proof of how good at her job Cara was.",1,,,,,,,
1658,1658.0,26739,40016,"‘ And a filthy temper to boot,’ Athelstan thought, but decided to keep his own counsel.",0 0 0 0 0 1 1 0 0 0 0 0 0 0 0 0,to boot,figurative,dashes,PUNCT CCONJ DET ADJ NOUN ADP VERB PROPN NOUN CCONJ VERB PART VERB ADJ ADJ NOUN,1.0,"‘ And a filthy temper [PET_BOUNDARY] to boot,’ [PET_BOUNDARY] Athelstan thought, but decided to keep his own counsel.",1,,,,,,,
1856,1856.0,18029,27317,By the beginning of 1957 Franco found himself on the horns of a dilemma : both change and immobilism implied a high degree of risk for his continuation in power.,0 0 0 0 0 0 0 0 1 0 1 1 0 1 0 0 0 0 0 0 0 0 0 0 0 0 0 0 0 0,on the horns of a dilemma,figurative,identical,ADP DET NOUN ADP NUM PROPN VERB PRON ADP DET NOUN ADP DET NOUN PUNCT DET NOUN CCONJ NOUN VERB DET ADJ NOUN ADP NOUN ADP ADJ NOUN ADP NOUN,1.0,By the beginning of 1957 Franco found himself [PET_BOUNDARY] on the horns of a dilemma [PET_BOUNDARY] : both change and immobilism implied a high degree of risk for his continuation in power.,1,,,,,,,
1145,1145.0,6517,10479,"At the time when the survey was conducted, the vast majority of Oxfordshire's schools had already reported the results of a whole school review to their governors and to the LEA, and the rest were about to follow suit.",0 0 0 0 0 0 0 0 0 0 0 0 0 0 0 0 0 0 0 0 0 0 0 0 0 0 0 0 0 0 0 0 0 0 0 0 0 1 1,follow suit,figurative,identical,ADP DET NOUN ADV DET NOUN VERB VERB DET ADJ NOUN ADP PROPN NOUN VERB ADV VERB DET NOUN ADP DET ADJ NOUN NOUN ADP ADJ NOUN CCONJ ADP DET PROPN CCONJ DET NOUN VERB ADJ PART VERB NOUN,1.0,"At the time when the survey was conducted, the vast majority of Oxfordshire's schools had already reported the results of a whole school review to their governors and to the LEA, and the rest were about to [PET_BOUNDARY] follow suit. [PET_BOUNDARY]",1,,,,,,,
1867,1867.0,29635,44162,"Then comes our Mistress to us without fail,",0 0 0 0 0 0 1 1,without fail,figurative,identical,ADV VERB ADJ PROPN ADP PRON ADP NOUN,1.0,"Then comes our Mistress to us [PET_BOUNDARY] without fail, [PET_BOUNDARY]",1,,,,,,,
1348,1348.0,25546,38284,"It took root, and remained intact, despite considerable public and commercial dissatisfaction with the monopoly in broadcasting.",0 1 1 0 0 0 0 0 0 0 0 0 0 0 0 0 0,take root,figurative,inflection,PRON VERB NOUN CCONJ VERB ADJ ADP ADJ ADJ CCONJ ADJ NOUN ADP DET NOUN ADP NOUN,1.0,"It [PET_BOUNDARY] took root, [PET_BOUNDARY] and remained intact, despite considerable public and commercial dissatisfaction with the monopoly in broadcasting.",1,,,,,,,
1270,1270.0,452,658,There were pubs all over the place which served perfectly acceptable Sunday lunches.,0 0 0 1 1 0 1 0 0 0 0 0 0,all over the place,figurative,identical,ADV VERB NOUN ADV ADP DET NOUN ADJ VERB ADV ADJ PROPN NOUN,1.0,There were pubs [PET_BOUNDARY] all over the place [PET_BOUNDARY] which served perfectly acceptable Sunday lunches.,1,,,,,,,
1252,1252.0,4383,7154,"Chris Tavaré, who has struggled for batting form for much of the summer and come unstuck with some of his third - day declarations, will be back next year.",0 0 0 0 0 0 0 0 0 0 0 0 0 0 1 1 0 0 0 0 0 0 0 0 0 0 0 0 0,come unstuck,figurative,identical,PROPN PROPN NOUN VERB VERB ADP NOUN NOUN ADP ADJ ADP DET NOUN CCONJ VERB ADJ ADP DET ADP ADJ ADJ PUNCT NOUN NOUN VERB VERB ADV ADJ NOUN,1.0,"Chris Tavaré, who has struggled for batting form for much of the summer and [PET_BOUNDARY] come unstuck [PET_BOUNDARY] with some of his third - day declarations, will be back next year.",1,,,,,,,
1589,1589.0,15253,23288,The man who ran the world's first sub - four minute mile has been back to the track where he made history nearly thirty five years ago.,0 0 0 0 0 0 0 0 0 0 0 0 0 0 0 0 0 0 0 0 1 1 0 0 0 0 0,make history,figurative,inflection,DET NOUN NOUN VERB DET NOUN ADJ NOUN PUNCT NUM NOUN NOUN VERB VERB ADV ADP DET NOUN ADV PRON VERB NOUN ADV NUM NUM NOUN ADV,1.0,The man who ran the world's first sub - four minute mile has been back to the track where he [PET_BOUNDARY] made history [PET_BOUNDARY] nearly thirty five years ago.,1,,,,,,,
1322,1322.0,5916,9345,"Compared to sex offences on children, which cause universal shock and horror to policemen, in the masculine occupational culture of the station women are sex objects and, in other circumstances, would be considered ‘ fair game’.",0 0 0 0 0 0 0 0 0 0 0 0 0 0 0 0 0 0 0 0 0 0 0 0 0 0 0 0 0 0 0 0 0 0 1 1,fair game,figurative,dashes,VERB ADP NOUN NOUN ADP NOUN ADJ VERB ADJ NOUN CCONJ NOUN ADP NOUN ADP DET ADJ ADJ NOUN ADP DET NOUN NOUN VERB NOUN NOUN CCONJ ADP ADJ NOUN VERB VERB VERB PUNCT ADJ NOUN,1.0,"Compared to sex offences on children, which cause universal shock and horror to policemen, in the masculine occupational culture of the station women are sex objects and, in other circumstances, would be considered ‘ [PET_BOUNDARY] fair game’. [PET_BOUNDARY]",1,,,,,,,
1492,1492.0,15949,24628,Hoover last night denied any restrictions and insisted the promotion was a no - strings attached deal.,0 0 0 0 0 0 0 0 0 0 0 0 1 0 1 1 0,no strings attached,figurative,dashes,PROPN ADJ NOUN VERB DET NOUN CCONJ VERB DET NOUN VERB DET DET PUNCT NOUN VERB NOUN,1.0,Hoover last night denied any restrictions and insisted the promotion was a [PET_BOUNDARY] no - strings attached [PET_BOUNDARY] deal.,1,,,,,,,
981,981.0,24084,36041,"Joseph Slatter was a local vagrant who travelled the vicinity, sleeping rough, and doing odd jobs.",0 0 0 0 0 0 0 0 0 0 1 1 0 0 0 0,sleep rough,figurative,inflection,PROPN PROPN VERB DET ADJ NOUN NOUN VERB DET NOUN VERB ADJ CCONJ VERB ADJ NOUN,1.0,"Joseph Slatter was a local vagrant who travelled the vicinity, [PET_BOUNDARY] sleeping rough, [PET_BOUNDARY] and doing odd jobs.",1,,,,,,,
1662,1662.0,27522,40947,"Members of the Academy turned a blind eye to the black marketeers, because the Seven Planets needed food and supplies and the corporations wouldn't trade with independent worlds.",0 0 0 0 1 0 1 1 0 0 0 0 0 0 0 0 0 0 0 0 0 0 0 0 0 0 0 0,turn a blind eye,figurative,inflection,NOUN ADP DET PROPN VERB DET ADJ NOUN ADP DET ADJ NOUN ADP DET PROPN PROPN VERB NOUN CCONJ NOUN CCONJ DET NOUN VERB VERB ADP ADJ NOUN,1.0,"Members of the Academy [PET_BOUNDARY] turned a blind eye [PET_BOUNDARY] to the black marketeers, because the Seven Planets needed food and supplies and the corporations wouldn't trade with independent worlds.",1,,,,,,,
1334,1334.0,20805,31269,"The employers ' pecking order may undervalue polytechnic graduates : the three highest - ranking Poly's ( Kingston, Huddersfield and Nottingham ) only start to appear after twentythree universities.",0 0 0 1 1 0 0 0 0 0 0 0 0 0 0 0 0 0 0 0 0 0 0 0 0 0 0 0 0,pecking order,figurative,identical,DET NOUN PART VERB NOUN VERB VERB ADJ NOUN PUNCT DET NUM ADV PUNCT VERB PROPN PUNCT PROPN PROPN CCONJ PROPN PUNCT ADV VERB PART VERB ADP NOUN NOUN,1.0,"The employers ' [PET_BOUNDARY] pecking order [PET_BOUNDARY] may undervalue polytechnic graduates : the three highest - ranking Poly's ( Kingston, Huddersfield and Nottingham ) only start to appear after twentythree universities.",1,,,,,,,
1356,1356.0,24782,36920,"There will soon be a severe shortage of young people for any industry, so the motor industry needs to stake its claim fast.",0 0 0 0 0 0 0 0 0 0 0 0 0 0 0 0 0 0 0 1 0 1 0,stake a claim,figurative,determiner-broad,ADV VERB ADV VERB DET ADJ NOUN ADP ADJ NOUN ADP DET NOUN CCONJ DET NOUN NOUN VERB PART VERB ADJ NOUN ADV,1.0,"There will soon be a severe shortage of young people for any industry, so the motor industry needs to [PET_BOUNDARY] stake its claim [PET_BOUNDARY] fast.",1,,,,,,,
1789,1789.0,5766,9055,Finishing every last morsel on your plate won't make your hair curl or do anything to help the starving children in India.,0 1 1 0 0 0 0 0 0 0 0 0 0 0 0 0 0 0 0 0 0 0,every last,figurative,identical,VERB DET ADJ NOUN ADP ADJ NOUN VERB VERB ADJ NOUN VERB CCONJ VERB NOUN PART VERB DET VERB NOUN ADP PROPN,1.0,Finishing [PET_BOUNDARY] every last [PET_BOUNDARY] morsel on your plate won't make your hair curl or do anything to help the starving children in India.,1,,,,,,,
1846,1846.0,12905,19792,"Another 95 were being axed in 51 schools, with a possible 90 further redundancies in the pipeline.",0 0 0 0 0 0 0 0 0 0 0 0 0 0 1 0 1,in the pipeline,figurative,identical,DET NUM VERB VERB VERB ADP NUM NOUN ADP DET ADJ NUM ADJ NOUN ADP DET NOUN,1.0,"Another 95 were being axed in 51 schools, with a possible 90 further redundancies [PET_BOUNDARY] in the pipeline. [PET_BOUNDARY]",1,,,,,,,
1725,1725.0,12564,19410,In the long run Dulles expected the superior economic strength of the United States to ensure its success against the USSR.,1 0 1 1 0 0 0 0 0 0 0 0 0 0 0 0 0 0 0 0 0,in the long run,figurative,case,ADP DET ADJ NOUN PROPN VERB DET ADJ ADJ NOUN ADP DET PROPN PROPN PART VERB ADJ NOUN ADP DET PROPN,1.0,[PET_BOUNDARY] In the long run [PET_BOUNDARY] Dulles expected the superior economic strength of the United States to ensure its success against the USSR.,1,,,,,,,
1001,1001.0,14740,22549,"The organisers of the annual EAA Convention, held at Wittman Regional Airport, Oshkosh, Wisconsin, have got things down to a fine art, the event runs like clockwork, in fact it would probably do some airshow organisers in Europe a power of good to pay a visit to Oshkosh and see for themselves how fly - ins, airshows and ground exhibitions can, and should, be run.",0 0 0 0 0 0 0 0 0 0 0 0 0 0 0 0 0 0 0 0 0 0 0 0 0 1 1 0 0 0 0 0 0 0 0 0 0 0 0 0 0 0 0 0 0 0 0 0 0 0 0 0 0 0 0 0 0 0 0 0 0 0 0 0 0,like clockwork,figurative,identical,DET NOUN ADP DET ADJ PROPN PROPN VERB ADP PROPN PROPN PROPN PROPN PROPN VERB VERB NOUN PART ADP DET ADJ NOUN DET NOUN VERB ADP NOUN ADP NOUN PRON VERB ADV VERB DET NOUN NOUN ADP PROPN DET NOUN ADP NOUN PART VERB DET NOUN ADP PROPN CCONJ VERB ADP PRON ADV NOUN PUNCT NOUN NOUN CCONJ NOUN NOUN VERB CCONJ VERB VERB VERB,1.0,"The organisers of the annual EAA Convention, held at Wittman Regional Airport, Oshkosh, Wisconsin, have got things down to a fine art, the event runs [PET_BOUNDARY] like clockwork, [PET_BOUNDARY] in fact it would probably do some airshow organisers in Europe a power of good to pay a visit to Oshkosh and see for themselves how fly - ins, airshows and ground exhibitions can, and should, be run.",1,,,,,,,
1448,1448.0,11401,18233,"The problem is that the two may not change in tandem ; the first may need to change rapidly, while the latter change only slowly if at all.",0 0 0 0 0 0 0 0 0 1 1 0 0 0 0 0 0 0 0 0 0 0 0 0 0 0 0 0,in tandem,figurative,identical,DET NOUN VERB ADP DET NUM VERB ADV VERB ADP NOUN PUNCT DET ADJ VERB VERB PART VERB ADV ADP DET ADJ NOUN ADV ADV ADP ADV ADV,1.0,"The problem is that the two may not change [PET_BOUNDARY] in tandem [PET_BOUNDARY] ; the first may need to change rapidly, while the latter change only slowly if at all.",1,,,,,,,
1233,1233.0,3293,4985,Call it a day out here? ',1 1 0 1 0 0 0,call it a day,figurative,case,VERB PRON DET NOUN ADV ADV PUNCT,1.0,[PET_BOUNDARY] Call it a day [PET_BOUNDARY] out here? ',1,,,,,,,
1776,1776.0,19486,28966,"For instance, they didn't tell you if the landowner and Mr Alec Chipstead were one and the same person, though you could tell that was what they meant.",0 0 0 0 0 0 0 0 0 0 0 0 0 0 1 1 0 1 0 0 0 0 0 0 0 0 0 0,one and the same,figurative,identical,ADP NOUN PRON VERB VERB PRON ADP DET NOUN CCONJ PROPN PROPN PROPN VERB NUM CCONJ DET ADJ NOUN ADP PRON VERB VERB DET VERB NOUN PRON VERB,1.0,"For instance, they didn't tell you if the landowner and Mr Alec Chipstead were [PET_BOUNDARY] one and the same [PET_BOUNDARY] person, though you could tell that was what they meant.",1,,,,,,,
1692,1692.0,7308,11587,‘ I give you full marks for a vivid imagination but … ’,0 0 0 0 1 1 0 0 0 0 0 0 0,full marks,figurative,identical,PUNCT PRON VERB PRON ADJ NOUN ADP DET ADJ NOUN CCONJ PUNCT PUNCT,1.0,‘ I give you [PET_BOUNDARY] full marks [PET_BOUNDARY] for a vivid imagination but … ’,1,,,,,,,
1350,1350.0,12148,18980,"His widow, Sarah, said : ‘ He was always in the fast lane.",0 0 0 0 0 0 0 0 0 1 0 1 1,in the fast lane,figurative,identical,ADJ NOUN PROPN VERB PUNCT PUNCT PRON VERB ADV ADP DET ADJ NOUN,1.0,"His widow, Sarah, said : ‘ He was always [PET_BOUNDARY] in the fast lane. [PET_BOUNDARY]",1,,,,,,,
1816,1816.0,2481,3671,less broken even as well as you see.,0 1 1 0 0 0 0 0,break even,figurative,inflection,ADV VERB ADV ADV ADV ADP PRON VERB,1.0,less [PET_BOUNDARY] broken even [PET_BOUNDARY] as well as you see.,1,,,,,,,
1317,1317.0,1647,2160,The improving trend in the year's quarterly results is evidence that our efforts are bearing fruit.,0 0 0 0 0 0 0 0 0 0 0 0 0 0 1 1,bear fruit,figurative,inflection,DET VERB NOUN ADP DET NOUN ADJ NOUN VERB NOUN ADP ADJ NOUN VERB VERB NOUN,1.0,The improving trend in the year's quarterly results is evidence that our efforts are [PET_BOUNDARY] bearing fruit. [PET_BOUNDARY],1,,,,,,,
1173,1173.0,19765,30006,It is an irresistible inference that before 5 p.m. the mother had discussed the question of blood transfusions with her daughter because Miss T. ‘ out of the blue’ according to the nurse raised the subject.,0 0 0 0 0 0 0 0 0 0 0 0 0 0 0 0 0 0 0 0 0 0 0 0 0 1 1 0 1 0 0 0 0 0 0 0,out of the blue,figurative,dashes,PRON VERB DET ADJ NOUN ADP ADP NUM ADV DET NOUN VERB VERB DET NOUN ADP NOUN NOUN ADP ADJ NOUN ADP PROPN PROPN PUNCT ADP ADP DET NOUN VERB ADP DET NOUN VERB DET NOUN,1.0,It is an irresistible inference that before 5 p.m. the mother had discussed the question of blood transfusions with her daughter because Miss T. ‘ [PET_BOUNDARY] out of the blue’ [PET_BOUNDARY] according to the nurse raised the subject.,1,,,,,,,
984,984.0,3460,5225,"It wasn't their fault, usually, that the firm was doing badly, but they had to carry the can.",0 0 0 0 0 0 0 0 0 0 0 0 0 0 0 1 0 1,carry the can,figurative,identical,PRON VERB ADJ NOUN ADV ADP DET NOUN VERB VERB ADV CCONJ PRON VERB PART VERB DET NOUN,1.0,"It wasn't their fault, usually, that the firm was doing badly, but they had to [PET_BOUNDARY] carry the can. [PET_BOUNDARY]",1,,,,,,,
1167,1167.0,23237,34674,She rode furiously to the asylum grounds and looked up at the tree where the leaves had run riot in late summer.,0 0 0 0 0 0 0 0 0 0 0 0 0 0 0 0 0 1 1 0 0 0,run riot,figurative,identical,PRON VERB ADV ADP DET ADJ NOUN CCONJ VERB PART ADP DET NOUN ADV DET NOUN VERB VERB NOUN ADP ADJ NOUN,1.0,She rode furiously to the asylum grounds and looked up at the tree where the leaves had [PET_BOUNDARY] run riot [PET_BOUNDARY] in late summer.,1,,,,,,,
1083,1083.0,15147,23067,"It was noticeable that Docklands Express and Cool Ground were both together in the middle of the field, neither having yet made a move.",0 0 0 0 0 0 0 0 0 0 0 0 0 0 0 0 0 0 0 0 0 1 0 1,make a move,figurative,inflection,PRON VERB ADJ ADP PROPN PROPN CCONJ PROPN PROPN VERB DET ADV ADP DET NOUN ADP DET NOUN CCONJ VERB ADV VERB DET NOUN,1.0,"It was noticeable that Docklands Express and Cool Ground were both together in the middle of the field, neither having yet [PET_BOUNDARY] made a move. [PET_BOUNDARY]",1,,,,,,,
1415,1415.0,27434,40803,Touch wood!,1 1,touch wood,figurative,case,NOUN NOUN,1.0,[PET_BOUNDARY] Touch wood! [PET_BOUNDARY],1,,,,,,,
1536,1536.0,17605,26753,He took four of six rounds and yet without ever making his supporters believe that a decisive victory was on the cards.,0 0 0 0 0 0 0 0 0 0 0 0 0 0 0 0 0 0 0 1 0 1,on the cards,figurative,identical,PRON VERB NUM ADP NUM NOUN CCONJ ADV ADP ADV VERB ADJ NOUN VERB ADP DET ADJ NOUN VERB ADP DET NOUN,1.0,He took four of six rounds and yet without ever making his supporters believe that a decisive victory was [PET_BOUNDARY] on the cards. [PET_BOUNDARY],1,,,,,,,
1522,1522.0,15599,23871,The Swiss player also got his marching orders and team - mate Raphael Comisetti went two minutes later for a lunge at Darren Salton.,0 0 0 0 0 0 1 1 0 0 0 0 0 0 0 0 0 0 0 0 0 0 0 0,marching orders,figurative,identical,DET ADJ NOUN ADV VERB ADJ NOUN NOUN CCONJ NOUN PUNCT NOUN PROPN PROPN VERB NUM NOUN ADV ADP DET NOUN ADP PROPN PROPN,1.0,The Swiss player also got his [PET_BOUNDARY] marching orders [PET_BOUNDARY] and team - mate Raphael Comisetti went two minutes later for a lunge at Darren Salton.,1,,,,,,,
1105,1105.0,7838,12222,The economic recession and the sharp rise in unemployment of that year forced the Conservative government to change its policies before they had got off the ground.,0 0 0 0 0 0 0 0 0 0 0 0 0 0 0 0 0 0 0 0 0 0 0 1 1 0 1,get off the ground,figurative,inflection,DET ADJ NOUN CCONJ DET ADJ NOUN ADP NOUN ADP DET NOUN VERB DET ADJ NOUN PART VERB ADJ NOUN ADP PRON VERB VERB ADP DET NOUN,1.0,The economic recession and the sharp rise in unemployment of that year forced the Conservative government to change its policies before they had [PET_BOUNDARY] got off the ground. [PET_BOUNDARY],1,,,,,,,
979,979.0,8996,14289,"If we daydream while going through the motions of reading we can still recognise words, and perhaps even convince ourselves that we are reading.",0 0 0 0 1 1 0 1 0 0 0 0 0 0 0 0 0 0 0 0 0 0 0 0,go through the motions,figurative,inflection,ADP PRON VERB ADP VERB ADP DET NOUN ADP VERB PRON VERB ADV VERB NOUN CCONJ ADV ADV VERB PRON ADP PRON VERB VERB,1.0,"If we daydream while [PET_BOUNDARY] going through the motions [PET_BOUNDARY] of reading we can still recognise words, and perhaps even convince ourselves that we are reading.",1,,,,,,,
1304,1304.0,13007,19894,"What this suggests is that perception and cognition go hand in hand ( as indeed they do in modern psychological theories ) : the eye does not passively record objects in the raw, but structures and schematizes them in cognitively coded groupings.",0 0 0 0 0 0 0 0 0 0 0 0 0 0 0 0 0 0 0 0 0 0 0 0 0 0 0 0 0 0 1 0 1 0 0 0 0 0 0 0 0 0,in the raw,figurative,identical,NOUN DET VERB VERB ADP NOUN CCONJ NOUN VERB NOUN ADP NOUN PUNCT ADP ADV PRON VERB ADP ADJ ADJ NOUN PUNCT PUNCT DET NOUN VERB ADV ADV ADJ NOUN ADP DET ADJ CCONJ NOUN CCONJ VERB PRON ADP ADV VERB NOUN,1.0,"What this suggests is that perception and cognition go hand in hand ( as indeed they do in modern psychological theories ) : the eye does not passively record objects [PET_BOUNDARY] in the raw, [PET_BOUNDARY] but structures and schematizes them in cognitively coded groupings.",1,,,,,,,
1302,1302.0,12425,19271,"The two are related : more tourists might boost the economy, but they would damage Bhutan ’s environment and culture, and so reduce happiness in the long run.",0 0 0 0 0 0 0 0 0 0 0 0 0 0 0 0 0 0 0 0 0 0 0 0 1 0 1 1,in the long run,figurative,identical,DET NUM VERB VERB PUNCT ADJ NOUN VERB VERB DET NOUN CCONJ PRON VERB VERB PROPN PART NOUN CCONJ NOUN CCONJ ADV VERB NOUN ADP DET ADJ NOUN,1.0,"The two are related : more tourists might boost the economy, but they would damage Bhutan ’s environment and culture, and so reduce happiness [PET_BOUNDARY] in the long run. [PET_BOUNDARY]",1,,,,,,,
1250,1250.0,23192,34562,"They are books which bring together all three of the worlds we inhabit, and they are books which appear to thrive on being seen through — on the transparency of their suggestion that tyrannies, that sycophancy, conspiracy and repression, courts and courtiers, are all on the royal right, and in the bush, and running into the sand.",0 0 0 0 0 0 0 0 0 0 0 0 0 0 0 0 0 0 0 0 0 0 0 0 0 0 0 0 0 0 0 0 0 0 0 0 0 0 0 0 0 0 0 0 0 0 0 0 0 0 0 0 0 1 1 0 1,run into the sand,figurative,inflection,PRON VERB NOUN ADJ VERB ADV DET NUM ADP DET NOUN PRON VERB CCONJ PRON VERB NOUN ADJ VERB PART VERB ADP VERB VERB ADP PUNCT ADP DET NOUN ADP ADJ NOUN ADP NOUN DET NOUN NOUN CCONJ NOUN NOUN CCONJ NOUN VERB DET ADP DET ADJ NOUN CCONJ ADP DET NOUN CCONJ VERB ADP DET NOUN,1.0,"They are books which bring together all three of the worlds we inhabit, and they are books which appear to thrive on being seen through — on the transparency of their suggestion that tyrannies, that sycophancy, conspiracy and repression, courts and courtiers, are all on the royal right, and in the bush, and [PET_BOUNDARY] running into the sand. [PET_BOUNDARY]",1,,,,,,,
1574,1574.0,14717,22494,"BRITISH Rail booking clerks watched a man being attacked and robbed without lifting a finger to help him, it was claimed yesterday.",0 0 0 0 0 0 0 0 0 0 0 0 1 0 1 0 0 0 0 0 0 0,lift a finger,figurative,inflection,PROPN PROPN NOUN NOUN VERB DET NOUN VERB VERB CCONJ VERB ADP VERB DET NOUN PART VERB PRON PRON VERB VERB NOUN,1.0,"BRITISH Rail booking clerks watched a man being attacked and robbed without [PET_BOUNDARY] lifting a finger [PET_BOUNDARY] to help him, it was claimed yesterday.",1,,,,,,,
1388,1388.0,10406,16431,"Malc closed the shop eventually and we hit the road together once again, his Mother and Father moving in to take care of the boys while we toured from Land's End to John O'Groats in pursuit of sufficient money to pay off our debts.",0 0 0 0 0 0 0 1 0 1 0 0 0 0 0 0 0 0 0 0 0 0 0 0 0 0 0 0 0 0 0 0 0 0 0 0 0 0 0 0 0 0 0 0,hit the road,figurative,identical,NOUN VERB DET NOUN ADV CCONJ PRON VERB DET NOUN ADV ADV ADV ADJ PROPN CCONJ PROPN VERB PART PART VERB NOUN ADP DET NOUN ADP PRON VERB ADP PROPN NOUN ADP PROPN PROPN ADP NOUN ADP ADJ NOUN PART VERB PART ADJ NOUN,1.0,"Malc closed the shop eventually and we [PET_BOUNDARY] hit the road [PET_BOUNDARY] together once again, his Mother and Father moving in to take care of the boys while we toured from Land's End to John O'Groats in pursuit of sufficient money to pay off our debts.",1,,,,,,,
1230,1230.0,10252,16275,"Indeed when they arrived at Balmoral, where they stayed from August to late October, the full impact of life as Princess of Wales began to hit home.",0 0 0 0 0 0 0 0 0 0 0 0 0 0 0 0 0 0 0 0 0 0 0 0 0 1 1,hit home,figurative,identical,ADV ADV PRON VERB ADP PROPN ADV PRON VERB ADP PROPN ADP ADJ PROPN DET ADJ NOUN ADP NOUN ADP PROPN ADP PROPN VERB PART VERB ADV,1.0,"Indeed when they arrived at Balmoral, where they stayed from August to late October, the full impact of life as Princess of Wales began to [PET_BOUNDARY] hit home. [PET_BOUNDARY]",1,,,,,,,
1685,1685.0,20566,30968,"ethnic origins, yeah, I thought that was a bit over the top.",0 0 0 0 0 0 0 0 0 1 0 1,over the top,figurative,identical,ADJ NOUN INTJ PRON VERB DET VERB DET NOUN ADP DET NOUN,1.0,"ethnic origins, yeah, I thought that was a bit [PET_BOUNDARY] over the top. [PET_BOUNDARY]",1,,,,,,,
1003,1003.0,9122,14501,A RARE 1966 World Cup Final programme autographed by the England team went under the hammer for £ 500 at an auction this weekend.,0 0 0 0 0 0 0 0 0 0 0 0 1 1 0 1 0 0 0 0 0 0 0 0,go under the hammer,figurative,inflection,DET PROPN NUM PROPN PROPN PROPN NOUN VERB ADP DET PROPN NOUN VERB ADP DET NOUN ADP SYM NUM ADP DET NOUN DET NOUN,1.0,A RARE 1966 World Cup Final programme autographed by the England team [PET_BOUNDARY] went under the hammer [PET_BOUNDARY] for £ 500 at an auction this weekend.,1,,,,,,,
1320,1320.0,23675,35240,Please praise God for his faithfulness to us and for using us to help others see the light of Christ and please also pray that others would come along and find help and friendship with us.,0 0 0 0 0 0 0 0 0 0 0 0 0 0 0 1 0 1 0 0 0 0 0 0 0 0 0 0 0 0 0 0 0 0 0 0,see the light,figurative,identical,INTJ VERB PROPN ADP ADJ NOUN ADP PRON CCONJ ADP VERB PRON PART VERB NOUN VERB DET NOUN ADP PROPN CCONJ INTJ ADV VERB ADP NOUN VERB VERB ADV CCONJ VERB NOUN CCONJ VERB ADP PRON,1.0,Please praise God for his faithfulness to us and for using us to help others [PET_BOUNDARY] see the light [PET_BOUNDARY] of Christ and please also pray that others would come along and find help and friendship with us.,1,,,,,,,
1586,1586.0,508,715,"With skating there's no - one saying do this, do that all over the shop.",0 0 0 0 0 0 0 0 0 0 0 1 1 0 1,all over the shop,figurative,identical,ADP VERB ADV DET PUNCT NOUN NOUN VERB DET VERB DET ADV ADP DET NOUN,1.0,"With skating there's no - one saying do this, do that [PET_BOUNDARY] all over the shop. [PET_BOUNDARY]",1,,,,,,,
1386,1386.0,26898,40192,Labour Labour voters were er to say the least dis,0 0 0 0 0 1 1 0 1 0,to say the least,figurative,identical,PROPN PROPN NOUN VERB INTJ PART VERB DET ADJ NOUN,1.0,Labour Labour voters were er [PET_BOUNDARY] to say the least [PET_BOUNDARY] dis,1,,,,,,,
1479,1479.0,22361,33485,"A suited smart alec, riding shotgun on rugby union's suddenly careering shamateur bandwagon, this week told a group of British international players that they should soon be able to charge £ 1,500 for a solitary interview.",0 0 0 0 1 1 0 0 0 0 0 0 0 0 0 0 0 0 0 0 0 0 0 0 0 0 0 0 0 0 0 0 0 0 0 0,ride shotgun,figurative,inflection,DET ADJ ADJ NOUN VERB NOUN ADP NOUN NOUN ADV VERB NOUN NOUN DET NOUN VERB DET NOUN ADP ADJ ADJ NOUN ADP PRON VERB ADV VERB ADJ PART VERB SYM NUM ADP DET ADJ NOUN,1.0,"A suited smart alec, [PET_BOUNDARY] riding shotgun [PET_BOUNDARY] on rugby union's suddenly careering shamateur bandwagon, this week told a group of British international players that they should soon be able to charge £ 1,500 for a solitary interview.",1,,,,,,,
994,994.0,5259,8391,"Nowhere is the siren song of conservation more difficult to resist than when it combines a sentimental appeal to make a restoration project out of every down - at - heel relic, with the coded suggestion that it might even be a retail money - spinner in its own right if properly marketed by a curator and a press officer with a gift shop and a T - shirt designer on hand.",0 0 0 0 0 0 0 0 0 0 0 0 0 0 0 0 0 0 0 0 0 0 0 0 0 0 1 0 1 0 1 0 0 0 0 0 0 0 0 0 0 0 0 0 0 0 0 0 0 0 0 0 0 0 0 0 0 0 0 0 0 0 0 0 0 0 0 0 0 0 0 0,down at heel,figurative,dashes,ADV VERB DET NOUN NOUN ADP NOUN ADV ADJ PART VERB ADP ADV PRON VERB DET ADJ NOUN PART VERB DET NOUN NOUN ADP ADP DET ADV PUNCT ADP PUNCT NOUN NOUN ADP DET VERB NOUN ADP PRON VERB ADV VERB DET ADJ NOUN PUNCT NOUN ADP ADJ ADJ NOUN ADP ADV VERB ADP DET NOUN CCONJ DET NOUN NOUN ADP DET NOUN NOUN CCONJ DET PROPN PUNCT NOUN NOUN ADP NOUN,1.0,"Nowhere is the siren song of conservation more difficult to resist than when it combines a sentimental appeal to make a restoration project out of every [PET_BOUNDARY] down - at - heel [PET_BOUNDARY] relic, with the coded suggestion that it might even be a retail money - spinner in its own right if properly marketed by a curator and a press officer with a gift shop and a T - shirt designer on hand.",1,,,,,,,
1112,1112.0,5587,8744,‘ You do drop a hint here and there.’,0 0 0 1 0 1 0 0 0,drop a hint,figurative,identical,PUNCT PRON VERB VERB DET NOUN ADV CCONJ NOUN,1.0,‘ You do [PET_BOUNDARY] drop a hint [PET_BOUNDARY] here and there.’,1,,,,,,,
1298,1298.0,3721,5608,"As a magic show, it was a bust but money kept changing hands.",0 0 0 0 0 0 0 0 0 0 0 1 1,change hands,figurative,inflection,ADP DET ADJ NOUN PRON VERB DET NOUN CCONJ NOUN VERB VERB NOUN,1.0,"As a magic show, it was a bust but money kept [PET_BOUNDARY] changing hands. [PET_BOUNDARY]",1,,,,,,,
1896,1896.0,2191,3135,"He beat fellow American and world No 5 Michael Chang 7–5, 6–2, but had to wait for the result of the final round robin match in his group between big - hitters Goran Ivanisevic and Richard Krajicek to see if he would get through to the semi - finals of this last ranking competition of the year.",0 0 0 0 0 0 0 0 0 0 0 0 0 0 0 0 0 0 0 0 0 0 0 0 0 0 0 0 0 1 0 1 0 0 0 0 0 0 0 0 0 0 0 0 0 0 0 0 0 0 0 0 0 0 0 0 0,big hitter,figurative,combined-inflection,PRON VERB ADJ ADJ CCONJ NOUN NOUN NUM PROPN PROPN PROPN NUM CCONJ VERB PART VERB ADP DET NOUN ADP DET ADJ ADJ NOUN NOUN ADP ADJ NOUN ADP ADJ PUNCT NOUN PROPN PROPN CCONJ PROPN PROPN PART VERB ADP PRON VERB VERB PART ADP DET NOUN PUNCT NOUN ADP DET ADJ ADJ NOUN ADP DET NOUN,1.0,"He beat fellow American and world No 5 Michael Chang 7–5, 6–2, but had to wait for the result of the final round robin match in his group between [PET_BOUNDARY] big - hitters [PET_BOUNDARY] Goran Ivanisevic and Richard Krajicek to see if he would get through to the semi - finals of this last ranking competition of the year.",1,,,,,,,
1772,1772.0,8240,13194,Still at large … armed prisoner gives police the slip.,0 0 0 0 0 0 1 1 0 1,give someone the slip,figurative,combined-inflection,ADV ADP ADJ PUNCT ADJ NOUN VERB NOUN DET NOUN,1.0,Still at large … armed prisoner [PET_BOUNDARY] gives police the slip. [PET_BOUNDARY],1,,,,,,,
1219,1219.0,28008,41644,"VLADIMIR Ashkenazy, one of the world's greatest pianists, said yesterday he felt far more at home in the Soviet Union now than when he departed under a cloud half a lifetime ago.",0 0 0 0 0 0 0 0 0 0 0 0 0 0 0 0 0 0 0 0 0 0 0 0 0 1 0 1 0 0 0 0,under a cloud,figurative,identical,PROPN PROPN NUM ADP DET NOUN ADJ NOUN VERB NOUN PRON VERB ADV ADV ADP NOUN ADP DET PROPN PROPN ADV ADP ADV PRON VERB ADP DET NOUN ADJ DET NOUN ADV,1.0,"VLADIMIR Ashkenazy, one of the world's greatest pianists, said yesterday he felt far more at home in the Soviet Union now than when he departed [PET_BOUNDARY] under a cloud [PET_BOUNDARY] half a lifetime ago.",1,,,,,,,
1086,1086.0,13306,20193,"Her concerns were here, in front of her, concerns that were domestic and intimate and not to be spoken of in the same breath as supposedly greater events.",0 0 0 0 0 0 0 0 0 0 0 0 0 0 0 0 0 0 0 0 1 0 1 1 0 0 0 0,in the same breath,figurative,identical,ADJ NOUN VERB ADV ADP NOUN ADP PRON NOUN ADJ VERB ADJ CCONJ ADJ CCONJ ADV PART VERB VERB ADP ADP DET ADJ NOUN ADP ADV ADJ NOUN,1.0,"Her concerns were here, in front of her, concerns that were domestic and intimate and not to be spoken of [PET_BOUNDARY] in the same breath [PET_BOUNDARY] as supposedly greater events.",1,,,,,,,
1345,1345.0,27359,40665,"Mark Morris's Canonic 3/4 Studies however, a lively ensemble work, was full of tongue - in - cheek wit with plenty of jokes that depended on clever timing or neat contrasts between popular romantic music and unexpectedly awkward steps.",0 0 0 0 0 0 0 0 0 0 0 0 0 1 0 1 0 1 0 0 0 0 0 0 0 0 0 0 0 0 0 0 0 0 0 0 0 0 0,tongue in cheek,figurative,dashes,PROPN PROPN PROPN NUM PROPN ADV DET ADJ ADJ NOUN VERB ADJ ADP NOUN PUNCT ADP PUNCT NOUN NOUN ADP NOUN ADP NOUN ADJ VERB ADP ADJ NOUN CCONJ ADJ NOUN ADP ADJ ADJ NOUN CCONJ ADV ADJ NOUN,1.0,"Mark Morris's Canonic 3/4 Studies however, a lively ensemble work, was full of [PET_BOUNDARY] tongue - in - cheek [PET_BOUNDARY] wit with plenty of jokes that depended on clever timing or neat contrasts between popular romantic music and unexpectedly awkward steps.",1,,,,,,,
1655,1655.0,9071,14402,"The real war was waged against nettle and bramble — now there you really could persuade yourself that some malign force was at work, set upon reducing the whole place to a rank and thrusting wilderness, in which the weakest went to the wall.",0 0 0 0 0 0 0 0 0 0 0 0 0 0 0 0 0 0 0 0 0 0 0 0 0 0 0 0 0 0 0 0 0 0 0 0 0 0 0 0 1 1 0 1,go to the wall,figurative,inflection,DET ADJ NOUN VERB VERB ADP ADJ CCONJ ADJ PUNCT ADV ADV PRON ADV VERB VERB PRON ADP DET NOUN NOUN VERB ADP NOUN VERB ADP VERB DET ADJ NOUN ADP DET NOUN CCONJ VERB NOUN ADP ADJ DET ADV VERB ADP DET NOUN,1.0,"The real war was waged against nettle and bramble — now there you really could persuade yourself that some malign force was at work, set upon reducing the whole place to a rank and thrusting wilderness, in which the weakest [PET_BOUNDARY] went to the wall. [PET_BOUNDARY]",1,,,,,,,
1447,1447.0,6273,10122,Which fits the bill perfectly.,0 1 0 1 0,fit the bill,figurative,inflection,ADJ VERB DET NOUN ADV,1.0,Which [PET_BOUNDARY] fits the bill [PET_BOUNDARY] perfectly.,1,,,,,,,
1598,1598.0,27342,40636,"He mentions Home Office research suggesting that crime is not as bad as everyone thinks, but he does not mention any of the other analyses and carefully toes the party line.",0 0 0 0 0 0 0 0 0 0 0 0 0 0 0 0 0 0 0 0 0 0 0 0 0 0 0 1 0 0 1,toe the line,figurative,combined-inflection,PRON VERB PROPN PROPN NOUN VERB ADP NOUN VERB ADV ADV ADJ ADP NOUN VERB CCONJ PRON VERB ADV VERB DET ADP DET ADJ NOUN CCONJ ADV VERB DET NOUN NOUN,1.0,"He mentions Home Office research suggesting that crime is not as bad as everyone thinks, but he does not mention any of the other analyses and carefully [PET_BOUNDARY] toes the party line. [PET_BOUNDARY]",1,,,,,,,
1067,1067.0,14125,21330,"No, I don't hate Romeo, but he was my friend and he just wanted to keep the peace.",0 0 0 0 0 0 0 0 0 0 0 0 0 0 0 1 0 1,keep the peace,figurative,identical,INTJ PRON VERB VERB PROPN CCONJ PRON VERB ADJ NOUN CCONJ PRON ADV VERB PART VERB DET NOUN,1.0,"No, I don't hate Romeo, but he was my friend and he just wanted to [PET_BOUNDARY] keep the peace. [PET_BOUNDARY]",1,,,,,,,
1076,1076.0,7826,12210,"As the head of science put it : I think once it gets off the ground and we have got the library and the integrated studies and study skills teaching in a central resource area for the whole school, I think then, people are going to have to start seriously appraising the way they teach and I think that can only be a good thing.",0 0 0 0 0 0 0 0 0 0 0 0 1 1 0 1 0 0 0 0 0 0 0 0 0 0 0 0 0 0 0 0 0 0 0 0 0 0 0 0 0 0 0 0 0 0 0 0 0 0 0 0 0 0 0 0 0 0 0 0 0 0 0 0 0,get off the ground,figurative,inflection,ADP DET NOUN ADP NOUN VERB PRON PUNCT PRON VERB ADP PRON VERB ADP DET NOUN CCONJ PRON VERB VERB DET NOUN CCONJ DET VERB NOUN CCONJ NOUN NOUN VERB ADP DET ADJ NOUN NOUN ADP DET ADJ NOUN PRON VERB ADV NOUN VERB VERB PART VERB PART VERB ADV VERB DET NOUN PRON VERB CCONJ PRON VERB DET VERB ADV VERB DET ADJ NOUN,1.0,"As the head of science put it : I think once it [PET_BOUNDARY] gets off the ground [PET_BOUNDARY] and we have got the library and the integrated studies and study skills teaching in a central resource area for the whole school, I think then, people are going to have to start seriously appraising the way they teach and I think that can only be a good thing.",1,,,,,,,
1773,1773.0,29619,44129,I came within an ace of slapping her around.,0 0 1 0 1 1 0 0 0,within an ace of,figurative,identical,PRON VERB ADP DET NOUN ADP VERB PRON ADV,1.0,I came [PET_BOUNDARY] within an ace of [PET_BOUNDARY] slapping her around.,1,,,,,,,
1515,1515.0,2608,3982,"Comedian Charles Coborn, original singer of Two Lovely Black Eyes and The Man Who Broke the Bank at Monte Carlo, topping the bill at Liverpool's Prince of Wales Theatre.",0 0 0 0 0 0 0 0 0 0 0 0 0 0 1 0 1 0 0 0 0 0 0 0 0 0 0 0 0,break the bank,figurative,combined-inflection,PROPN PROPN PROPN ADJ NOUN ADP NUM ADJ ADJ NOUN CCONJ DET PROPN NOUN VERB DET PROPN ADP PROPN PROPN VERB DET NOUN ADP PROPN PROPN ADP PROPN PROPN,1.0,"Comedian Charles Coborn, original singer of Two Lovely Black Eyes and The Man Who [PET_BOUNDARY] Broke the Bank [PET_BOUNDARY] at Monte Carlo, topping the bill at Liverpool's Prince of Wales Theatre.",1,,,,,,,
1765,1765.0,23882,35767,"They ended up laughing about that, but it was the uneasy laughter of desperation and displacement, and all they could do after that was finish the whisky and have the joint Rory had been working on, and it was almost a relief when Fergus was sick as a dog out of the window, hanging out barfing onto the slates and into the guttering while Rory tried to clean the plaster off the top bunk and stowed the guns out of harm's way.",0 0 0 0 0 0 0 0 0 0 0 0 0 0 0 0 0 0 0 0 0 0 0 0 0 0 0 0 0 0 0 0 0 0 0 0 0 0 0 0 0 0 0 0 0 1 1 0 1 0 0 0 0 0 0 0 0 0 0 0 0 0 0 0 0 0 0 0 0 0 0 0 0 0 0 0 0 0 0 0 0 0,sick as a dog,figurative,identical,PRON VERB PART VERB ADP DET CCONJ PRON VERB DET ADJ NOUN ADP NOUN CCONJ NOUN CCONJ DET PRON VERB VERB ADP DET VERB VERB DET NOUN CCONJ VERB DET ADJ PROPN VERB VERB VERB ADP CCONJ PRON VERB ADV DET NOUN ADV PROPN VERB ADJ ADP DET NOUN ADP ADP DET NOUN VERB PART VERB ADP DET NOUN CCONJ ADP DET NOUN ADP PROPN VERB PART VERB DET NOUN ADP DET ADJ NOUN CCONJ VERB DET NOUN ADP ADP NOUN NOUN,1.0,"They ended up laughing about that, but it was the uneasy laughter of desperation and displacement, and all they could do after that was finish the whisky and have the joint Rory had been working on, and it was almost a relief when Fergus was [PET_BOUNDARY] sick as a dog [PET_BOUNDARY] out of the window, hanging out barfing onto the slates and into the guttering while Rory tried to clean the plaster off the top bunk and stowed the guns out of harm's way.",1,,,,,,,
1171,1171.0,24473,36513,"This story, perhaps somewhat less than scintillating to today's thrill - seeking reader, was nevertheless hot news at the time and, moreover, speaks volumes for the then ethos of the paper ; a lightweight, trade bulletin largely concerned with the doings of big band leaders and crooners, the dominant pop music of the time.",0 0 0 0 0 0 0 0 0 0 0 0 0 0 0 0 0 0 0 0 0 0 1 1 0 0 0 0 0 0 0 0 0 0 0 0 0 0 0 0 0 0 0 0 0 0 0 0 0 0 0 0 0 0,speak volumes,figurative,inflection,DET NOUN ADV ADV ADJ ADP VERB ADP NOUN NOUN PUNCT VERB NOUN VERB ADV ADJ NOUN ADP DET NOUN CCONJ ADV VERB NOUN ADP DET ADV NOUN ADP DET NOUN PUNCT DET ADJ NOUN NOUN ADV ADJ ADP DET NOUN ADP ADJ NOUN NOUN CCONJ NOUN DET ADJ NOUN NOUN ADP DET NOUN,1.0,"This story, perhaps somewhat less than scintillating to today's thrill - seeking reader, was nevertheless hot news at the time and, moreover, [PET_BOUNDARY] speaks volumes [PET_BOUNDARY] for the then ethos of the paper ; a lightweight, trade bulletin largely concerned with the doings of big band leaders and crooners, the dominant pop music of the time.",1,,,,,,,
1585,1585.0,20016,30260,"Holidays at the seaside or in the mountains were by now out of the question, but for young people it was still a wonderful summer : the war seemed far away, and there was enough to eat even if it was rationed.",0 0 0 0 0 0 0 0 0 0 0 1 1 0 1 0 0 0 0 0 0 0 0 0 0 0 0 0 0 0 0 0 0 0 0 0 0 0 0 0 0 0,out of the question,figurative,identical,NOUN ADP DET NOUN CCONJ ADP DET NOUN VERB ADP ADV ADP ADP DET NOUN CCONJ ADP ADJ NOUN PRON VERB ADV DET ADJ NOUN PUNCT DET NOUN VERB ADV ADV CCONJ ADV VERB ADJ PART VERB ADV ADP PRON VERB VERB,1.0,"Holidays at the seaside or in the mountains were by now [PET_BOUNDARY] out of the question, [PET_BOUNDARY] but for young people it was still a wonderful summer : the war seemed far away, and there was enough to eat even if it was rationed.",1,,,,,,,
1063,1063.0,1582,2095,"Although I did not know it, my encounter with Gladstone Murray and Ernie Bushnell in February was beginning to bear fruit, and my days as newspaperman cum radio programme director were numbered.",0 0 0 0 0 0 0 0 0 0 0 0 0 0 0 0 0 0 0 1 1 0 0 0 0 0 0 0 0 0 0 0,bear fruit,figurative,identical,ADP PRON VERB ADV VERB PRON ADJ NOUN ADP PROPN PROPN CCONJ PROPN PROPN ADP PROPN VERB VERB PART VERB NOUN CCONJ ADJ NOUN ADP NOUN NOUN NOUN NOUN NOUN VERB VERB,1.0,"Although I did not know it, my encounter with Gladstone Murray and Ernie Bushnell in February was beginning to [PET_BOUNDARY] bear fruit, [PET_BOUNDARY] and my days as newspaperman cum radio programme director were numbered.",1,,,,,,,
1126,1126.0,24359,36340,"In small print, the advertisement asks for 50 cents for a clock ordering kit.",0 1 1 0 0 0 0 0 0 0 0 0 0 0,small print,figurative,identical,ADP ADJ NOUN DET NOUN VERB ADP NUM NOUN ADP DET NOUN NOUN NOUN,1.0,"In [PET_BOUNDARY] small print, [PET_BOUNDARY] the advertisement asks for 50 cents for a clock ordering kit.",1,,,,,,,
1080,1080.0,26654,39825,Tipping the scales at just over 3.5lbs this metal cased keyboard seemed to be a solid prospect.,1 0 1 0 0 0 0 0 0 0 0 0 0 0 0 0 0,tip the scales,figurative,combined-inflection,VERB DET NOUN ADP ADV ADP NOUN DET NOUN ADJ NOUN VERB PART VERB DET ADJ NOUN,1.0,[PET_BOUNDARY] Tipping the scales [PET_BOUNDARY] at just over 3.5lbs this metal cased keyboard seemed to be a solid prospect.,1,,,,,,,
1477,1477.0,15071,22988,A CHIMPANZEE financial whizzkid that has beaten stock market experts could not make a monkey of British share analysts yesterday.,0 0 0 0 0 0 0 0 0 0 0 0 1 0 1 1 0 0 1 0,make a monkey of someone,figurative,combined-inflection,DET PROPN ADJ NOUN ADJ VERB VERB NOUN NOUN NOUN VERB ADV VERB DET NOUN ADP ADJ NOUN NOUN NOUN,1.0,A CHIMPANZEE financial whizzkid that has beaten stock market experts could not [PET_BOUNDARY] make a monkey of British share analysts [PET_BOUNDARY] yesterday.,1,,,,,,,
1327,1327.0,276,364,"Mrs Thatcher sees nothing in the single market which cuts against the grain of her policies over the past decade, since it should promote the free enterprise culture within the EC.",0 0 0 0 0 0 0 0 0 0 1 0 1 0 0 0 0 0 0 0 0 0 0 0 0 0 0 0 0 0 0,against the grain,figurative,identical,PROPN PROPN VERB NOUN ADP DET ADJ NOUN ADJ VERB ADP DET NOUN ADP ADJ NOUN ADP DET ADJ NOUN ADP PRON VERB VERB DET ADJ NOUN NOUN ADP DET PROPN,1.0,"Mrs Thatcher sees nothing in the single market which cuts [PET_BOUNDARY] against the grain [PET_BOUNDARY] of her policies over the past decade, since it should promote the free enterprise culture within the EC.",1,,,,,,,
1236,1236.0,4848,7812,"The poor rarely fell trees : they mainly lop off small branches, twigs, roots and dead wood.",0 0 0 0 0 0 0 0 0 0 0 0 0 0 0 1 1,dead wood,figurative,identical,DET ADJ ADV VERB NOUN PUNCT PRON ADV VERB PART ADJ NOUN NOUN NOUN CCONJ ADJ NOUN,1.0,"The poor rarely fell trees : they mainly lop off small branches, twigs, roots and [PET_BOUNDARY] dead wood. [PET_BOUNDARY]",1,,,,,,,
1155,1155.0,84,92,It is also hoped to produce estimates across the board up to 1962 as a contribution to the complete picture up to the present.,0 0 0 0 0 0 0 1 0 1 0 0 0 0 0 0 0 0 0 0 0 0 0 0,across the board,figurative,identical,PRON VERB ADV VERB PART VERB NOUN ADP DET NOUN ADP PART NUM ADP DET NOUN ADP DET ADJ NOUN ADP ADP DET NOUN,1.0,It is also hoped to produce estimates [PET_BOUNDARY] across the board [PET_BOUNDARY] up to 1962 as a contribution to the complete picture up to the present.,1,,,,,,,
1588,1588.0,29460,43911,Prepare a report for the Board of Duchy Hotels regarding the feasibility of acquiring the Sutton Manor Hotel with a view to timeshare development.,0 0 0 0 0 0 0 0 0 0 0 0 0 0 0 0 0 0 1 0 1 1 0 0,with a view to,figurative,identical,VERB DET NOUN ADP DET PROPN ADP PROPN PROPN VERB DET NOUN ADP VERB DET PROPN PROPN PROPN ADP DET NOUN PART NOUN NOUN,1.0,Prepare a report for the Board of Duchy Hotels regarding the feasibility of acquiring the Sutton Manor Hotel [PET_BOUNDARY] with a view to [PET_BOUNDARY] timeshare development.,1,,,,,,,
1259,1259.0,4761,7677,The thin man returned to his earlier plan that they should cut loose the horses and make their way back as inconspicuously as possible by the paths and game - tracks.,0 0 0 0 0 0 0 0 0 0 0 1 1 0 0 0 0 0 0 0 0 0 0 0 0 0 0 0 0 0 0,cut loose,figurative,identical,DET ADJ NOUN VERB ADP ADJ ADJ NOUN ADP PRON VERB VERB ADJ DET NOUN CCONJ VERB ADJ NOUN ADV ADV ADV ADP ADJ ADP DET NOUN CCONJ NOUN PUNCT NOUN,1.0,The thin man returned to his earlier plan that they should [PET_BOUNDARY] cut loose [PET_BOUNDARY] the horses and make their way back as inconspicuously as possible by the paths and game - tracks.,1,,,,,,,
1799,1799.0,6586,10548,Penny Warlock decided to follow suit.,0 0 0 0 1 1,follow suit,figurative,identical,PROPN PROPN VERB PART VERB NOUN,1.0,Penny Warlock decided to [PET_BOUNDARY] follow suit. [PET_BOUNDARY],1,,,,,,,
1008,1008.0,22331,33438,In public hardline rhetoric also seemed appropriate at a time when McCarthy and his communist witch - hunt were riding high.,0 0 0 0 0 0 0 0 0 0 0 0 0 0 0 0 0 0 0 1 1,ride high,figurative,inflection,ADP ADJ NOUN NOUN ADV VERB ADJ ADP DET NOUN ADV PROPN CCONJ ADJ ADJ NOUN PUNCT NOUN VERB VERB ADJ,1.0,In public hardline rhetoric also seemed appropriate at a time when McCarthy and his communist witch - hunt were [PET_BOUNDARY] riding high. [PET_BOUNDARY],1,,,,,,,
962,962.0,26032,38908,"Until then, our Buying With Confidence section on page 66 explains how to protect yourself when you take the plunge.",0 0 0 0 0 0 0 0 0 0 0 0 0 0 0 0 0 1 0 1,take the plunge,figurative,identical,ADP ADV ADJ NOUN ADP NOUN NOUN ADP NOUN NUM VERB ADV PART VERB PRON ADV PRON VERB DET NOUN,1.0,"Until then, our Buying With Confidence section on page 66 explains how to protect yourself when you [PET_BOUNDARY] take the plunge. [PET_BOUNDARY]",1,,,,,,,
1177,1177.0,7016,11240,"I 'm supposed to be resting, but after I 'd had forty winks, I felt a lot better, so I toddled over here.",0 0 0 0 0 0 0 0 0 0 0 1 1 0 0 0 0 0 0 0 0 0 0,forty winks,figurative,identical,PRON NOUN VERB PART VERB VERB CCONJ ADP PRON VERB VERB NUM NOUN PRON VERB DET NOUN ADJ CCONJ PRON VERB ADV ADV,1.0,"I 'm supposed to be resting, but after I 'd had [PET_BOUNDARY] forty winks, [PET_BOUNDARY] I felt a lot better, so I toddled over here.",1,,,,,,,
951,951.0,14161,21366,"The King, in the Declaration of Breda, had promised that no man would be molested for differences of religious opinion, so long as he kept the peace.",0 0 0 0 0 0 0 0 0 0 0 0 0 0 0 0 0 0 0 0 0 0 0 0 1 0 1,keep the peace,figurative,inflection,DET PROPN ADP DET PROPN ADP PROPN VERB VERB ADP DET NOUN VERB VERB VERB ADP NOUN ADP ADJ NOUN ADV ADV ADP PRON VERB DET NOUN,1.0,"The King, in the Declaration of Breda, had promised that no man would be molested for differences of religious opinion, so long as he [PET_BOUNDARY] kept the peace. [PET_BOUNDARY]",1,,,,,,,
1563,1563.0,23216,34653,Some people let their under - fives run riot.,0 0 0 0 0 0 0 1 1,run riot,figurative,identical,DET NOUN VERB ADJ ADP PUNCT NOUN VERB NOUN,1.0,Some people let their under - fives [PET_BOUNDARY] run riot. [PET_BOUNDARY],1,,,,,,,
1869,1869.0,27255,40549,"Results were bolstered to the tune of £ 36,000 by winning the NatWest Trophy.",0 0 0 1 0 1 1 0 0 0 0 0 0 0,to the tune of,figurative,identical,NOUN VERB VERB ADP DET NOUN ADP SYM NUM ADP VERB DET PROPN PROPN,1.0,"Results were bolstered [PET_BOUNDARY] to the tune of [PET_BOUNDARY] £ 36,000 by winning the NatWest Trophy.",1,,,,,,,
1578,1578.0,21009,31496,Describing a bypass as ‘ pie in the sky’ the spokesman said it would take years to achieve while action was needed now.,0 0 0 0 0 1 1 0 1 0 0 0 0 0 0 0 0 0 0 0 0 0 0,pie in the sky,figurative,dashes,VERB DET NOUN ADP PUNCT NOUN ADP DET NOUN DET NOUN VERB PRON VERB VERB NOUN PART VERB ADP NOUN VERB VERB ADV,1.0,Describing a bypass as ‘ [PET_BOUNDARY] pie in the sky’ [PET_BOUNDARY] the spokesman said it would take years to achieve while action was needed now.,1,,,,,,,
1871,1871.0,8152,13057,"Why not, he may wonder, carry on with his unilateral reforms while letting the drive for give - and - take negotiations on the constitution fall into second place?",0 0 0 0 0 0 0 0 0 0 0 0 0 0 0 0 1 0 1 0 1 0 0 0 0 0 0 0 0,give and take,figurative,dashes,ADV ADV PRON VERB VERB VERB PART ADP ADJ ADJ NOUN ADP VERB DET NOUN ADP VERB PUNCT CCONJ PUNCT VERB NOUN ADP DET NOUN VERB ADP ADJ NOUN,1.0,"Why not, he may wonder, carry on with his unilateral reforms while letting the drive for [PET_BOUNDARY] give - and - take [PET_BOUNDARY] negotiations on the constitution fall into second place?",1,,,,,,,
1256,1256.0,3509,5291,"What happened however was that Eliot caught a cold, and on the 2 November we received a telegram from him :",0 0 0 0 0 0 1 0 1 0 0 0 0 0 0 0 0 0 0 0 0,catch a cold,figurative,inflection,NOUN VERB ADV VERB ADP PROPN VERB DET NOUN CCONJ ADP DET NUM PROPN PRON VERB DET NOUN ADP PRON PUNCT,1.0,"What happened however was that Eliot [PET_BOUNDARY] caught a cold, [PET_BOUNDARY] and on the 2 November we received a telegram from him :",1,,,,,,,
1757,1757.0,26227,39131,"' Shush, don't tempt Providence.",0 0 0 1 1,tempt providence,figurative,case,PUNCT PROPN VERB VERB PROPN,1.0,"' Shush, don't [PET_BOUNDARY] tempt Providence. [PET_BOUNDARY]",1,,,,,,,
1854,1854.0,3748,5635,"Much of the evening was taken up with reminiscences, talk of Edna's family — particularly her fisherman brother, Bert — and the fact that Four Winds had changed hands four times in as many years.",0 0 0 0 0 0 0 0 0 0 0 0 0 0 0 0 0 0 0 0 0 0 0 0 0 0 0 1 1 0 0 0 0 0 0,change hands,figurative,inflection,ADJ ADP DET NOUN VERB VERB PART ADP NOUN NOUN ADP PROPN NOUN PUNCT ADV ADJ NOUN NOUN PROPN PUNCT CCONJ DET NOUN ADP NUM PROPN VERB VERB NOUN NUM NOUN ADP ADV ADJ NOUN,1.0,"Much of the evening was taken up with reminiscences, talk of Edna's family — particularly her fisherman brother, Bert — and the fact that Four Winds had [PET_BOUNDARY] changed hands [PET_BOUNDARY] four times in as many years.",1,,,,,,,
1493,1493.0,15154,23074,making a move,1 0 1,make a move,figurative,inflection,VERB DET NOUN,1.0,[PET_BOUNDARY] making a move [PET_BOUNDARY],1,,,,,,,
1478,1478.0,8499,13473,"And Robert Kilroy - Silk, smooth operator that he is, soon had the invited audience going for each other's jugulars, vigorously defending their position and trying to make the ' other side ' look bad.",0 0 0 0 0 0 0 0 0 0 0 0 0 0 0 1 1 0 0 1 0 0 0 0 0 0 0 0 0 0 0 0 0 0 0,go for the jugular,figurative,combined-inflection,CCONJ PROPN PROPN PUNCT PROPN ADJ NOUN ADP PRON VERB ADV VERB DET VERB NOUN VERB ADP DET ADJ NOUN ADV VERB ADJ NOUN CCONJ VERB PART VERB DET PUNCT ADJ NOUN PUNCT VERB ADJ,1.0,"And Robert Kilroy - Silk, smooth operator that he is, soon had the invited audience [PET_BOUNDARY] going for each other's jugulars, [PET_BOUNDARY] vigorously defending their position and trying to make the ' other side ' look bad.",1,,,,,,,
952,952.0,10359,16383,"A Celtic move set Mowbray up for life financially, and Middlesbrough hit the jackpot with a seven - figure profit for a player from the junior ranks.",0 0 0 0 0 0 0 0 0 0 0 1 0 1 0 0 0 0 0 0 0 0 0 0 0 0 0,hit the jackpot,figurative,identical,DET ADJ NOUN VERB PROPN PART ADP NOUN ADV CCONJ PROPN VERB DET NOUN ADP DET NUM PUNCT NOUN NOUN ADP DET NOUN ADP DET ADJ NOUN,1.0,"A Celtic move set Mowbray up for life financially, and Middlesbrough [PET_BOUNDARY] hit the jackpot [PET_BOUNDARY] with a seven - figure profit for a player from the junior ranks.",1,,,,,,,
1501,1501.0,20605,31038,"‘ They were clearly not rhymes that a grandmother might sing … they pack a punch,’ remarks Iona.",0 0 0 0 0 0 0 0 0 0 0 0 0 1 0 1 0 0,pack a punch,figurative,dashes,PUNCT PRON VERB ADV ADV NOUN ADP DET NOUN VERB VERB PUNCT PRON VERB DET NOUN VERB PROPN,1.0,"‘ They were clearly not rhymes that a grandmother might sing … they [PET_BOUNDARY] pack a punch,’ [PET_BOUNDARY] remarks Iona.",1,,,,,,,
1132,1132.0,5210,8248,"With extra time looking certain to end in a second 1–1 stalemate and dog - tired players steeling themselves for the dreaded first Cup final penalty shoot - out, the 30-year - old soared to head a Paul Merson corner into and out of Chris Woods ' hands.",0 0 0 0 0 0 0 0 0 0 0 0 0 1 0 1 0 0 0 0 0 0 0 0 0 0 0 0 0 0 0 0 0 0 0 0 0 0 0 0 0 0 0 0 0 0 0 0,dog tired,figurative,dashes,ADP ADJ NOUN VERB ADJ PART VERB ADP DET ADJ NUM NOUN CCONJ NOUN PUNCT ADJ NOUN VERB PRON ADP DET VERB ADJ PROPN ADJ NOUN NOUN PUNCT NOUN DET NUM PUNCT ADJ VERB PART VERB DET PROPN PROPN NOUN ADP CCONJ ADP ADP PROPN PROPN PART NOUN,1.0,"With extra time looking certain to end in a second 1–1 stalemate and [PET_BOUNDARY] dog - tired [PET_BOUNDARY] players steeling themselves for the dreaded first Cup final penalty shoot - out, the 30-year - old soared to head a Paul Merson corner into and out of Chris Woods ' hands.",1,,,,,,,
1797,1797.0,6188,10018,Then Ron Waldron became coach and his own Neath players suddenly filled the Wales bill.,0 0 0 0 0 0 0 0 0 0 0 1 0 0 1,fill the bill,figurative,combined-inflection,ADV PROPN PROPN VERB NOUN CCONJ ADJ ADJ PROPN NOUN ADV VERB DET PROPN NOUN,1.0,Then Ron Waldron became coach and his own Neath players suddenly [PET_BOUNDARY] filled the Wales bill. [PET_BOUNDARY],1,,,,,,,
1043,1043.0,9999,15782,Greg Downs will be having a few words with his defence about long high balls … corners and free kicks …,0 0 0 0 1 0 0 1 0 0 0 0 0 0 0 0 0 0 0 0 0,have words,figurative,combined-inflection,PROPN PROPN VERB VERB VERB DET ADJ NOUN ADP ADJ NOUN ADP ADJ ADJ NOUN PUNCT NOUN CCONJ ADJ NOUN PUNCT,1.0,Greg Downs will be [PET_BOUNDARY] having a few words [PET_BOUNDARY] with his defence about long high balls … corners and free kicks …,1,,,,,,,
1576,1576.0,682,961,So the order's on so I 've got to try and argue the toss with her,0 0 0 0 0 0 0 0 0 0 0 1 0 1 0 0,argue the toss,figurative,identical,ADV DET NOUN ADV ADV PRON VERB VERB PART VERB CCONJ VERB DET NOUN ADP PRON,1.0,So the order's on so I 've got to try and [PET_BOUNDARY] argue the toss [PET_BOUNDARY] with her,1,,,,,,,
1046,1046.0,7546,11866,Just when you started to think you had finally got a grip on this thing they would throw in the Bombay Khojas and you were right back where you started.,0 0 0 0 0 0 0 0 0 1 0 1 0 0 0 0 0 0 0 0 0 0 0 0 0 0 0 0 0 0,get a grip,figurative,inflection,ADV ADV PRON VERB PART VERB PRON VERB ADV VERB DET NOUN ADP DET NOUN PRON VERB VERB PART DET PROPN PROPN CCONJ PRON VERB ADV ADV ADV PRON VERB,1.0,Just when you started to think you had finally [PET_BOUNDARY] got a grip [PET_BOUNDARY] on this thing they would throw in the Bombay Khojas and you were right back where you started.,1,,,,,,,
957,957.0,14248,21517,It will still contain plenty of business and mortgage borrowers to kick up a stink about base rates.,0 0 0 0 0 0 0 0 0 0 0 1 1 0 1 0 0 0,kick up a stink,figurative,identical,PRON VERB ADV VERB NOUN ADP NOUN CCONJ NOUN NOUN PART VERB PART DET NOUN ADP NOUN NOUN,1.0,It will still contain plenty of business and mortgage borrowers to [PET_BOUNDARY] kick up a stink [PET_BOUNDARY] about base rates.,1,,,,,,,
1175,1175.0,4565,7395,"We start not with the sins of the father within us, nor with the sins of anyone else, but as crystal clear water, into which dirty sump oil is poured.",0 0 0 0 0 0 0 0 0 0 0 0 0 0 0 0 0 0 0 0 1 1 0 0 0 0 0 0 0 0,crystal clear,figurative,identical,PRON VERB ADV ADP DET NOUN ADP DET NOUN ADP PRON CCONJ ADP DET NOUN ADP NOUN ADV CCONJ ADP NOUN ADJ NOUN ADP ADJ ADJ NOUN NOUN VERB VERB,1.0,"We start not with the sins of the father within us, nor with the sins of anyone else, but as [PET_BOUNDARY] crystal clear [PET_BOUNDARY] water, into which dirty sump oil is poured.",1,,,,,,,
1279,1279.0,18838,28127,"A woman with big beautiful hands who smokes too much writes down my name and what she needs to know and what I need to tell, and another worker goes through the same routine with a serene and rather silent woman in her early thirties, with three children and two plastic bags containing toys and toiletries — the mark of a mother on the run, all you can grab in a quick getaway.",0 0 0 0 0 0 0 0 0 0 0 0 0 0 0 0 0 0 0 0 0 0 0 0 0 0 0 0 0 0 0 0 0 0 0 0 0 0 0 0 0 0 0 0 0 0 0 0 0 0 0 0 0 0 0 0 0 0 0 0 0 0 1 0 1 0 0 0 0 0 0 0 0,on the run,figurative,identical,DET NOUN ADP ADJ ADJ NOUN NOUN VERB ADV ADJ VERB ADP ADJ NOUN CCONJ NOUN PRON VERB PART VERB CCONJ NOUN PRON VERB PART VERB CCONJ DET NOUN VERB ADP DET ADJ NOUN ADP DET ADJ CCONJ ADV ADJ NOUN ADP ADJ ADJ NOUN ADP NUM NOUN CCONJ NUM ADJ NOUN VERB NOUN CCONJ NOUN PUNCT DET NOUN ADP DET NOUN ADP DET NOUN DET PRON VERB VERB ADP DET ADJ NOUN,1.0,"A woman with big beautiful hands who smokes too much writes down my name and what she needs to know and what I need to tell, and another worker goes through the same routine with a serene and rather silent woman in her early thirties, with three children and two plastic bags containing toys and toiletries — the mark of a mother [PET_BOUNDARY] on the run, [PET_BOUNDARY] all you can grab in a quick getaway.",1,,,,,,,
1770,1770.0,22166,33209,"The ‘ gulf … between the formal structures and machinery of government of the unions and the rank - and - file membership’, combined with traditional union hostility towards what it sees as parallel organisation, is a major cause of the current crisis of trade unionism in particular and the predicament of the working class more generally.",0 0 0 0 0 0 0 0 0 0 0 0 0 0 0 0 0 1 0 1 0 1 0 0 0 0 0 0 0 0 0 0 0 0 0 0 0 0 0 0 0 0 0 0 0 0 0 0 0 0 0 0 0 0 0 0 0,rank and file,figurative,dashes,DET PUNCT NOUN PUNCT ADP DET ADJ NOUN CCONJ NOUN ADP NOUN ADP DET NOUN CCONJ DET NOUN PUNCT CCONJ PUNCT NOUN NOUN VERB ADP ADJ NOUN NOUN ADP NOUN PRON VERB ADP ADJ NOUN VERB DET ADJ NOUN ADP DET ADJ NOUN ADP NOUN NOUN ADP ADJ CCONJ DET NOUN ADP DET VERB NOUN ADV ADV,1.0,"The ‘ gulf … between the formal structures and machinery of government of the unions and the [PET_BOUNDARY] rank - and - file [PET_BOUNDARY] membership’, combined with traditional union hostility towards what it sees as parallel organisation, is a major cause of the current crisis of trade unionism in particular and the predicament of the working class more generally.",1,,,,,,,
1022,1022.0,5996,9609,"‘ Does my turnover fall short of the potential in that market, given its size and quality?’ and ‘ Which of my brands / retail concepts best match the preferences of the local community?’",0 0 0 0 1 1 0 0 0 0 0 0 0 0 0 0 0 0 0 0 0 0 0 0 0 0 0 0 0 0 0 0 0 0,fall short,figurative,identical,PUNCT VERB ADJ NOUN VERB ADV ADP DET NOUN ADP DET NOUN VERB ADJ NOUN CCONJ NOUN CCONJ PUNCT ADJ ADP ADJ NOUN SYM ADJ NOUN ADV VERB DET NOUN ADP DET ADJ NOUN,1.0,"‘ Does my turnover [PET_BOUNDARY] fall short [PET_BOUNDARY] of the potential in that market, given its size and quality?’ and ‘ Which of my brands / retail concepts best match the preferences of the local community?’",1,,,,,,,
1434,1434.0,2733,4158,"He gained a lot of brownie points, for example, when the company announced its record interim losses of £ 45.1 m and then revealed plans to sell off the majority of is leisure division.",0 0 0 0 0 1 1 0 0 0 0 0 0 0 0 0 0 0 0 0 0 0 0 0 0 0 0 0 0 0 0 0 0 0,brownie point,figurative,inflection,PRON VERB DET NOUN ADP ADJ NOUN ADP NOUN ADV DET NOUN VERB ADJ ADJ ADJ NOUN ADP SYM NUM NOUN CCONJ ADV VERB NOUN PART VERB PART DET NOUN ADP VERB NOUN NOUN,1.0,"He gained a lot of [PET_BOUNDARY] brownie points, [PET_BOUNDARY] for example, when the company announced its record interim losses of £ 45.1 m and then revealed plans to sell off the majority of is leisure division.",1,,,,,,,
1266,1266.0,9681,15316,"Well this, this was a letter of the, granted it was eighty nine, but I mean this paragraph just said, you know, if we, does say that, you know, if we established a, a demand, and I don't see why we shouldn't have a bash at.",0 0 0 0 0 0 0 0 0 0 0 0 0 0 0 0 0 0 0 0 0 0 0 0 0 0 0 0 0 0 0 0 0 0 0 0 0 0 0 0 0 0 1 0 1 0,have a bash,figurative,identical,INTJ DET DET VERB DET NOUN ADP DET VERB PRON VERB NUM NUM CCONJ PRON VERB DET NOUN ADV VERB PRON VERB ADP PRON VERB VERB DET PRON VERB ADP PRON VERB DET DET NOUN CCONJ PRON VERB VERB ADV PRON VERB VERB DET NOUN ADP,1.0,"Well this, this was a letter of the, granted it was eighty nine, but I mean this paragraph just said, you know, if we, does say that, you know, if we established a, a demand, and I don't see why we shouldn't [PET_BOUNDARY] have a bash [PET_BOUNDARY] at.",1,,,,,,,
988,988.0,27283,40577,Cars and lorries in Britain are effectively subsidised to the tune of £ 20 million annually.,0 0 0 0 0 0 0 0 1 0 1 1 0 0 0 0,to the tune of,figurative,identical,NOUN CCONJ NOUN ADP PROPN VERB ADV VERB ADP DET NOUN ADP SYM NUM NUM ADV,1.0,Cars and lorries in Britain are effectively subsidised [PET_BOUNDARY] to the tune of [PET_BOUNDARY] £ 20 million annually.,1,,,,,,,
1878,1878.0,7811,12195,"With this vital flaw, and with Ruggero Raimondi also failing to make much of an impact as the comically menacing Bey, the performance never gets off the ground.",0 0 0 0 0 0 0 0 0 0 0 0 0 0 0 0 0 0 0 0 0 0 0 0 1 1 0 1,get off the ground,figurative,inflection,ADP DET ADJ NOUN CCONJ ADP PROPN PROPN ADV VERB PART VERB ADJ ADP DET NOUN ADP DET ADV ADJ PROPN DET NOUN ADV VERB ADP DET NOUN,1.0,"With this vital flaw, and with Ruggero Raimondi also failing to make much of an impact as the comically menacing Bey, the performance never [PET_BOUNDARY] gets off the ground. [PET_BOUNDARY]",1,,,,,,,
1134,1134.0,29106,43466,"It's bad enough that Timothy's mooning over her like a schoolboy, wet behind the ears.",0 0 0 0 0 0 0 0 0 0 0 1 1 0 1,wet behind the ears,figurative,identical,PRON ADJ ADV ADP PROPN VERB ADP PRON ADP DET NOUN ADJ ADP DET NOUN,1.0,"It's bad enough that Timothy's mooning over her like a schoolboy, [PET_BOUNDARY] wet behind the ears. [PET_BOUNDARY]",1,,,,,,,
1116,1116.0,23502,35033,"Once the art of massage becomes second nature, you may begin to discover ‘ energy blocks’ which usually manifest as cold areas in the body — perhaps the lower back or the abdomen.",0 0 0 0 0 0 1 1 0 0 0 0 0 0 0 0 0 0 0 0 0 0 0 0 0 0 0 0 0 0 0 0 0,second nature,figurative,identical,ADP DET NOUN ADP NOUN VERB ADJ NOUN PRON VERB VERB PART VERB ADJ NOUN VERB ADJ ADV VERB ADP ADJ NOUN ADP DET NOUN PUNCT ADV DET ADJ ADV CCONJ DET NOUN,1.0,"Once the art of massage becomes [PET_BOUNDARY] second nature, [PET_BOUNDARY] you may begin to discover ‘ energy blocks’ which usually manifest as cold areas in the body — perhaps the lower back or the abdomen.",1,,,,,,,
1147,1147.0,25625,38501,"Following the coup attempt Aquino had promised to "" take stock "" and address some of the popular grievances such as breakdowns in transportation and electricity services.",0 0 0 0 0 0 0 0 0 1 1 0 0 0 0 0 0 0 0 0 0 0 0 0 0 0 0,take stock,figurative,identical,VERB DET NOUN NOUN PROPN VERB VERB PART PUNCT VERB NOUN PUNCT CCONJ VERB DET ADP DET ADJ NOUN ADJ ADP NOUN ADP NOUN CCONJ NOUN NOUN,1.0,"Following the coup attempt Aquino had promised to "" [PET_BOUNDARY] take stock [PET_BOUNDARY] "" and address some of the popular grievances such as breakdowns in transportation and electricity services.",1,,,,,,,
1686,1686.0,24137,36094,Now it's in urgent need of blankets to lend to those forced to sleep rough.,0 0 0 0 0 0 0 0 0 0 0 0 0 1 1,sleep rough,figurative,identical,ADV PRON ADP ADJ NOUN ADP NOUN PART VERB ADP DET VERB PART VERB ADJ,1.0,Now it's in urgent need of blankets to lend to those forced to [PET_BOUNDARY] sleep rough. [PET_BOUNDARY],1,,,,,,,
1567,1567.0,2395,3585,"As soon as they broke cover, they were immediately dazzled by powerful flashlight beams, then loudly challenged at gun point to drop any weapons they were carrying, and to surrender.",0 0 0 0 1 1 0 0 0 0 0 0 0 0 0 0 0 0 0 0 0 0 0 0 0 0 0 0 0 0,break cover,figurative,inflection,ADV ADV ADP PRON VERB VERB PRON VERB ADV VERB ADP ADJ NOUN NOUN ADV ADV VERB ADP NOUN NOUN PART VERB DET NOUN PRON VERB VERB CCONJ PART VERB,1.0,"As soon as they [PET_BOUNDARY] broke cover, [PET_BOUNDARY] they were immediately dazzled by powerful flashlight beams, then loudly challenged at gun point to drop any weapons they were carrying, and to surrender.",1,,,,,,,
1023,1023.0,13991,21114,"But Knox, who was the most brilliant orator of his generation at Oxford — star of the Union, wit, punster in tongues ancient and modern — had left Oxford before the end of the First World War to become a Roman Catholic, and after his return there as chaplain to the Catholics, it was perhaps understandable that he should have kept a low profile.",0 0 0 0 0 0 0 0 0 0 0 0 0 0 0 0 0 0 0 0 0 0 0 0 0 0 0 0 0 0 0 0 0 0 0 0 0 0 0 0 0 0 0 0 0 0 0 0 0 0 0 0 0 0 0 0 0 0 0 0 1 0 1 1,keep a low profile,figurative,inflection,CCONJ PROPN NOUN VERB DET ADV ADJ NOUN ADP ADJ NOUN ADP PROPN PUNCT NOUN ADP DET PROPN NOUN NOUN ADP NOUN ADJ CCONJ ADJ PUNCT VERB VERB PROPN ADP DET NOUN ADP DET PROPN PROPN PROPN PART VERB DET PROPN PROPN CCONJ ADP ADJ NOUN ADV ADP NOUN ADP DET PROPN PRON VERB ADV ADJ ADP PRON VERB VERB VERB DET ADJ NOUN,1.0,"But Knox, who was the most brilliant orator of his generation at Oxford — star of the Union, wit, punster in tongues ancient and modern — had left Oxford before the end of the First World War to become a Roman Catholic, and after his return there as chaplain to the Catholics, it was perhaps understandable that he should have [PET_BOUNDARY] kept a low profile. [PET_BOUNDARY]",1,,,,,,,
1310,1310.0,22321,33423,Because most of us have ignored non - European cultures in the past does not now mean that European and European / American culture have become less valid or that we must be tempted to rewrite history twisting facts to suit our present crisis of confidence.,0 0 0 0 0 0 0 0 0 0 0 0 0 0 0 0 0 0 0 0 0 0 0 0 0 0 0 0 0 0 0 0 0 0 0 1 1 0 0 0 0 0 0 0 0 0,rewrite history,figurative,identical,ADP ADJ ADP PRON VERB VERB ADJ PUNCT ADJ NOUN ADP DET NOUN VERB ADV ADV VERB ADP ADJ CCONJ ADJ SYM ADJ NOUN VERB VERB ADV ADJ CCONJ ADP PRON VERB VERB VERB PART VERB NOUN VERB NOUN PART VERB ADJ ADJ NOUN ADP NOUN,1.0,Because most of us have ignored non - European cultures in the past does not now mean that European and European / American culture have become less valid or that we must be tempted to [PET_BOUNDARY] rewrite history [PET_BOUNDARY] twisting facts to suit our present crisis of confidence.,1,,,,,,,
1521,1521.0,24667,36757,' Two things spring immediately to mind.,0 0 0 1 0 1 1,spring to mind,figurative,insertion-other,PUNCT NUM NOUN VERB ADV ADP VERB,1.0,' Two things [PET_BOUNDARY] spring immediately to mind. [PET_BOUNDARY],1,,,,,,,
1826,1826.0,15582,23854,Otley cried as the Ancient Britons and the Watling Street Guard assembled to receive their marching orders.,0 0 0 0 0 0 0 0 0 0 0 0 0 0 0 1 1,marching orders,figurative,identical,PROPN VERB ADP DET PROPN PROPN CCONJ DET PROPN PROPN PROPN VERB PART VERB ADJ NOUN NOUN,1.0,Otley cried as the Ancient Britons and the Watling Street Guard assembled to receive their [PET_BOUNDARY] marching orders. [PET_BOUNDARY],1,,,,,,,
1683,1683.0,26580,39674,Preston threw in the towel before it went the whole distance.,0 1 1 0 1 0 0 0 0 0 0,throw in the towel,figurative,inflection,PROPN VERB ADP DET NOUN ADP PRON VERB DET ADJ NOUN,1.0,Preston [PET_BOUNDARY] threw in the towel [PET_BOUNDARY] before it went the whole distance.,1,,,,,,,
1113,1113.0,24462,36502,"The fact that there was — much to Downing Street's fury, speaks volumes as to the unco - ordination of this Government.",0 0 0 0 0 0 0 0 0 0 0 1 1 0 0 0 0 0 0 0 0 0,speak volumes,figurative,inflection,DET NOUN ADP ADV VERB PUNCT ADJ ADP PROPN PROPN NOUN VERB NOUN ADP ADP DET NOUN PUNCT NOUN ADP DET PROPN,1.0,"The fact that there was — much to Downing Street's fury, [PET_BOUNDARY] speaks volumes [PET_BOUNDARY] as to the unco - ordination of this Government.",1,,,,,,,
1718,1718.0,20053,30297,‘ I told Mr Venables it was out of the question.,0 0 0 0 0 0 0 1 1 0 1,out of the question,figurative,identical,PUNCT PRON VERB PROPN PROPN PRON VERB ADP ADP DET NOUN,1.0,‘ I told Mr Venables it was [PET_BOUNDARY] out of the question. [PET_BOUNDARY],1,,,,,,,
1635,1635.0,27601,41028,"The government also orders, or turns a blind eye to, more violent methods of keeping opponents quiet.",0 0 0 0 0 1 0 1 1 0 0 0 0 0 0 0 0,turn a blind eye,figurative,inflection,DET NOUN ADV VERB CCONJ VERB DET ADJ NOUN ADP ADV ADJ NOUN ADP VERB NOUN ADJ,1.0,"The government also orders, or [PET_BOUNDARY] turns a blind eye [PET_BOUNDARY] to, more violent methods of keeping opponents quiet.",1,,,,,,,
1379,1379.0,22086,33077,My only regret is that he didn't turn up at court to watch his Pyrrhic victory.,0 0 0 0 0 0 0 0 0 0 0 0 0 0 1 1,pyrrhic victory,figurative,identical,ADJ ADJ NOUN VERB ADP PRON VERB VERB PART ADP NOUN PART VERB ADJ PROPN NOUN,1.0,My only regret is that he didn't turn up at court to watch his [PET_BOUNDARY] Pyrrhic victory. [PET_BOUNDARY],1,,,,,,,
1360,1360.0,1057,1430,Actors from either side of the Atlantic have often found themselves at loggerheads.,0 0 0 0 0 0 0 0 0 0 0 1 1,at loggerheads,figurative,identical,NOUN ADP DET NOUN ADP DET PROPN VERB ADV VERB PRON ADP NOUN,1.0,Actors from either side of the Atlantic have often found themselves [PET_BOUNDARY] at loggerheads. [PET_BOUNDARY],1,,,,,,,
1471,1471.0,159,167,"THERE 'S that important point again, which is true right across the board and worth repeating.",0 0 0 0 0 0 0 0 0 0 1 0 1 0 0 0,across the board,figurative,identical,ADV VERB DET ADJ NOUN ADV ADJ VERB ADJ ADV ADP DET NOUN CCONJ ADJ VERB,1.0,"THERE 'S that important point again, which is true right [PET_BOUNDARY] across the board [PET_BOUNDARY] and worth repeating.",1,,,,,,,
1802,1802.0,8649,13918,"Plus this means that the strike committee can go public with it's grievances, and in the past few days, the farmers and the authorities have been debating the issues on local television.",0 0 0 0 0 0 0 0 1 1 0 0 0 0 0 0 0 0 0 0 0 0 0 0 0 0 0 0 0 0 0 0,go public,figurative,identical,CCONJ DET VERB ADP DET NOUN NOUN VERB VERB ADJ ADP PRON NOUN CCONJ ADP DET ADJ ADJ NOUN DET NOUN CCONJ DET NOUN VERB VERB VERB DET NOUN ADP ADJ NOUN,1.0,"Plus this means that the strike committee can [PET_BOUNDARY] go public [PET_BOUNDARY] with it's grievances, and in the past few days, the farmers and the authorities have been debating the issues on local television.",1,,,,,,,
1389,1389.0,21057,31555,‘ I 'm sorry!’ goes the disembodied voice ; ‘ I 'm as pissed off about this as you are.,0 0 0 0 0 0 0 0 0 0 0 0 0 1 1 0 0 0 0 0,pissed off,figurative,identical,PUNCT PRON VERB NOUN VERB DET ADJ NOUN PUNCT PUNCT PRON NOUN ADV ADJ PART ADP DET ADP PRON VERB,1.0,‘ I 'm sorry!’ goes the disembodied voice ; ‘ I 'm as [PET_BOUNDARY] pissed off [PET_BOUNDARY] about this as you are.,1,,,,,,,
1670,1670.0,7187,11463,Very few people have the luxury of starting completely from scratch although those who do seldom see it as an advantage.,0 0 0 0 0 0 0 0 0 1 1 0 0 0 0 0 0 0 0 0 0,from scratch,figurative,identical,ADV ADJ NOUN VERB DET NOUN ADP VERB ADV ADP NOUN ADP DET NOUN VERB ADV VERB PRON ADP DET NOUN,1.0,Very few people have the luxury of starting completely [PET_BOUNDARY] from scratch [PET_BOUNDARY] although those who do seldom see it as an advantage.,1,,,,,,,
1623,1623.0,58,66,"Oh, no oh no it's not like that, it's a proper model agency in er, in Nottingham, it, it sounds above board, well I 've heard of the, the lass that's running it actually, she's an ex page three girl, she's er very good, you know, from what I 've heard it's erm, it's a reputable agency and er, yeah the ones of the sharks doing that, but er, she ain't one of them thing is she doe she",0 0 0 0 0 0 0 0 0 0 0 0 0 0 0 0 0 0 0 0 1 1 0 0 0 0 0 0 0 0 0 0 0 0 0 0 0 0 0 0 0 0 0 0 0 0 0 0 0 0 0 0 0 0 0 0 0 0 0 0 0 0 0 0 0 0 0 0 0 0 0 0 0 0 0 0 0 0 0,above board,figurative,identical,INTJ INTJ INTJ INTJ PRON ADV ADP DET PRON DET ADJ NOUN NOUN ADP INTJ ADP PROPN PRON PRON VERB ADP NOUN INTJ PRON VERB VERB ADP DET DET NOUN ADJ VERB PRON ADV PRON DET NUM NOUN NUM NOUN PRON INTJ ADV ADJ PRON VERB ADP NOUN PRON VERB VERB PRON NOUN PRON DET ADJ NOUN CCONJ INTJ INTJ DET NOUN ADP DET NOUN VERB DET CCONJ INTJ PRON VERB NUM ADP PRON NOUN VERB PRON VERB PRON,1.0,"Oh, no oh no it's not like that, it's a proper model agency in er, in Nottingham, it, it sounds [PET_BOUNDARY] above board, [PET_BOUNDARY] well I 've heard of the, the lass that's running it actually, she's an ex page three girl, she's er very good, you know, from what I 've heard it's erm, it's a reputable agency and er, yeah the ones of the sharks doing that, but er, she ain't one of them thing is she doe she",1,,,,,,,
1815,1815.0,9188,14723,"At that time I was more interested in making fireworks than in ghosts, and again through my father's good offices, I was able to obtain both gunpowder, and materials for making Roman candle balls — dried more or less successfully at the back of the kitchen range.",0 0 0 0 0 0 0 0 0 0 0 0 0 0 0 0 0 0 1 1 0 0 0 0 0 0 0 0 0 0 0 0 0 0 0 0 0 0 0 0 0 0 0 0 0 0 0,good offices,figurative,identical,ADP DET NOUN PRON VERB ADV ADJ ADP VERB NOUN ADP ADP NOUN CCONJ ADV ADP ADJ NOUN ADJ NOUN PRON VERB ADJ PART VERB DET NOUN CCONJ NOUN ADP VERB ADJ NOUN NOUN PUNCT VERB ADV CCONJ ADV ADV ADP DET NOUN ADP DET NOUN NOUN,1.0,"At that time I was more interested in making fireworks than in ghosts, and again through my father's [PET_BOUNDARY] good offices, [PET_BOUNDARY] I was able to obtain both gunpowder, and materials for making Roman candle balls — dried more or less successfully at the back of the kitchen range.",1,,,,,,,
1382,1382.0,27288,40582,"And apparently these other lads further down, to the tune of about a hundred and fifty yards, had all lifted the boards up on the belt and so all their slack and that was coming to me.",0 0 0 0 0 0 0 1 0 1 1 0 0 0 0 0 0 0 0 0 0 0 0 0 0 0 0 0 0 0 0 0 0 0 0 0 0,to the tune of,figurative,identical,CCONJ ADV DET ADJ NOUN ADV ADV ADP DET NOUN ADP ADV DET NUM CCONJ NUM NOUN VERB DET VERB DET NOUN PART ADP DET NOUN CCONJ ADV ADJ ADJ NOUN CCONJ DET VERB VERB ADP PRON,1.0,"And apparently these other lads further down, [PET_BOUNDARY] to the tune of [PET_BOUNDARY] about a hundred and fifty yards, had all lifted the boards up on the belt and so all their slack and that was coming to me.",1,,,,,,,
970,970.0,27412,40775,"It was touch - and - go whether she could reach the pram before it either overturned or leapt from the rocky wall at the foot of the bank on to the road, along which traffic was speeding in both directions.",0 0 1 0 1 0 1 0 0 0 0 0 0 0 0 0 0 0 0 0 0 0 0 0 0 0 0 0 0 0 0 0 0 0 0 0 0 0 0 0 0,touch and go,figurative,dashes,PRON VERB NOUN PUNCT CCONJ PUNCT VERB ADP PRON VERB VERB DET NOUN ADP PRON CCONJ VERB CCONJ ADJ ADP DET ADJ NOUN ADP DET NOUN ADP DET NOUN ADP ADP DET NOUN ADP ADJ NOUN VERB VERB ADP DET NOUN,1.0,"It was [PET_BOUNDARY] touch - and - go [PET_BOUNDARY] whether she could reach the pram before it either overturned or leapt from the rocky wall at the foot of the bank on to the road, along which traffic was speeding in both directions.",1,,,,,,,
1756,1756.0,24215,36194,"For Flew, the track which leads from equality of opportunity ( a phrase which he finds ambiguous ) to equality of outcome is not a slippery slope at all.",0 0 0 0 0 0 0 0 0 0 0 0 0 0 0 0 0 0 0 0 0 0 0 0 0 1 1 0 0,slippery slope,figurative,identical,ADP PROPN DET NOUN ADJ VERB ADP NOUN ADP NOUN PUNCT DET NOUN ADJ PRON VERB ADJ PUNCT ADP NOUN ADP NOUN VERB ADV DET ADJ NOUN ADV ADV,1.0,"For Flew, the track which leads from equality of opportunity ( a phrase which he finds ambiguous ) to equality of outcome is not a [PET_BOUNDARY] slippery slope [PET_BOUNDARY] at all.",1,,,,,,,
1848,1848.0,26224,39128,‘ Don't even tempt fate to suggest I won't.’,0 0 0 1 1 0 0 0 0,tempt fate,figurative,identical,PUNCT VERB ADV VERB NOUN PART VERB PRON ADJ,1.0,‘ Don't even [PET_BOUNDARY] tempt fate [PET_BOUNDARY] to suggest I won't.’,1,,,,,,,
1249,1249.0,20759,31197,LONDON – Politicians are masters at “ passing the buck. ”,0 0 0 0 0 0 0 1 0 1 0,pass the buck,figurative,inflection,PROPN PUNCT NOUN VERB NOUN ADP PUNCT VERB DET NOUN PUNCT,1.0,LONDON – Politicians are masters at “ [PET_BOUNDARY] passing the buck. [PET_BOUNDARY] ”,1,,,,,,,
1540,1540.0,20924,31410,"Trying to pick up the pieces of his life, he says his experiences have made it difficult for him to trust anybody.",0 0 1 1 0 1 0 0 0 0 0 0 0 0 0 0 0 0 0 0 0 0,pick up the pieces,figurative,identical,VERB PART VERB PART DET NOUN ADP ADJ NOUN PRON VERB ADJ NOUN VERB VERB PRON ADJ ADP PRON PART VERB NOUN,1.0,"Trying to [PET_BOUNDARY] pick up the pieces [PET_BOUNDARY] of his life, he says his experiences have made it difficult for him to trust anybody.",1,,,,,,,
1398,1398.0,24443,36483,Your body language will speak volumes about your happy state.,0 0 0 0 1 1 0 0 0 0,speak volumes,figurative,identical,ADJ NOUN NOUN VERB VERB NOUN ADP ADJ ADJ NOUN,1.0,Your body language will [PET_BOUNDARY] speak volumes [PET_BOUNDARY] about your happy state.,1,,,,,,,
1571,1571.0,9400,14981,industrial machinery — indeed anything that includes hardened steel — would grind to a halt if trade in chromium stopped.,0 0 0 0 0 0 0 0 0 0 0 1 1 0 1 0 0 0 0 0,grind to a halt,figurative,identical,ADJ NOUN PUNCT ADV NOUN ADJ VERB VERB NOUN PUNCT VERB VERB ADP DET NOUN ADP NOUN ADP NOUN VERB,1.0,industrial machinery — indeed anything that includes hardened steel — would [PET_BOUNDARY] grind to a halt [PET_BOUNDARY] if trade in chromium stopped.,1,,,,,,,
1538,1538.0,24278,36259,"Barring the Chippendales and now this talk of withholding Swan Lake from its citizens ' eyes will, I think, be small potatoes compared with the prospect of having homosexuals in the police force.",0 0 0 0 0 0 0 0 0 0 0 0 0 0 0 0 0 0 0 0 1 1 0 0 0 0 0 0 0 0 0 0 0,small potatoes,figurative,identical,VERB DET PROPN CCONJ ADV DET NOUN ADP NOUN PROPN PROPN ADP ADJ NOUN PART NOUN VERB PRON VERB VERB ADJ NOUN VERB ADP DET NOUN ADP VERB NOUN ADP DET NOUN NOUN,1.0,"Barring the Chippendales and now this talk of withholding Swan Lake from its citizens ' eyes will, I think, be [PET_BOUNDARY] small potatoes [PET_BOUNDARY] compared with the prospect of having homosexuals in the police force.",1,,,,,,,
1888,1888.0,18290,27579,"‘ Don't want you limping about too much, not now your ankle's on the mend.’",0 0 0 0 0 0 0 0 0 0 0 0 1 0 1,on the mend,figurative,dashes,PUNCT VERB VERB PRON VERB ADP ADV ADJ ADV ADV ADJ NOUN ADP DET NOUN,1.0,"‘ Don't want you limping about too much, not now your ankle's [PET_BOUNDARY] on the mend.’ [PET_BOUNDARY]",1,,,,,,,
1149,1149.0,1727,2411,"When James begins with the simple statement "" The poor young man hesitated and procrastinated "", he begs such questions as : Who was the young man?",0 0 0 0 0 0 0 0 0 0 0 0 0 0 0 0 0 1 0 1 0 0 0 0 0 0 0,beg the question,figurative,combined-inflection,ADV PROPN VERB ADP DET ADJ NOUN PUNCT DET ADJ ADJ NOUN VERB CCONJ VERB PUNCT PRON VERB ADJ NOUN ADP PUNCT NOUN VERB DET ADJ NOUN,1.0,"When James begins with the simple statement "" The poor young man hesitated and procrastinated "", he [PET_BOUNDARY] begs such questions [PET_BOUNDARY] as : Who was the young man?",1,,,,,,,
966,966.0,24698,36836,"Shot in vibrant colours and from bizarre angles, their squeaky clean Space Age home epitomises this antiseptic respectability.",0 0 0 0 0 0 0 0 0 1 1 0 0 0 0 0 0 0,squeaky clean,figurative,identical,VERB ADP ADJ NOUN CCONJ ADP ADJ NOUN ADJ ADJ ADJ PROPN PROPN NOUN NOUN DET ADJ NOUN,1.0,"Shot in vibrant colours and from bizarre angles, their [PET_BOUNDARY] squeaky clean [PET_BOUNDARY] Space Age home epitomises this antiseptic respectability.",1,,,,,,,
1090,1090.0,935,1268,The Countess was known locally for her frequent visits to the sick and the infirm and never at a loss for a generous word or gesture.,0 0 0 0 0 0 0 0 0 0 0 0 0 0 0 0 0 1 0 1 1 0 0 1 0 0,at a loss for words,figurative,combined-inflection,DET PROPN VERB VERB ADV ADP ADJ ADJ NOUN ADP DET ADJ CCONJ DET NOUN CCONJ ADV ADP DET NOUN ADP DET ADJ NOUN CCONJ NOUN,1.0,The Countess was known locally for her frequent visits to the sick and the infirm and never [PET_BOUNDARY] at a loss for a generous word [PET_BOUNDARY] or gesture.,1,,,,,,,
1438,1438.0,4332,6683,The images of the dead came to his mind and he knew that he had to stop Kopyion.,0 0 0 0 0 1 1 0 1 0 0 0 0 0 0 0 0 0,come to mind,figurative,combined-inflection,DET NOUN ADP DET NOUN VERB ADP ADJ NOUN CCONJ PRON VERB ADP PRON VERB PART VERB PROPN,1.0,The images of the dead [PET_BOUNDARY] came to his mind [PET_BOUNDARY] and he knew that he had to stop Kopyion.,1,,,,,,,
1822,1822.0,22019,32814,He's the kind of big game that hunts you back if you put a foot wrong.,0 0 0 0 0 0 0 0 0 0 0 0 1 0 1 1,put a foot wrong,figurative,identical,PRON DET NOUN ADP ADJ NOUN ADJ VERB PRON ADV ADP PRON VERB DET NOUN NOUN,1.0,He's the kind of big game that hunts you back if you [PET_BOUNDARY] put a foot wrong. [PET_BOUNDARY],1,,,,,,,
1795,1795.0,3174,4863,"The fact that they are in effect, being made serfs on their own land, and that the only fortunes being made in logging are by corrupt politicians and businessmen seems by the by.",0 0 0 0 0 0 0 0 0 0 0 0 0 0 0 0 0 0 0 0 0 0 0 0 0 0 0 0 0 0 0 0 1,by the by,figurative,misc,DET NOUN ADP PRON VERB ADP NOUN VERB VERB NOUN ADP ADJ ADJ NOUN CCONJ ADP DET ADJ NOUN VERB VERB ADP NOUN VERB ADP ADJ NOUN CCONJ NOUN VERB ADP DET NOUN,1.0,"The fact that they are in effect, being made serfs on their own land, and that the only fortunes being made in logging are by corrupt politicians and businessmen seems by the [PET_BOUNDARY] by. [PET_BOUNDARY]",1,,,,,,,
1595,1595.0,22337,33444,"AZTEC CAMERA, currently riding high in the charts with ‘ Good Morning Britain’, will play a one - off date at London Brixton Academy on December 20 — the last date of their current world tour.",0 0 0 1 1 0 0 0 0 0 0 0 0 0 0 0 0 0 0 0 0 0 0 0 0 0 0 0 0 0 0 0 0 0 0 0,ride high,figurative,inflection,NOUN PROPN ADV VERB ADJ ADP DET NOUN ADP PUNCT PROPN PROPN PROPN VERB VERB DET NUM PUNCT PART NOUN ADP PROPN PROPN PROPN ADP PROPN NUM PUNCT DET ADJ NOUN ADP ADJ ADJ NOUN NOUN,1.0,"AZTEC CAMERA, currently [PET_BOUNDARY] riding high [PET_BOUNDARY] in the charts with ‘ Good Morning Britain’, will play a one - off date at London Brixton Academy on December 20 — the last date of their current world tour.",1,,,,,,,
1784,1784.0,15947,24591,"I didn't want her to think I was angry or disappointed, and as I helped her ashore, I smiled and said, ‘ I understand,’ and, caught in the no - man's - land between desire and fulfilment, leant forward rather clumsily to kiss her.",0 0 0 0 0 0 0 0 0 0 0 0 0 0 0 0 0 0 0 0 0 0 0 0 0 0 0 0 1 0 1 0 1 0 0 0 0 0 0 0 0 0 0 0,no man's land,figurative,dashes,PRON VERB VERB PRON PART VERB PRON VERB ADJ CCONJ ADJ CCONJ ADP PRON VERB PRON ADV PRON VERB CCONJ VERB PUNCT PRON VERB CCONJ VERB ADP DET DET PUNCT NOUN PUNCT NOUN ADP NOUN CCONJ ADJ NOUN ADV ADV ADJ PART VERB PRON,1.0,"I didn't want her to think I was angry or disappointed, and as I helped her ashore, I smiled and said, ‘ I understand,’ and, caught in the [PET_BOUNDARY] no - man's - land [PET_BOUNDARY] between desire and fulfilment, leant forward rather clumsily to kiss her.",1,,,,,,,
1166,1166.0,953,1290,"First, the complete omission of ‘ When I have often heard young maids complaining’(This may seem surprising, given that the text managed to get into the quarto, even if late ; but as a continuo song it could, at a pinch, have been accompanied by the harpsichordist from a separate sheet, with a gamba player reading over his shoulder.",0 0 0 0 0 0 0 0 0 0 0 0 0 0 0 0 0 0 0 0 0 0 0 0 0 0 0 0 0 0 0 0 0 0 0 0 0 0 1 0 1 0 0 0 0 0 0 0 0 0 0 0 0 0 0 0 0 0 0,at a pinch,figurative,identical,ADV DET ADJ NOUN ADP PUNCT ADV PRON VERB ADV VERB ADJ NOUN PRON VERB VERB ADJ VERB ADP DET NOUN VERB PART VERB ADP DET NOUN ADV ADP ADV PUNCT CCONJ ADP DET ADJ NOUN PRON VERB ADP DET NOUN VERB VERB VERB ADP DET NOUN ADP DET ADJ NOUN ADP DET ADJ NOUN VERB ADP ADJ NOUN,1.0,"First, the complete omission of ‘ When I have often heard young maids complaining’(This may seem surprising, given that the text managed to get into the quarto, even if late ; but as a continuo song it could, [PET_BOUNDARY] at a pinch, [PET_BOUNDARY] have been accompanied by the harpsichordist from a separate sheet, with a gamba player reading over his shoulder.",1,,,,,,,
1275,1275.0,1354,1733,"Equally dramatic has been the emergence of a new venue, the former Gas Works, converted into a theatre almost at the drop of a hat, a transformation that clearly shook last night's capacity audience at the first performance in the Klondyke Building.",0 0 0 0 0 0 0 0 0 0 0 0 0 0 0 0 0 0 0 1 0 1 1 0 1 0 0 0 0 0 0 0 0 0 0 0 0 0 0 0 0 0,at the drop of a hat,figurative,identical,ADV ADJ VERB VERB DET NOUN ADP DET ADJ NOUN DET ADJ PROPN PROPN VERB ADP DET NOUN ADV ADP DET NOUN ADP DET NOUN DET NOUN ADJ ADV VERB ADJ NOUN NOUN NOUN ADP DET ADJ NOUN ADP DET PROPN PROPN,1.0,"Equally dramatic has been the emergence of a new venue, the former Gas Works, converted into a theatre almost [PET_BOUNDARY] at the drop of a hat, [PET_BOUNDARY] a transformation that clearly shook last night's capacity audience at the first performance in the Klondyke Building.",1,,,,,,,
1329,1329.0,26811,40105,"M Beregovoy may claim that he has nothing to reproach himself with, but his acceptance of an interest - free million franc ( £ 125,000 ) loan from a shady businessman looks suspicious to say the least.",0 0 0 0 0 0 0 0 0 0 0 0 0 0 0 0 0 0 0 0 0 0 0 0 0 0 0 0 0 0 0 0 0 1 1 0 1,to say the least,figurative,identical,PROPN PROPN VERB VERB ADP PRON VERB NOUN PART VERB PRON ADP CCONJ ADJ NOUN ADP DET NOUN PUNCT ADJ NUM NOUN PUNCT SYM NUM PUNCT NOUN ADP DET ADJ NOUN VERB ADJ PART VERB DET ADJ,1.0,"M Beregovoy may claim that he has nothing to reproach himself with, but his acceptance of an interest - free million franc ( £ 125,000 ) loan from a shady businessman looks suspicious [PET_BOUNDARY] to say the least. [PET_BOUNDARY]",1,,,,,,,
1626,1626.0,102,110,The opposition candidate won a sweeping victory with a mandate for democracy and a fresh start across the board.,0 0 0 0 0 0 0 0 0 0 0 0 0 0 0 0 1 0 1,across the board,figurative,identical,DET NOUN NOUN VERB DET ADJ NOUN ADP DET NOUN ADP NOUN CCONJ DET ADJ NOUN ADP DET NOUN,1.0,The opposition candidate won a sweeping victory with a mandate for democracy and a fresh start [PET_BOUNDARY] across the board. [PET_BOUNDARY],1,,,,,,,
1159,1159.0,24251,36231,But here is a slow - but - sure formula for manifesting our Dreams.,0 0 0 0 1 0 1 0 1 0 0 0 0 0,slow but sure,figurative,dashes,CCONJ ADV VERB DET ADJ PUNCT CCONJ PUNCT ADJ NOUN ADP VERB ADJ PROPN,1.0,But here is a [PET_BOUNDARY] slow - but - sure [PET_BOUNDARY] formula for manifesting our Dreams.,1,,,,,,,
1142,1142.0,29109,43469,He were wet behind the ears!,0 0 1 1 0 1,wet behind the ears,figurative,identical,PRON VERB ADJ ADP DET NOUN,1.0,He were [PET_BOUNDARY] wet behind the ears! [PET_BOUNDARY],1,,,,,,,
1527,,1828,9530,,,,,,,,"the problem , amazingly enough , is the screenplay .",0,,,,,,,
953,,2159,7184,,,,,,,,"with its dogged hollywood naturalism and the inexorable passage of its characters toward sainthood , windtalkers is nothing but a sticky-sweet soap .",0,,,,,,,
1281,,1493,7217,,,,,,,,"for all its technical virtuosity , the film is so mired in juvenile and near-xenophobic pedagogy that it's enough to make one pine for the day when godard can no longer handle the rigors of filmmaking .",0,,,,,,,
1448,,1455,7658,,,,,,,,it's hard to tell with all the crashing and banging where the salesmanship ends and the movie begins .,0,,,,,,,
1195,,1115,7851,,,,,,,,lawrence preaches strictly to the converted .,0,,,,,,,
1754,,2149,9202,,,,,,,,"its message has merit and , in the hands of a brutally honest individual like prophet jack , might have made a point or two regarding life .",0,,,,,,,
1348,,1637,8560,,,,,,,,"the mothman prophecies , which is mostly a bore , seems to exist only for its climactic setpiece .",0,,,,,,,
1176,,1308,9676,,,,,,,,"it's hard to believe that a relationship like holly and marina's could survive the hothouse emotions of teendom , and its longevity gets more inexplicable as the characterizations turn more crassly reductive .",0,,,,,,,
1436,,1578,10500,,,,,,,,sade achieves the near-impossible : it turns the marquis de sade into a dullard .,0,,,,,,,
1521,,2119,7202,,,,,,,,a wildly inconsistent emotional experience .,0,,,,,,,
1235,,1218,6788,,,,,,,,"in the process of trimming the movie to an expeditious 84 minutes , director roger kumble seems to have dumped a whole lot of plot in favor of . . . outrageous gags .",0,,,,,,,
1467,,2096,8069,,,,,,,,there is not an ounce of honesty in the entire production .,0,,,,,,,
1121,,1319,10586,,,,,,,,"purports to be a hollywood satire but winds up as the kind of film that should be the target of something deeper and more engaging . oh , and more entertaining , too .",0,,,,,,,
1156,,2152,5495,,,,,,,,"at its best , it's black hawk down with more heart . at its worst , it's rambo- meets-john ford .",0,,,,,,,
1843,,1601,10410,,,,,,,,"certainly not a good movie , but it wasn't horrible either .",0,,,,,,,
1689,,2132,8799,,,,,,,,"a sterling film - a cross between boys don't cry , deliverance , and ode to billy joe - lies somewhere in the story of matthew shepard , but that film is yet to be made .",0,,,,,,,
1146,,1477,9502,,,,,,,,the script ? please .,0,,,,,,,
1430,,1891,7789,,,,,,,,"the acting by the over-25s lacks spark , with csokas particularly unconnected .",0,,,,,,,
1680,,1346,9888,,,,,,,,low comedy doesn't come much lower .,0,,,,,,,
1439,,2135,9572,,,,,,,,the film desperately sinks further and further into comedy futility .,0,,,,,,,
1656,,1990,6980,,,,,,,,the kind of spectacularly misconceived enterprise that only a sophisticated cinephile could have perpetrated .,0,,,,,,,
1475,,1839,9384,,,,,,,,"purposefully shocking in its eroticized gore , if unintentionally dull in its lack of poetic frissons .",0,,,,,,,
1178,,1654,6265,,,,,,,,"if jews were catholics , this would be catechism",0,,,,,,,
1158,,1975,7062,,,,,,,,"a morose little soap opera about three vapid , insensitive people who take turns hurting each other . it's a feature-length adaptation of one of those "" can this marriage be saved ? "" columns from ladies home journal . . .",0,,,,,,,
1470,,1154,5645,,,,,,,,"[carvey's] characters are both overplayed and exaggerated , but then again , subtlety has never been his trademark .",0,,,,,,,
1173,,1534,10199,,,,,,,,"though uniformly well acted , especially by young ballesta and galan ( a first-time actor ) , writer/director achero manas's film is schematic and obvious .",0,,,,,,,
1384,,1202,9623,,,,,,,,"the soupy end result has the odd distinction of being playful without being fun , too .",0,,,,,,,
1006,,1307,10256,,,,,,,,the master of disguise is awful . it's pauly shore awful . don't say you weren't warned .,0,,,,,,,
1828,,1712,10233,,,,,,,,"adroit but finally a trifle flat , mad love doesn't galvanize its outrage the way , say , jane campion might have done , but at least it possesses some .",0,,,,,,,
1796,,1755,9686,,,,,,,,"well-meaning to a fault , antwone fisher manages the dubious feat of turning one man's triumph of will into everyman's romance comedy .",0,,,,,,,
1077,,1454,8694,,,,,,,,"entertaining enough , but nothing new",0,,,,,,,
1778,,2039,8957,,,,,,,,it tells its story in a flat manner and leaves you with the impression that you should have gotten more out of it than you did .,0,,,,,,,
1170,,1288,9564,,,,,,,,"i believe silberling had the best intentions here , but he just doesn't have the restraint to fully realize them .",0,,,,,,,
1313,,1378,10229,,,,,,,,an encouraging effort from mccrudden,0,,,,,,,
1511,,1830,10439,,,,,,,,"the work of an exhausted , desiccated talent who can't get out of his own way .",0,,,,,,,
1800,,1299,6616,,,,,,,,stiff and schmaltzy and clumsily directed .,0,,,,,,,
1861,,1245,8743,,,,,,,,fluffy neo-noir hiding behind cutesy film references .,0,,,,,,,
991,,1135,5859,,,,,,,,"given the fact that virtually no one is bound to show up at theatres for it , the project should have been made for the tube .",0,,,,,,,
979,,1579,8994,,,,,,,,"jam-packed with literally bruising jokes . every five minutes or so , someone gets clocked .",0,,,,,,,
1298,,2147,10476,,,,,,,,"this is a monumental achievement in practically every facet of inept filmmaking : joyless , idiotic , annoying , heavy-handed , visually atrocious , and often downright creepy .",0,,,,,,,
1501,,1443,9867,,,,,,,,"director george hickenlooper has had some success with documentaries , but here his sense of story and his juvenile camera movements smack of a film school undergrad , and his maudlin ending might not have gotten him into film school in the first place .",0,,,,,,,
1169,,1397,8538,,,,,,,,"the film is a confusing melange of tones and styles , one moment a romantic trifle and the next a turgid drama .",0,,,,,,,
1485,,1374,5387,,,,,,,,"though her fans will assuredly have their funny bones tickled , others will find their humor-seeking dollars best spent elsewhere .",0,,,,,,,
1463,,1418,7588,,,,,,,,"william shatner , as a pompous professor , is the sole bright spot . . .",0,,,,,,,
989,,1872,8274,,,,,,,,"maybe it's the star power of the cast or the redundant messages , but something aboul "" full frontal "" seems , well , contrived .",0,,,,,,,
1406,,1697,10455,,,,,,,,"time literally stops on a dime in the tries-so-hard-to-be-cool "" clockstoppers , "" but that doesn't mean it still won't feel like the longest 90 minutes of your movie-going life .",0,,,,,,,
1764,,1306,10630,,,,,,,,"it's a movie that ends with truckzilla , for cryin' out loud . if that doesn't clue you in that something's horribly wrong , nothing will .",0,,,,,,,
1361,,1511,6678,,,,,,,,believability wasn't one of the film's virtues .,0,,,,,,,
1187,,1620,6804,,,,,,,,an incoherent jumble of a film that's rarely as entertaining as it could have been .,0,,,,,,,
1182,,1489,8614,,,,,,,,an often unfunny romp .,0,,,,,,,
1399,,1160,7393,,,,,,,,moderately involving despite bargain-basement photography and hackneyed romance .,0,,,,,,,
1740,,1544,5924,,,,,,,,a fifty car pileup of cliches .,0,,,,,,,
1103,,1122,7558,,,,,,,,"[director] byler may yet have a great movie in him , but charlotte sometimes is only half of one .",0,,,,,,,
1318,,1565,9434,,,,,,,,"imagine a film that begins as a seven rip-off , only to switch to a mix of the shining , the thing , and any naked teenagers horror flick from the 1980s .",0,,,,,,,
1308,,2101,8602,,,,,,,,"i could just feel the screenwriter at every moment 'tap , tap , tap , tap , tapping away' on this screenplay .",0,,,,,,,
1569,,1689,10114,,,,,,,,"haneke's script ( from elfriede jelinek's novel ) is contrived , unmotivated , and psychologically unpersuasive , with an inconclusive ending .",0,,,,,,,
1254,,1394,6117,,,,,,,,"it is that rare combination of bad writing , bad direction and bad acting -- the trifecta of badness .",0,,,,,,,
1476,,2055,10066,,,,,,,,"sheridan seems terrified of the book's irreverent energy , and scotches most of its élan , humor , bile , and irony .",0,,,,,,,
1538,,1625,9428,,,,,,,,seagal is painfully foolish in trying to hold onto what's left of his passe' chopsocky glory .,0,,,,,,,
1762,,1112,10349,,,,,,,,"the movie is almost completely lacking in suspense , surprise and consistent emotional conviction .",0,,,,,,,
1898,,1483,6869,,,,,,,,"van wilder doesn't bring anything new to the proverbial table , but it does possess a coherence absent in recent crass-a-thons like tomcats , freddy got fingered , and slackers .",0,,,,,,,
955,,1985,7488,,,,,,,,"a simple , sometimes maddeningly slow film that has just enough charm and good acting to make it interesting , but is ultimately pulled under by the pacing and lack of creativity within .",0,,,,,,,
1452,,1367,7227,,,,,,,,"nonsensical , dull "" cyber-horror "" flick is a grim , hollow exercise in flat scares and bad acting .",0,,,,,,,
1719,,1172,7489,,,,,,,,"roger michell , who did an appealing job directing persuasion and notting hill in england , gets too artsy in his american debut .",0,,,,,,,
959,,2064,6897,,,,,,,,a movie that hovers somewhere between an acute character study and a trite power struggle .,0,,,,,,,
1522,,1657,9058,,,,,,,,"shows that jackie chan is getting older , and that's something i would rather live in denial about",0,,,,,,,
1816,,1615,8506,,,,,,,,"equilibrium the movie , as opposed to the manifesto , is really , really stupid .",0,,,,,,,
1050,,1499,6649,,,,,,,,"stuffy , full of itself , morally ambiguous and nothing to shout about .",0,,,,,,,
1243,,1826,7844,,,,,,,,at the bottom rung of the series' entries .,0,,,,,,,
1679,,1676,8134,,,,,,,,"this may be the dumbest , sketchiest movie on record about an aspiring writer's coming-of-age .",0,,,,,,,
1494,,1773,8938,,,,,,,,[t]he film is never sure to make a clear point  even if it seeks to rely on an ambiguous presentation .,0,,,,,,,
1730,,2048,6274,,,,,,,,"for a guy who has waited three years with breathless anticipation for a new hal hartley movie to pore over , no such thing is a big letdown .",0,,,,,,,
1638,,2047,7346,,,,,,,,"scooby dooby doo / and shaggy too / you both look and sound great . / but daphne , you're too buff / fred thinks he's tough / and velma - wow , you've lost weight !",0,,,,,,,
1856,,2018,6519,,,,,,,,"other than a mildly engaging central romance , hospital is sickly entertainment at best and mind-destroying cinematic pollution at worst .",0,,,,,,,
1646,,1484,9708,,,,,,,,"in the end , tuck everlasting falls victim to that everlasting conundrum experienced by every human who ever lived : too much to do , too little time to do it in .",0,,,,,,,
981,,1809,7342,,,,,,,,van wilder brings a whole new meaning to the phrase 'comedy gag . ' at least one scene is so disgusting that viewers may be hard pressed to retain their lunch .,0,,,,,,,
1068,,1240,5447,,,,,,,,"j . lo will earn her share of the holiday box office pie , although this movie makes one thing perfectly clear : she's a pretty woman , but she's no working girl .",0,,,,,,,
1192,,1119,7737,,,,,,,,undercover brother doesn't go far enough . it's just a silly black genre spoof .,0,,,,,,,
1811,,1862,8895,,,,,,,,""" freaky friday , "" it's not .",0,,,,,,,
1756,,1803,9579,,,,,,,,"after an hour and a half of wondering -- sometimes amusedly , sometimes impatiently -- just what this strenuously unconventional movie is supposed to be , you discover that the answer is as conventional as can be .",0,,,,,,,
1153,,2005,9765,,,,,,,,"a bizarre piece of work , with premise and dialogue at the level of kids' television and plot threads as morose as teen pregnancy , rape and suspected murder",0,,,,,,,
1113,,1420,6947,,,,,,,,"this is not the undisputed worst boxing movie ever , but it's certainly not a champion - the big loser is the audience .",0,,,,,,,
1374,,1516,7164,,,,,,,,"weaves a spell over you , with its disturbingly close-up look at damaged psyches and its subtle undercurrents of danger . but its awkward structure keeps breaking the spell .",0,,,,,,,
1359,,1133,8147,,,,,,,,"a free-for-all of half-baked thoughts , clumsily used visual tricks and self-indulgent actor moments .",0,,,,,,,
1391,,1860,7301,,,,,,,,"the man from elysian fields is a cold , bliss-less work that groans along thinking itself some important comment on how life throws us some beguiling curves .",0,,,,,,,
1018,,1184,10124,,,,,,,,"this picture is murder by numbers , and as easy to be bored by as your abc's , despite a few whopping shootouts .",0,,,,,,,
1261,,1407,7225,,,,,,,,"works hard to establish rounded characters , but then has nothing fresh or particularly interesting to say about them .",0,,,,,,,
1866,,1732,7247,,,,,,,,it's hampered by a lifetime-channel kind of plot and a lead actress who is out of her depth .,0,,,,,,,
1072,,1964,7503,,,,,,,,"shadyac shoots his film like an m . night shyamalan movie , and he frequently maintains the same snail's pace ; he just forgot to add any genuine tension .",0,,,,,,,
1149,,1769,5851,,,,,,,,"in the name of an allegedly inspiring and easily marketable flick , the emperor's club turns a blind eye to the very history it pretends to teach .",0,,,,,,,
1036,,1199,7274,,,,,,,,"with virtually no interesting elements for an audience to focus on , chelsea walls is a triple-espresso endurance challenge .",0,,,,,,,
1218,,2153,7662,,,,,,,,"an earnest racial-issues picture that might have gotten respectful critical praise in a different era -- say , the '60s .",0,,,,,,,
1279,,1882,9659,,,,,,,,more a gunfest than a rock concert .,0,,,,,,,
1872,,1528,6759,,,,,,,,comedy troupe broken lizard's first movie is very funny but too concerned with giving us a plot .,0,,,,,,,
1005,,1914,10062,,,,,,,,"a pint-sized 'goodfellas' designed to appeal to the younger set , it's not a very good movie in any objective sense , but it does mostly hold one's interest .",0,,,,,,,
1839,,1981,7974,,,,,,,,i didn't believe for a moment in these villains or their plot .,0,,,,,,,
1681,,1667,10477,,,,,,,,this off-putting french romantic comedy is sure to test severely the indulgence of fans of amélie .,0,,,,,,,
1751,,1569,5798,,,,,,,,"a piece of mildly entertaining , inoffensive fluff that drifts aimlessly for 90 minutes before lodging in the cracks of that ever-growing category : unembarrassing but unmemorable .",0,,,,,,,
1175,,1362,5731,,,,,,,,paxton's uneven directorial debut fails to unlock the full potential of what is in many ways a fresh and dramatically substantial spin on the genre .,0,,,,,,,
1296,,1136,6945,,,,,,,,"hey arnold ! the movie is what happens when you blow up small potatoes to 10 times their natural size , and it ain't pretty .",0,,,,,,,
1357,,1153,7984,,,,,,,,"if melville is creatively a great whale , this film is canned tuna .",0,,,,,,,
1842,,1238,5835,,,,,,,,"a baffling subplot involving smuggling drugs inside danish cows falls flat , and if you're going to alter the bard's ending , you'd better have a good alternative .",0,,,,,,,
975,,1699,5588,,,,,,,,an inelegant combination of two unrelated shorts that falls far short of the director's previous work in terms of both thematic content and narrative strength .,0,,,,,,,
1257,,1733,8297,,,,,,,,"showtime is one of the hapless victims of the arrogant "" if we put together a wry white man and a chatty black man and give them guns , the movie will be funny "" syndrome .",0,,,,,,,
1221,,1384,8839,,,,,,,,arty gay film .,0,,,,,,,
1773,,1464,5342,,,,,,,,"while the performances are often engaging , this loose collection of largely improvised numbers would probably have worked better as a one-hour tv documentary .",0,,,,,,,
1472,,2041,6840,,,,,,,,"the script kicks in , and mr . hartley's distended pace and foot-dragging rhythms follow .",0,,,,,,,
987,,2009,10651,,,,,,,,narc is all menace and atmosphere .,0,,,,,,,
1874,,1312,9290,,,,,,,,"a few zingers aside , the writing is indifferent , and jordan brady's direction is prosaic .",0,,,,,,,
1481,,1767,6638,,,,,,,,by turns numbingly dull-witted and disquietingly creepy .,0,,,,,,,
1350,,1664,8940,,,,,,,,an overwrought taiwanese soaper about three people and their mixed-up relationship .,0,,,,,,,
1664,,1549,10339,,,,,,,,"totally overwrought , deeply biased , and wholly designed to make you feel guilty about ignoring what the filmmakers clearly believe are the greatest musicians of all time .",0,,,,,,,
1736,,1456,8710,,,,,,,,"there's not a single jump-in-your-seat moment and believe it or not , jason actually takes a backseat in his own film to special effects .",0,,,,,,,
1809,,1656,6851,,,,,,,,they should have called it gutterball .,0,,,,,,,
1422,,1784,8979,,,,,,,,"never having seen the first two films in the series , i can't compare friday after next to them , but nothing would change the fact that what we have here is a load of clams left in the broiling sun for a good three days .",0,,,,,,,
984,,1585,8035,,,,,,,,"it's a bad sign when you're rooting for the film to hurry up and get to its subjects' deaths just so the documentary will be over , but it's indicative of how uncompelling the movie is unless it happens to cover your particular area of interest .",0,,,,,,,
1609,,2121,5938,,,,,,,,"while kids will probably eat the whole thing up , most adults will be way ahead of the plot .",0,,,,,,,
1568,,1173,6012,,,,,,,,a well-made but emotionally scattered film whose hero gives his heart only to the dog .,0,,,,,,,
1160,,1313,6126,,,,,,,,"trailer park magnolia : too long , too cutesy , too sure of its own importance , and possessed of that peculiar tension of being too dense & about nothing at all .",0,,,,,,,
1832,,2035,6778,,,,,,,,. . . a hokey piece of nonsense that tries too hard to be emotional .,0,,,,,,,
1703,,1241,8884,,,,,,,,a beautifully shot but dull and ankle-deep 'epic . ',0,,,,,,,
1273,,1192,8217,,,,,,,,"the premise for this kegger comedy probably sounded brilliant four six-packs and a pitcher of margaritas in , but the film must have been written . . . in the thrall of a vicious hangover .",0,,,,,,,
1292,,1267,5792,,,,,,,,"shows holmes has the screen presence to become a major-league leading lady , ( but ) the movie itself is an underachiever , a psychological mystery that takes its sweet time building to a climax that's scarcely a surprise by the time it arrives .",0,,,,,,,
1696,,1128,8389,,,,,,,,"while the mystery surrounding the nature of the boat's malediction remains intriguing enough to sustain mild interest , the picture refuses to offer much accompanying sustenance in the way of characterization , humor or plain old popcorn fun .",0,,,,,,,
1297,,1207,5596,,,,,,,,one thing is for sure : this movie does not tell you a whole lot about lily chou-chou .,0,,,,,,,
1223,,2106,9802,,,,,,,,"as david letterman and the onion have proven , the worst of tragedies can be fertile sources of humor , but lawrence has only a fleeting grasp of how to develop them .",0,,,,,,,
1194,,1709,8082,,,,,,,,the sort of movie that gives tastelessness a bad rap .,0,,,,,,,
1534,,1255,8255,,,,,,,,a bigger holiday downer than your end-of-year 401 ( k ) statement .,0,,,,,,,
1126,,2085,5451,,,,,,,,"off the hook is overlong and not well-acted , but credit writer-producer-director adam watstein with finishing it at all .",0,,,,,,,
1692,,1894,9961,,,,,,,,statham employs an accent that i think is supposed to be an attempt at hardass american but sometimes just lapses into unhidden british .,0,,,,,,,
1729,,1570,9912,,,,,,,,it's not too fast and not too slow . it's not too racy and it's not too offensive . it's not too much of anything .,0,,,,,,,
1227,,1930,5606,,,,,,,,why spend $9 on the same stuff you can get for a buck or so in that greasy little vidgame pit in the theater lobby ?,0,,,,,,,
1016,,1146,5619,,,,,,,,the inherent limitations of using a video game as the source material movie are once again made all too clear in this schlocky horror/action hybrid .,0,,,,,,,
1412,,2178,7624,,,,,,,,"if you're not a prepubescent girl , you'll be laughing at britney spears' movie-starring debut whenever it doesn't have you impatiently squinting at your watch .",0,,,,,,,
1418,,1865,5497,,,,,,,,calculated swill .,0,,,,,,,
1337,,1849,10542,,,,,,,,"the story is far-flung , illogical , and plain stupid .",0,,,,,,,
1635,,1301,6609,,,,,,,,utter mush . . . conceited pap .,0,,,,,,,
1854,,1720,6832,,,,,,,,"cassavetes thinks he's making dog day afternoon with a cause , but all he's done is to reduce everything he touches to a shrill , didactic cartoon .",0,,,,,,,
1733,,1695,8644,,,,,,,,"despite its raucous intent , xxx is as conventional as a nike ad and as rebellious as spring break .",0,,,,,,,
1586,,1741,5673,,,,,,,,"the setting turns out to be more interesting than any of the character dramas , which never reach satisfying conclusions .",0,,,,,,,
1632,,1799,7378,,,,,,,,"the overall effect is so completely inane that one would have to be mighty bored to even think of staying with this for more than , say , ten . . . make that three minutes .",0,,,,,,,
1435,,1651,6088,,,,,,,,a film that should be relegated to a dark video store corner is somehow making its way instead to theaters . it's hard to imagine acting that could be any flatter .,0,,,,,,,
1711,,2155,5698,,,,,,,,ultimately feels like just one more in the long line of films this year about the business of making movies .,0,,,,,,,
1141,,1925,7592,,,,,,,,"acting , particularly by tambor , almost makes "" never again "" worthwhile , but [writer/director] schaeffer should follow his titular advice",0,,,,,,,
1644,,2126,5381,,,,,,,,"when seagal appeared in an orange prison jumpsuit , i wanted to stand up in the theater and shout , 'hey , kool-aid ! '",0,,,,,,,
1798,,1646,8534,,,,,,,,"the movie certainly has its share of clever moments and biting dialogue , but there's just not much lurking below its abstract surface .",0,,,,,,,
1108,,1467,6597,,,,,,,,"i highly recommend irwin , but not in the way this film showcases him .",0,,,,,,,
1675,,1734,5678,,,,,,,,"bigelow offers some flashy twists and turns that occasionally fortify this turgid fable . but for the most part , the weight of water comes off as a two-way time-switching myopic mystery that stalls in its lackluster gear of emotional blandness .",0,,,,,,,
1797,,1361,5782,,,,,,,,"davis has energy , but she doesn't bother to make her heroine's book sound convincing , the gender-war ideas original , or the comic scenes fly .",0,,,,,,,
1517,,2088,9084,,,,,,,,"the problems of the people in love in the time of money are hardly specific to their era . they just have problems , which are neither original nor are presented in convincing way .",0,,,,,,,
963,,2140,8280,,,,,,,,too timid to bring a sense of closure to an ugly chapter of the twentieth century .,0,,,,,,,
1804,,1680,7401,,,,,,,,"the only thing worse than your substandard , run-of-the-mill hollywood picture is an angst-ridden attempt to be profound .",0,,,,,,,
1791,,1387,8769,,,,,,,,i firmly believe that a good video game movie is going to show up soon . i also believe that resident evil is not it .,0,,,,,,,
1471,,1395,8214,,,,,,,,"once the audience figure out what's being said , the filmmaker's relative passivity will make it tough for them to really care .",0,,,,,,,
1548,,1162,5536,,,,,,,,the film favors the scientific over the spectacular ( visually speaking ) .,0,,,,,,,
1037,,1630,9501,,,,,,,,"the leads are so unmemorable , despite several attempts at lengthy dialogue scenes , that one eventually resents having to inhale this gutter romancer's secondhand material .",0,,,,,,,
1608,,1661,6768,,,,,,,,"elegantly crafted but emotionally cold , a puzzle whose intricate construction one can admire but is difficult to connect with on any deeper level .",0,,,,,,,
1096,,1864,8289,,,,,,,,on the right track to something that's creepy and effective . . . it's just going to take more than a man in a bullwinkle costume to get there .,0,,,,,,,
951,,2151,8132,,,,,,,,the central story lacks punch .,0,,,,,,,
1417,,1515,9590,,,,,,,,"[the film's] taste for "" shock humor "" will wear thin on all but those weaned on the comedy of tom green and the farrelly brothers .",0,,,,,,,
1747,,1759,6717,,,,,,,,"amidst the action , the script carries arnold ( and the viewers ) into the forbidden zone of sympathizing with terrorist motivations by presenting the "" other side of the story . """,0,,,,,,,
977,,2004,7929,,,,,,,,"the story itself is uninteresting , and the songs are painfully undistinguished : they might be giants' so to be one of us may be the most tuneless tune ever composed .",0,,,,,,,
1000,,1867,8707,,,,,,,,"with more character development this might have been an eerie thriller ; with better payoffs , it could have been a thinking man's monster movie .",0,,,,,,,
1564,,2067,6538,,,,,,,,"large budget notwithstanding , the movie is such a blip on the year's radar screen that it's tempting just to go with it for the ride . but this time , the old mib label stands for milder isn't better .",0,,,,,,,
1107,,1543,7573,,,,,,,,"the thriller side of this movie is falling flat , as the stalker doesn't do much stalking , and no cop or lawyer grasps the concept of actually investigating the case .",0,,,,,,,
1690,,1670,6133,,,,,,,,the filmmakers lack the nerve . . . to fully exploit the script's potential for sick humor .,0,,,,,,,
1492,,1463,5605,,,,,,,,"silly , loud and goofy .",0,,,,,,,
1698,,2170,7053,,,,,,,,"this re-do is so dumb and so exploitative in its violence that , ironically , it becomes everything that the rather clumsy original was railing against .",0,,,,,,,
1749,,1818,8540,,,,,,,,"there's a little violence and lots of sex in a bid to hold our attention , but it grows monotonous after a while , as do joan and philip's repetitive arguments , schemes and treachery .",0,,,,,,,
1695,,2040,8420,,,,,,,,the dark and bittersweet twist feels strange as things turn nasty and tragic during the final third of the film . first-timer john mckay is never able to pull it back on course .,0,,,,,,,
1529,,1777,6505,,,,,,,,the whole film has this sneaky feel to it  as if the director is trying to dupe the viewer into taking it all as very important simply because the movie is ugly to look at and not a hollywood product .,0,,,,,,,
1752,,1837,5523,,,,,,,,such a bad movie that its luckiest viewers will be seated next to one of those ignorant pinheads who talk throughout the show .,0,,,,,,,
972,,1194,5597,,,,,,,,"with a tone as variable as the cinematography , schaeffer's film never settles into the light-footed enchantment the material needs , and the characters' quirks and foibles never jell into charm .",0,,,,,,,
1712,,1926,7563,,,,,,,,"there are touching moments in etoiles , but for the most part this is a dull , dour documentary on what ought to be a joyful or at least fascinating subject .",0,,,,,,,
1345,,1945,7628,,,,,,,,you could nap for an hour and not miss a thing .,0,,,,,,,
1404,,1660,5422,,,,,,,,the code talkers deserved better than a hollow tribute .,0,,,,,,,
1625,,1318,9758,,,,,,,,bravo reveals the true intent of her film by carefully selecting interview subjects who will construct a portrait of castro so predominantly charitable it can only be seen as propaganda .,0,,,,,,,
1820,,1577,9513,,,,,,,,the latest vapid actor's exercise to appropriate the structure of arthur schnitzler's reigen .,0,,,,,,,
1721,,1473,7792,,,,,,,,"the fight scenes are fun , but it grows tedious .",0,,,,,,,
1794,,1684,8118,,,,,,,,"there's something deeply creepy about never again , a new arrow in schaeffer's quiver of ineptitudes .",0,,,,,,,
1806,,1266,10643,,,,,,,,"the metaphors are provocative , but too often , the viewer is left puzzled by the mechanics of the delivery .",0,,,,,,,
1777,,2079,8365,,,,,,,,"half of it is composed of snappy patter and pseudo-sophisticated cultural observations , while the remainder . . . would be more at home on a daytime television serial .",0,,,,,,,
1670,,1435,6891,,,,,,,,is an arthritic attempt at directing by callie khouri . i had to look away - this was god awful .,0,,,,,,,
1665,,1479,5566,,,,,,,,the most anti-human big studio picture since 3000 miles to graceland .,0,,,,,,,
1163,,1671,8114,,,,,,,,. . . surprisingly inert for a movie in which the main character travels back and forth between epochs .,0,,,,,,,
1531,,1946,6414,,,,,,,,don't even bother to rent this on video .,0,,,,,,,
1133,,1514,8611,,,,,,,,"much like robin williams , death to smoochy has already reached its expiration date .",0,,,,,,,
1260,,1885,6408,,,,,,,,"despite auteuil's performance , it's a rather listless amble down the middle of the road , where the thematic ironies are too obvious and the sexual politics too smug .",0,,,,,,,
1120,,1215,8157,,,,,,,,"while obviously an extremely personal work , it remains inextricably stuck in an emotionally unavailable rut .",0,,,,,,,
1186,,1811,6280,,,,,,,,not one moment in the enterprise didn't make me want to lie down in a dark room with something cool to my brow .,0,,,,,,,
1338,,1955,7477,,,,,,,,arnold's jump from little screen to big will leave frowns on more than a few faces .,0,,,,,,,
1554,,1938,9277,,,,,,,,the film is undone by anachronistic quick edits and occasional jarring glimpses of a modern theater audience watching the events unfold .,0,,,,,,,
1332,,1749,7732,,,,,,,,so relentlessly wholesome it made me want to swipe something .,0,,,,,,,
1684,,1887,10289,,,,,,,,"forages for audience sympathy like a temperamental child begging for attention , giving audiences no reason to truly care for its decrepit freaks beyond the promise of a reprieve from their incessant whining .",0,,,,,,,
1545,,1388,6950,,,,,,,,chokes on its own depiction of upper-crust decorum .,0,,,,,,,
1603,,1645,8992,,,,,,,,represents the depths to which the girls-behaving-badly film has fallen .,0,,,,,,,
1411,,1359,7112,,,,,,,,"visually rather stunning , but ultimately a handsome-looking bore , the true creativity would have been to hide treasure planet entirely and completely reimagine it .",0,,,,,,,
1004,,1989,6690,,,,,,,,it's young guns meets goodfellas in this easily skippable hayseeds-vs . -greaseballs mob action-comedy .,0,,,,,,,
1346,,2033,6469,,,,,,,,"in addition to the overcooked , ham-fisted direction , which has all the actors reaching for the back row , the dialogue sounds like horrible poetry .",0,,,,,,,
969,,2084,6783,,,,,,,,"a mess . the screenplay does too much meandering , norton has to recite bland police procedural details , fiennes wanders around in an attempt to seem weird and distanced , hopkins looks like a drag queen .",0,,,,,,,
1236,,2113,9310,,,,,,,,"while this film has an 'a' list cast and some strong supporting players , the tale -- like its central figure , vivi -- is just a little bit hard to love .",0,,,,,,,
1429,,2050,10537,,,,,,,,bearable . barely .,0,,,,,,,
1216,,1675,8166,,,,,,,,the film apparently takes place in a fantasy world where people in hotel hallways recite poetry in voice-over instead of speaking to each other .,0,,,,,,,
1040,,1150,8689,,,,,,,,"a gushy episode of "" m * a * s * h "" only this time from an asian perspective .",0,,,,,,,
1466,,1884,6291,,,,,,,,"not the great american comedy , but if you liked the previous movies in the series , you'll have a good time with this one too .",0,,,,,,,
1285,,1276,10434,,,,,,,,the big finish is a bit like getting all excited about a chocolate eclair and then biting into it and finding the filling missing .,0,,,,,,,
1099,,1432,9344,,,,,,,,"it's a terrible movie in every regard , and utterly painful to watch .",0,,,,,,,
990,,1800,6131,,,,,,,,"the piano teacher , like its title character , is repellantly out of control .",0,,,,,,,
1865,,1935,8405,,,,,,,,"none of this violates the letter of behan's book , but missing is its spirit , its ribald , full-throated humor .",0,,,,,,,
1202,,2020,9198,,,,,,,,"it's dull , spiritless , silly and monotonous : an ultra-loud blast of pointless mayhem , going nowhere fast .",0,,,,,,,
1451,,1948,6342,,,,,,,,"will give many ministers and bible-study groups hours of material to discuss . but mainstream audiences will find little of interest in this film , which is often preachy and poorly acted .",0,,,,,,,
1593,,1827,7830,,,,,,,,this goofy gangster yarn never really elevates itself from being yet another earnestly generic crime-busting comic vehicle -- a well-intentioned remake that shows some spunk and promise but fails to register as anything distinctive or daring,0,,,,,,,
1743,,1380,5352,,,,,,,,"on its own , it's not very interesting . as a remake , it's a pale imitation .",0,,,,,,,
1274,,1650,6376,,,,,,,,"it plays like a big-budget , after-school special with a generous cast , who at times lift the material from its well-meaning clunkiness .",0,,,,,,,
1479,,1252,7615,,,,,,,,"sets up a nice concept for its fiftysomething leading ladies , but fails loudly in execution .",0,,,,,,,
1245,,1944,8894,,,,,,,,millions of dollars heaped upon a project of such vast proportions need to reap more rewards than spiffy bluescreen technique and stylish weaponry .,0,,,,,,,
1342,,1619,10308,,,,,,,,. . . hopefully it'll be at the dollar theatres by the time christmas rolls around . wait to see it then .,0,,,,,,,
1805,,1433,9273,,,,,,,,a cockeyed shot all the way .,0,,,,,,,
1181,,1537,8742,,,,,,,,"it could have been something special , but two things drag it down to mediocrity -- director clare peploe's misunderstanding of marivaux's rhythms , and mira sorvino's limitations as a classical actress .",0,,,,,,,
1134,,1203,5804,,,,,,,,the maudlin way its story unfolds suggests a director fighting against the urge to sensationalize his material .,0,,,,,,,
1255,,1949,6655,,,,,,,,one just waits grimly for the next shock without developing much attachment to the characters .,0,,,,,,,
1092,,1300,10048,,,,,,,,"sheridan is painfully bad , a fourth-rate jim carrey who doesn't understand the difference between dumb fun and just plain dumb .",0,,,,,,,
1385,,2188,10324,,,,,,,,"the punch lines that miss , unfortunately , outnumber the hits by three-to-one . but death to smoochy keeps firing until the bitter end .",0,,,,,,,
1226,,1108,9716,,,,,,,,a somewhat disappointing and meandering saga .,0,,,,,,,
1616,,1223,9316,,,,,,,,"i've seen some bad singer-turned actors , but lil bow wow takes the cake .",0,,,,,,,
1228,,1640,8967,,,,,,,,more of an intriguing curiosity than a gripping thriller .,0,,,,,,,
1117,,1277,10400,,,,,,,,"ultimately , sarah's dedication to finding her husband seems more psychotic than romantic , and nothing in the movie makes a convincing case that one woman's broken heart outweighs all the loss we witness .",0,,,,,,,
1772,,1589,9240,,,,,,,,"it's a lot to ask people to sit still for two hours and change watching such a character , especially when rendered in as flat and impassive a manner as phoenix's .",0,,,,,,,
1642,,1392,9025,,,,,,,,neither revelatory nor truly edgy--merely crassly flamboyant and comedically labored .,0,,,,,,,
1209,,1557,8432,,,,,,,,what's really sad is to see two academy award winning actresses ( and one academy award winning actor ) succumb to appearing in this junk that's tv sitcom material at best .,0,,,,,,,
1620,,1970,10560,,,,,,,,absolutely ( and unintentionally ) terrifying .,0,,,,,,,
1591,,2021,10379,,,,,,,,marinated in clichés and mawkish dialogue .,0,,,,,,,
1462,,1323,6780,,,,,,,,"a perfect example of rancid , well-intentioned , but shamelessly manipulative movie making .",0,,,,,,,
1746,,1748,5824,,,,,,,,"although the sequel has all the outward elements of the original , the first film's lovely flakiness is gone , replaced by the forced funniness found in the dullest kiddie flicks .",0,,,,,,,
1130,,1913,6975,,,,,,,,oh come on . like you couldn't smell this turkey rotting from miles away .,0,,,,,,,
1890,,2161,8597,,,,,,,,"one big blustery movie where nothing really happens . when it comes out on video , then it's the perfect cure for insomnia .",0,,,,,,,
1626,,2051,9747,,,,,,,,meandering and confusing .,0,,,,,,,
1140,,1519,8223,,,,,,,,"you would be better off investing in the worthy emi recording that serves as the soundtrack , or the home video of the 1992 malfitano-domingo production .",0,,,,,,,
188,,737,292,,,,,,,,"for anyone who remembers the '60s or is interested in one man's response to stroke , ram dass : fierce grace is worth seeking out .",1,,,,,,,
328,,1080,529,,,,,,,,the smartest bonehead comedy of the summer .,1,,,,,,,
689,,269,2298,,,,,,,,"it's funny and human and really pretty damned wonderful , all at once .",1,,,,,,,
852,,257,4442,,,,,,,,really quite funny .,1,,,,,,,
157,,315,385,,,,,,,,"a deceivingly simple film , one that grows in power in retrospect .",1,,,,,,,
675,,1041,358,,,,,,,,"if no one singles out any of these performances as award-worthy , it's only because we would expect nothing less from this bunch .",1,,,,,,,
804,,61,1010,,,,,,,,it took 19 predecessors to get this ?,1,,,,,,,
83,,391,3650,,,,,,,,it's a feel-good movie about which you can actually feel good .,1,,,,,,,
389,,523,1036,,,,,,,,u . s . audiences may find [attal and gainsbourg's] unfamiliar personas give the film an intimate and quaint reality that is a little closer to human nature than what hollywood typically concocts .,1,,,,,,,
802,,474,4576,,,,,,,,its vision of that awkward age when sex threatens to overwhelm everything else is acute enough to make everyone who has been there squirm with recognition .,1,,,,,,,
250,,588,104,,,,,,,,"the values that have held the enterprise crew together through previous adventures and perils do so again-courage , self-sacrifice and patience under pressure .",1,,,,,,,
419,,741,3278,,,,,,,,"take any 12-year-old boy to see this picture , and he'll be your slave for a year .",1,,,,,,,
517,,890,4745,,,,,,,,"evokes the style and flash of the double-cross that made mamet's "" house of games "" and last fall's "" heist "" so much fun .",1,,,,,,,
235,,1090,998,,,,,,,,it's a bittersweet and lyrical mix of elements .,1,,,,,,,
365,,1007,4664,,,,,,,,a remarkably alluring film set in the constrictive eisenhower era about one suburban woman's yearning in the face of a loss that shatters her cheery and tranquil suburban life .,1,,,,,,,
17,,481,4373,,,,,,,,the banter between calvin and his fellow barbers feels like a streetwise mclaughlin group . . . and never fails to entertain .,1,,,,,,,
80,,681,4837,,,,,,,,denver should not get the first and last look at one of the most triumphant performances of vanessa redgrave's career . it deserves to be seen everywhere .,1,,,,,,,
103,,104,2030,,,,,,,,succeeds only because bullock and grant were made to share the silver screen .,1,,,,,,,
598,,468,2053,,,,,,,,"warm in its loving yet unforgivingly inconsistent depiction of everyday people , relaxed in its perfect quiet pace and proud in its message . i loved this film .",1,,,,,,,
531,,1055,4379,,,,,,,,his work transcends the boy-meets-girl posturing of typical love stories .,1,,,,,,,
398,,792,4301,,,,,,,,"as directed by dani kouyate of burkina faso , sia lacks visual flair . but kouyate elicits strong performances from his cast , and he delivers a powerful commentary on how governments lie , no matter who runs them .",1,,,,,,,
193,,887,1551,,,,,,,,"majidi is an unconventional storyteller , capable of finding beauty in the most depressing places .",1,,,,,,,
649,,327,3941,,,,,,,,"though a touch too arthouse 101 in its poetic symbolism , heaven proves to be a good match of the sensibilities of two directors .",1,,,,,,,
265,,125,2686,,,,,,,,"slow and ponderous , but rohmer's drama builds to an intense indoor drama about compassion , sacrifice , and christian love in the face of political corruption .",1,,,,,,,
748,,36,1952,,,,,,,,a perfectly pleasant if slightly pokey comedy .,1,,,,,,,
476,,501,143,,,,,,,,"like mike doesn't win any points for originality . it does succeed by following a feel-good formula with a winning style , and by offering its target audience of urban kids some welcome role models and optimism .",1,,,,,,,
303,,708,1389,,,,,,,,if you dig on david mamet's mind tricks . . . rent this movie and enjoy !,1,,,,,,,
574,,62,540,,,,,,,,an ironic speculation on democracy in a culture unaccustomed to it .,1,,,,,,,
929,,368,218,,,,,,,,we get some truly unique character studies and a cross-section of americana that hollywood couldn't possibly fictionalize and be believed .,1,,,,,,,
561,,553,2800,,,,,,,,manages to be wholesome and subversive at the same time .,1,,,,,,,
342,,1092,3826,,,,,,,,it grabs you in the dark and shakes you vigorously for its duration .,1,,,,,,,
754,,866,5247,,,,,,,,waydowntown manages to nail the spirit-crushing ennui of denuded urban living without giving in to it .,1,,,,,,,
839,,520,252,,,,,,,,"you wouldn't call the good girl a date movie ( an anti-date movie is more like it ) , but when it's good , it's good and horrid .",1,,,,,,,
611,,682,929,,,,,,,,". . . a haunting vision , with images that seem more like disturbing hallucinations .",1,,,,,,,
488,,1044,5099,,,,,,,,there is something that is so meditative and lyrical about babak payami's boldly quirky iranian drama secret ballot . . . a charming and evoking little ditty that manages to show the gentle and humane side of middle eastern world politics,1,,,,,,,
248,,615,1819,,,,,,,,knows how to make our imagination wonder .,1,,,,,,,
709,,570,568,,,,,,,,"[gai] comes closer to any actress i can remember to personifying independence in its purest and , yes , most intimidating form .",1,,,,,,,
231,,280,1181,,,,,,,,"if you can stomach the rough content , it's worth checking out for the performances alone .",1,,,,,,,
185,,952,5197,,,,,,,,"a brutal and funny work . nicole holofcenter , the insightful writer/director responsible for this illuminating comedy doesn't wrap the proceedings up neatly but the ideas tie together beautifully .",1,,,,,,,
105,,576,2267,,,,,,,,the film is predictable in the reassuring manner of a beautifully sung holiday carol .,1,,,,,,,
499,,69,2271,,,,,,,,"you may be captivated , as i was , by its moods , and by its subtly transformed star , and still wonder why paul thomas anderson ever had the inclination to make the most sincere and artful movie in which adam sandler will probably ever appear .",1,,,,,,,
726,,818,1259,,,,,,,,"the film's almost unbearable portrait of sadness and grief transcends its specific story to speak to the ways in which need , history and presumption tangle , and sometimes destroy , blood ties .",1,,,,,,,
243,,130,282,,,,,,,,"it uses an old-time formula , it's not terribly original and it's rather messy -- but you just have to love the big , dumb , happy movie my big fat greek wedding .",1,,,,,,,
678,,824,708,,,,,,,,"even if the ride's a little bumpy , with a final lap that's all too suspiciously smooth , you gotta give director roger michell , best known for the superfluous notting hill , credit for trying .",1,,,,,,,
282,,1029,2017,,,,,,,,"defies logic , the laws of physics and almost anyone's willingness to believe in it . but darned if it doesn't also keep us riveted to our seats .",1,,,,,,,
637,,17,4193,,,,,,,,"eight legged freaks is clever and funny , is amused by its special effects , and leaves you feeling like you've seen a movie instead of an endless trailer .",1,,,,,,,
120,,625,1129,,,,,,,,"ao sair do cinema , eu estava feliz e com saudades de um tempo em que , para mim , a existência de papai noel era um fato inquestionável .",1,,,,,,,
260,,882,1996,,,,,,,,the entire cast is extraordinarily good .,1,,,,,,,
733,,40,2226,,,,,,,,spare yet audacious . . .,1,,,,,,,
794,,536,4141,,,,,,,,interesting both as a historical study and as a tragic love story .,1,,,,,,,
682,,158,2818,,,,,,,,"filled with alexandre desplat's haunting and sublime music , the movie completely transfixes the audience .",1,,,,,,,
416,,686,1491,,,,,,,,"based on a devilishly witty script by heather mcgowan and niels mueller , the film gets great laughs , but never at the expense of its characters",1,,,,,,,
242,,132,798,,,,,,,,lee jeong-hyang tells it so lovingly and films it so beautifully that i couldn't help being captivated by it .,1,,,,,,,
897,,773,174,,,,,,,,ranks among willams' best screen work .,1,,,,,,,
766,,759,824,,,,,,,,"occasionally funny , always very colorful and enjoyably overblown in the traditional almodóvar style .",1,,,,,,,
496,,347,1704,,,,,,,,"cineasts will revel in those visual in-jokes , as in the film's verbal pokes at everything from the likes of miramax chief harvey weinstein's bluff personal style to the stylistic rigors of denmark's dogma movement .",1,,,,,,,
749,,21,4425,,,,,,,,"secretary "" is owned by its costars , spader and gyllenhaal . maggie g . makes an amazing breakthrough in her first starring role and eats up the screen .",1,,,,,,,
695,,723,1922,,,,,,,,a gripping drama .,1,,,,,,,
421,,217,4990,,,,,,,,"if you can keep your eyes open amid all the blood and gore , you'll see del toro has brought unexpected gravity to blade ii .",1,,,,,,,
708,,293,3462,,,,,,,,"in other words , it's just another sports drama/character study . yet this one makes up for in heart what it lacks in outright newness . plus , like i already mentioned . . . it's robert duvall ! c'mon !",1,,,,,,,
707,,684,3797,,,,,,,,"it's mostly a pleasure to watch . and the reason for that is a self-aware , often self-mocking , intelligence .",1,,,,,,,
865,,141,3558,,,,,,,,. . . the kind of entertainment that parents love to have their kids see .,1,,,,,,,
921,,532,2220,,,,,,,,"while scorsese's bold images and generally smart casting ensure that "" gangs "" is never lethargic , the movie is hindered by a central plot that's peppered with false starts and populated by characters who are nearly impossible to care about .",1,,,,,,,
819,,262,3036,,,,,,,,"what lee does so marvelously compelling is present brown as a catalyst for the struggle of black manhood in restrictive and chaotic america . . . sketchy but nevertheless gripping portrait of jim brown , a celebrated wonder in the spotlight",1,,,,,,,
485,,769,3657,,,,,,,,"what makes the film special is the refreshingly unhibited enthusiasm that the people , in spite of clearly evident poverty and hardship , bring to their music .",1,,,,,,,
584,,213,4827,,,,,,,,a soul-stirring documentary about the israeli/palestinian conflict as revealed through the eyes of some children who remain curious about each other against all odds .,1,,,,,,,
524,,273,2148,,,,,,,,"mastering its formidable arithmetic of cameras and souls , group articulates a flood of emotion .",1,,,,,,,
86,,121,705,,,,,,,,an incredibly clever and superbly paced caper filled with scams within scams within scams .,1,,,,,,,
838,,406,3286,,,,,,,,"infidelity drama is nicely shot , well-edited and features a standout performance by diane lane .",1,,,,,,,
509,,231,1891,,,,,,,,"the funny thing is , i didn't mind all this contrived nonsense a bit .",1,,,,,,,
276,,411,2189,,,,,,,,caviezel embodies the transformation of his character completely .,1,,,,,,,
827,,27,2623,,,,,,,,"the re-release of ron howard's apollo 13 in the imax format proves absolutely that really , really , really good things can come in enormous packages .",1,,,,,,,
944,,868,4901,,,,,,,,"like a precious and finely cut diamond , magnificent to behold in its sparkling beauty yet in reality it's one tough rock .",1,,,,,,,
367,,194,1656,,,,,,,,a no-holds-barred cinematic treat .,1,,,,,,,
829,,1078,3840,,,,,,,,"it's fun , splashy and entertainingly nasty .",1,,,,,,,
662,,734,2149,,,,,,,,"a pretty decent kid-pleasing , tolerable-to-adults lark of a movie .",1,,,,,,,
592,,242,4725,,,,,,,,"[ "" safe conduct "" ] is a long movie at 163 minutes but it fills the time with drama , romance , tragedy , bravery , political intrigue , partisans and sabotage . viva le resistance !",1,,,,,,,
623,,318,4709,,,,,,,,features fincher's characteristically startling visual style and an almost palpable sense of intensity .,1,,,,,,,
883,,551,432,,,,,,,,"working from elliott's memoir , rohmer fashions the sort of delicate , articulate character- and- relationship study he's favored for decades .",1,,,,,,,
215,,244,4122,,,,,,,,"it's consistently funny , in an irresistible junior-high way , and consistently free of any gag that would force you to give it a millisecond of thought .",1,,,,,,,
322,,169,5266,,,,,,,,[breheny's] lensing of the new zealand and cook island locations captures both the beauty of the land and the people .,1,,,,,,,
22,,941,5068,,,,,,,,graced with the kind of social texture and realism that would be foreign in american teen comedies .,1,,,,,,,
895,,796,3843,,,,,,,,"there's very little sense to what's going on here , but the makers serve up the cliches with considerable dash .",1,,,,,,,
102,,637,1690,,,,,,,,"despite its shortcomings , girls can't swim represents an engaging and intimate first feature by a talented director to watch , and it's a worthy entry in the french coming-of-age genre .",1,,,,,,,
570,,571,4063,,,,,,,,"writer/director david caesar ladles on the local flavour with a hugely enjoyable film about changing times , clashing cultures and the pleasures of a well-made pizza .",1,,,,,,,
559,,801,4879,,,,,,,,"zhuangzhuang creates delicate balance of style , text , and subtext that's so simple and precise that anything discordant would topple the balance , but against all odds , nothing does .",1,,,,,,,
796,,271,1770,,,,,,,,"same song , second verse , coulda been better , but it coulda been worse .",1,,,,,,,
334,,247,2309,,,,,,,,"a funny and well-contructed black comedy where the old adage "" be careful what you wish for "" is given a full workout .",1,,,,,,,
513,,170,1071,,,,,,,,a rarity among recent iranian films : it's a comedy full of gentle humor that chides the absurdity of its protagonist's plight .,1,,,,,,,
931,,482,4298,,,,,,,,"mcgrath has deftly trimmed dickens' wonderfully sprawling soap opera , the better to focus on the hero's odyssey from cowering poverty to courage and happiness .",1,,,,,,,
724,,176,4777,,,,,,,,"a fascinating examination of the joyous , turbulent self-discovery made by a proper , middle-aged woman .",1,,,,,,,
758,,175,3473,,,,,,,,kudos to the most enchanting film of the year .,1,,,,,,,
175,,53,785,,,,,,,,"a provocative movie about loss , anger , greed , jealousy , sickness and love .",1,,,,,,,
284,,196,3740,,,,,,,,"like all of egoyan's work , ararat is fiercely intelligent and uncommonly ambitious .",1,,,,,,,
846,,350,2679,,,,,,,,"try as you might to resist , if you've got a place in your heart for smokey robinson , this movie will worm its way there .",1,,,,,,,
560,,1060,597,,,,,,,,"workmanlike , maybe , but still a film with all the elements that made the other three great , scary times at the movies .",1,,,,,,,
82,,1002,1580,,,,,,,,this comic gem is as delightful as it is derivative .,1,,,,,,,
752,,609,1620,,,,,,,,tian emphasizes the isolation of these characters by confining color to liyan's backyard .,1,,,,,,,
121,,470,5228,,,,,,,,manages to delight without much of a story .,1,,,,,,,
797,,825,1272,,,,,,,,"it's unnerving to see recoing's bizzarre reaction to his unemployment . good film , but very glum .",1,,,,,,,
173,,314,3929,,,,,,,,maryam is more timely now than ever .,1,,,,,,,
493,,100,1721,,,,,,,,"stands as one of the year's most intriguing movie experiences , letting its imagery speak for it while it forces you to ponder anew what a movie can be .",1,,,,,,,
49,,957,96,,,,,,,,"in a normal screen process , these bromides would be barely enough to sustain an interstitial program on the discovery channel . but in imax 3-d , the clichés disappear into the vertiginous perspectives opened up by the photography .",1,,,,,,,
687,,677,3136,,,,,,,,cube's charisma and chemistry compensate for corniness and cliche .,1,,,,,,,
418,,207,3760,,,,,,,,os problemas têm início a partir do momento em que saímos do cinema e começamos a pensar sobre o que acabamos de ver . É então que sinais realmente desaponta .,1,,,,,,,
816,,417,808,,,,,,,,"harsh , effective documentary on life in the israeli-occupied palestinian territories .",1,,,,,,,
75,,65,2460,,,,,,,,"contrived as this may sound , mr . rose's updating works surprisingly well .",1,,,,,,,
111,,35,4589,,,,,,,,. . . myers has turned his franchise into the movie version of an adolescent dirty-joke book done up in post-tarantino pop-culture riffs . . .,1,,,,,,,
663,,343,1270,,,,,,,,"awesome creatures , breathtaking scenery , and epic battle scenes add up to another 'spectacular spectacle . '",1,,,,,,,
705,,597,1274,,,,,,,,"dazzling in its complexity , disturbing for its extraordinary themes , the piano teacher is a film that defies categorisation . it haunts , horrifies , startles and fascinates ; it is impossible to look away . ah yes , and then there's the music . . .",1,,,,,,,
164,,923,4445,,,,,,,,"in the end , the film is less the cheap thriller you'd expect than it is a fairly revealing study of its two main characters  damaged-goods people whose orbits will inevitably and dangerously collide .",1,,,,,,,
602,,446,1383,,,,,,,,candid and comfortable ; a film that deftly balances action and reflection as it lets you grasp and feel the passion others have for their work .,1,,,,,,,
830,,0,5111,,,,,,,,"laugh-out-loud lines , adorably ditsy but heartfelt performances , and sparkling , bittersweet dialogue that cuts to the chase of the modern girl's dilemma .",1,,,,,,,
159,,1022,229,,,,,,,,this is one of polanski's best films .,1,,,,,,,
391,,873,2550,,,,,,,,"a conventional , but well-crafted film about a historic legal battle in ireland over a man's right to raise his own children .",1,,,,,,,
940,,354,3671,,,,,,,,provides a satisfactory overview of the bizarre world of extreme athletes as several daredevils express their own views .,1,,,,,,,
853,,342,3584,,,,,,,,the directive to protect the code at all costs also begins to blur as the importance of the man and the code merge,1,,,,,,,
679,,441,2200,,,,,,,,"i've never seen or heard anything quite like this film , and i recommend it for its originality alone .",1,,,,,,,
145,,484,4560,,,,,,,,"delia , greta , and paula rank as three of the most multilayered and sympathetic female characters of the year . as each of them searches for their place in the world , miller digs into their very minds to find an unblinking , flawed humanity .",1,,,,,,,
420,,184,4982,,,,,,,,"if you're looking for an intelligent movie in which you can release your pent up anger , enough is just the ticket you need .",1,,,,,,,
373,,55,3551,,,,,,,,". . . only bond can save us from the latest eccentric , super-wealthy megalomaniac bent on world domination and destruction .",1,,,,,,,
927,,1052,1318,,,,,,,,"it just may inspire a few younger moviegoers to read stevenson's book , which is a treasure in and of itself .",1,,,,,,,
548,,900,2650,,,,,,,,a fascinating glimpse into an insular world that gives the lie to many clichés and showcases a group of dedicated artists .,1,,,,,,,
808,,338,1217,,,,,,,,"inside the film's conflict-powered plot there is a decent moral trying to get out , but it's not that , it's the tension that keeps you in your seat . affleck and jackson are good sparring partners .",1,,,,,,,
807,,749,3813,,,,,,,,a weird and wonderful comedy .,1,,,,,,,
324,,245,5265,,,,,,,,you never know where changing lanes is going to take you but it's a heck of a ride . samuel l . jackson is one of the best actors there is .,1,,,,,,,
620,,839,4267,,,,,,,,rodriguez does a splendid job of racial profiling hollywood style--casting excellent latin actors of all ages--a trend long overdue .,1,,,,,,,
730,,472,2722,,,,,,,,cremaster 3 is at once a tough pill to swallow and a minor miracle of self-expression .,1,,,,,,,
806,,644,4247,,,,,,,,everyone should be able to appreciate the wonderful cinematography and naturalistic acting .,1,,,,,,,
632,,865,3765,,,,,,,,"a colorful , vibrant introduction to a universal human impulse , lushly photographed and beautifully recorded .",1,,,,,,,
767,,496,4546,,,,,,,,"sensitively examines general issues of race and justice among the poor , and specifically raises serious questions about the death penalty and asks what good the execution of a mentally challenged woman could possibly do .",1,,,,,,,
46,,46,4770,,,,,,,,it may . . . work as a jaunt down memory lane for teens and young adults who grew up on televised scooby-doo shows or reruns .,1,,,,,,,
262,,711,861,,,,,,,,"this concoction , so bizarre to the adult mind , is actually a charming triumph where its intended under-12 audience is concerned .",1,,,,,,,
184,,650,3001,,,,,,,,the success of undercover brother is found in its ability to spoof both black and white stereotypes equally .,1,,,,,,,
117,,400,74,,,,,,,,at heart the movie is a deftly wrought suspense yarn whose richer shadings work as coloring rather than substance .,1,,,,,,,
894,,1097,2945,,,,,,,,takashi miike keeps pushing the envelope : ichi the killer,1,,,,,,,
261,,57,198,,,,,,,,"a smart , sweet and playful romantic comedy .",1,,,,,,,
224,,1037,2237,,,,,,,,a raunchy and frequently hilarious follow-up to the gifted korean american stand-up's i'm the one that i want .,1,,,,,,,
685,,218,4410,,,,,,,,even better than the first one !,1,,,,,,,
319,,313,405,,,,,,,,"it's a humble effort , but spiced with wry humor and genuine pathos , especially between morgan and redgrave .",1,,,,,,,
96,,330,4057,,,,,,,,the immersive powers of the giant screen and its hyper-realistic images are put to perfect use in the breathtakingly beautiful outer-space documentary space station 3d .,1,,,,,,,
239,,944,2834,,,,,,,,"they're just a couple of cops in copmovieland , these two , but in narc , they find new routes through a familiar neighborhood .",1,,,,,,,
714,,832,109,,,,,,,,"it might be tempting to regard mr . andrew and his collaborators as oddballs , but mr . earnhart's quizzical , charming movie allows us to see them , finally , as artists .",1,,,,,,,
626,,656,1039,,,,,,,,a loving little film of considerable appeal .,1,,,,,,,
11,,76,1982,,,,,,,,the casting of raymond j . barry as the 'assassin' greatly enhances the quality of neil burger's impressive fake documentary .,1,,,,,,,
208,,858,630,,,,,,,,"this warm and gentle romantic comedy has enough interesting characters to fill several movies , and its ample charms should win over the most hard-hearted cynics .",1,,,,,,,
44,,210,4055,,,,,,,,"while centered on the life experiences of a particular theatrical family , this marvelous documentary touches -- ever so gracefully -- on the entire history of the yiddish theater , both in america and israel .",1,,,,,,,
565,,945,3108,,,,,,,,"assured , glossy and shot through with brittle desperation .",1,,,,,,,
5,,719,1244,,,,,,,,"for the most part , director anne-sophie birot's first feature is a sensitive , extraordinarily well-acted drama .",1,,,,,,,
803,,507,5135,,,,,,,,"soderbergh , like kubrick before him , may not touch the planet's skin , but understands the workings of its spirit .",1,,,,,,,
535,,2,3461,,,,,,,,its almost too-spectacular coastal setting distracts slightly from an eccentric and good-naturedly aimless story .,1,,,,,,,
258,,960,354,,,,,,,,as a randy film about sexy people in gorgeous places being pushed and pulled ( literally and figuratively ) by desire . . . [sex and lucía] makes for an arousing good time .,1,,,,,,,
329,,486,4291,,,,,,,,"those moviegoers who would automatically bypass a hip-hop documentary should give "" scratch "" a second look .",1,,,,,,,
206,,1047,878,,,,,,,,"there is a refreshing absence of cynicism in stuart little 2--quite a rarity , even in the family film market . eventually , it wins you over .",1,,,,,,,
605,,959,1983,,,,,,,,"despite besson's high-profile name being wasabi's big selling point , there is no doubt that krawczyk deserves a huge amount of the credit for the film's thoroughly winning tone .",1,,,,,,,
688,,97,184,,,,,,,,a cop story that understands the medium amazingly well .,1,,,,,,,
606,,198,619,,,,,,,,"what "" empire "" lacks in depth it makes up for with its heart .",1,,,,,,,
219,,914,4872,,,,,,,,"buy is an accomplished actress , and this is a big , juicy role .",1,,,,,,,
544,,1069,2258,,,,,,,,"you just know something terrible is going to happen . but when it does , you're entirely unprepared .",1,,,,,,,
884,,702,1666,,,,,,,,a solid piece of journalistic work that draws a picture of a man for whom political expedience became a deadly foreign policy .,1,,,,,,,
781,,1081,3413,,,,,,,,"it's got some pretentious eye-rolling moments and it didn't entirely grab me , but there's stuff here to like .",1,,,,,,,
667,,445,3768,,,,,,,,"for those in search of something different , wendigo is a genuinely bone-chilling tale .",1,,,,,,,
363,,15,668,,,,,,,,"a compelling , moving film that respects its audience and its source material .",1,,,,,,,
7,,42,1949,,,,,,,,mr . spielberg and his company just want you to enjoy yourselves without feeling conned . and they succeed merrily at their noble endeavor .,1,,,,,,,
823,,508,329,,,,,,,,"this is such a high-energy movie where the drumming and the marching are so excellent , who cares if the story's a little weak .",1,,,,,,,
877,,74,1771,,,,,,,,"it's a technically superb film , shining with all the usual spielberg flair , expertly utilizing the talents of his top-notch creative team .",1,,,,,,,
926,,584,3750,,,,,,,,the movie is ingenious fun . see it .,1,,,,,,,
442,,875,2832,,,,,,,,may seriously impair your ability to ever again maintain a straight face while speaking to a highway patrolman .,1,,,,,,,
383,,699,2702,,,,,,,,"[f]rom the performances and the cinematography to the outstanding soundtrack and unconventional narrative , the film is blazingly alive and admirable on many levels .",1,,,,,,,
861,,837,2260,,,,,,,,able to provide insight into a fascinating part of theater history .,1,,,,,,,
728,,665,2323,,,,,,,,ultimately engages less for its story of actorly existential despair than for its boundary-hopping formal innovations and glimpse into another kind of chinese 'cultural revolution . ',1,,,,,,,
810,,932,1808,,,,,,,,"antwone fisher certainly does the trick of making us care about its protagonist and celebrate his victories but , with few exceptions , it rarely stoops to cheap manipulation or corny conventions to do it .",1,,,,,,,
99,,58,1924,,,,,,,,"family portrait of need , neurosis and nervy negativity is a rare treat that shows the promise of digital filmmaking .",1,,,,,,,
428,,942,4676,,,,,,,,"while we no longer possess the lack-of-attention span that we did at seventeen , we had no trouble sitting for blade ii .",1,,,,,,,
850,,183,2216,,,,,,,,"i'm sure mainstream audiences will be baffled , but , for those with at least a minimal appreciation of woolf and clarissa dalloway , the hours represents two of those well spent .",1,,,,,,,
840,,756,5318,,,,,,,,a tour de force of modern cinema .,1,,,,,,,
4,,1010,656,,,,,,,,binoche and magimel are perfect in these roles .,1,,,,,,,
100,,23,1364,,,,,,,,"macdowell , whose wifty southern charm has anchored lighter affairs . . . brings an absolutely riveting conviction to her role .",1,,,,,,,
798,,1059,1321,,,,,,,,forgettable horror -- more gory than psychological -- with a highly satisfying quotient of friday-night excitement and milla power .,1,,,,,,,
487,,504,5258,,,,,,,,"max pokes , provokes , takes expressionistic license and hits a nerve . . . as far as art is concerned , it's mission accomplished .",1,,,,,,,
911,,157,3222,,,,,,,,it's a ripper of a yarn and i for one enjoyed the thrill of the chill . naomi watts is terrific as rachel ; her petite frame and vulnerable persona emphasising her plight and isolation .,1,,,,,,,
33,,653,1643,,,,,,,,so purely enjoyable that you might not even notice it's a fairly straightforward remake of hollywood comedies such as father of the bride .,1,,,,,,,
228,,177,1256,,,,,,,,"remember the kind of movie we were hoping "" ecks vs . sever "" or "" xxx "" was going to be ? this is it .",1,,,,,,,
466,,30,2235,,,,,,,,"amazing ! a college story that works even without vulgarity , sex scenes , and cussing !",1,,,,,,,
613,,980,1454,,,,,,,,"escaping the studio , piccoli is warmly affecting and so is this adroitly minimalist movie .",1,,,,,,,
784,,450,3262,,,,,,,,"leave it to the french to truly capture the terrifying angst of the modern working man without turning the film into a cheap thriller , a dumb comedy or a sappy melodrama .",1,,,,,,,
917,,220,1295,,,,,,,,a subject like this should inspire reaction in its audience ; the pianist does not .,1,,,,,,,
446,,304,2843,,,,,,,,"though the story . . . is hackneyed , the characters have a freshness and modesty that transcends their predicament .",1,,,,,,,
274,,335,1596,,,,,,,,a literary detective story is still a detective story and aficionados of the whodunit won't be disappointed .,1,,,,,,,
269,,922,4126,,,,,,,,"cuaron repeatedly , perversely undercuts the joie de vivre even as he creates it , giving the movie a mournful undercurrent that places the good-time shenanigans in welcome perspective .",1,,,,,,,
67,,967,4671,,,,,,,,a funny film .,1,,,,,,,
666,,437,888,,,,,,,,"it is a kickass , dense sci-fi action thriller hybrid that delivers and then some . i haven't seen one in so long , no wonder i didn't recognize it at first .",1,,,,,,,
521,,8,2995,,,,,,,,"the film has an infectious enthusiasm and we're touched by the film's conviction that all life centered on that place , that time and that sport .",1,,,,,,,
413,,564,2592,,,,,,,,"suffice to say that after seeing this movie in imax form , you'll be more acquainted with the tiniest details of tom hanks' face than his wife is .",1,,,,,,,
254,,360,166,,,,,,,,"there's enough science to make it count as educational , and enough beauty to make it unforgettable .",1,,,,,,,
555,,75,291,,,,,,,,"as a director , mr . ratliff wisely rejects the temptation to make fun of his subjects .",1,,,,,,,
511,,716,3460,,,,,,,,. . . quite endearing .,1,,,,,,,
514,,248,4700,,,,,,,,"poetic , heartbreaking .",1,,,,,,,
553,,490,2457,,,,,,,,"blade ii merges bits and pieces from fighting games , wire fu , horror movies , mystery , james bond , wrestling , sci-fi and anime into one big bloody stew .",1,,,,,,,
725,,1004,4226,,,,,,,,"[fiji diver rusi vulakoro and the married couple howard and michelle hall] show us the world they love and make us love it , too .",1,,,,,,,
45,,263,1191,,,,,,,,reggio's continual visual barrage is absorbing as well as thought-provoking .,1,,,,,,,
430,,415,5143,,,,,,,,"as warm as it is wise , deftly setting off uproarious humor with an underlying seriousness that sneaks up on the viewer , providing an experience that is richer than anticipated .",1,,,,,,,
538,,948,2744,,,,,,,,"the film's constant mood of melancholy and its unhurried narrative are masterfully controlled . but  in trying to capture the novel's deeper intimate resonances , the film has  ironically - distanced us from the characters .",1,,,,,,,
424,,533,81,,,,,,,,"painful to watch , but viewers willing to take a chance will be rewarded with two of the year's most accomplished and riveting film performances .",1,,,,,,,
213,,829,2718,,,,,,,,the film is impressive for the sights and sounds of the wondrous beats the world has to offer .,1,,,,,,,
630,,113,484,,,,,,,,"elling really is about a couple of crazy guys , and it's therapeutic to laugh along with them .",1,,,,,,,
132,,746,1777,,,,,,,,i liked this film a lot . . .,1,,,,,,,
458,,1086,3871,,,,,,,,"argento , at only 26 , brings a youthful , out-to-change-the-world aggressiveness to the project , as if she's cut open a vein and bled the raw film stock .",1,,,,,,,
28,,67,4299,,,,,,,,"a chance to see three splendid actors turn a larky chase movie into an emotionally satisfying exploration of the very human need to be somebody , and to belong to somebody .",1,,,,,,,
876,,488,936,,,,,,,,much monkeyfun for all .,1,,,,,,,
351,,1043,1749,,,,,,,,"visually fascinating . . . an often intense character study about fathers and sons , loyalty and duty .",1,,,,,,,
551,,828,299,,,,,,,,it's one of the saddest films i have ever seen that still manages to be uplifting but not overly sentimental .,1,,,,,,,
464,,22,4403,,,,,,,,delirious fun .,1,,,,,,,
158,,700,1408,,,,,,,,not since japanese filmmaker akira kurosawa's ran have the savagery of combat and the specter of death been visualized with such operatic grandeur .,1,,,,,,,
321,,407,1467,,,,,,,,"the draw [for "" big bad love "" ] is a solid performance by arliss howard .",1,,,,,,,
658,,819,1902,,,,,,,,real women have curves wears its empowerment on its sleeve but even its worst harangues are easy to swallow thanks to remarkable performances by ferrera and ontiveros .,1,,,,,,,
273,,527,4200,,,,,,,,an unflinching look at the world's dispossessed .,1,,,,,,,
864,,791,4912,,,,,,,,"like the series , the movie is funny , smart , visually inventive , and most of all , alive .",1,,,,,,,
246,,398,2860,,,,,,,,nachtwey clears the cynicism right out of you . he makes you realize that deep inside righteousness can be found a tough beauty .,1,,,,,,,
723,,546,4337,,,,,,,,"visually breathtaking , viscerally exciting , and dramatically moving , it's the very definition of epic adventure .",1,,,,,,,
624,,211,4680,,,,,,,,"thanks to ice cube , benjamins feels an awful lot like friday in miami .",1,,,,,,,
350,,629,1180,,,,,,,,"all in all , the count of monte cristo is okay , but it is surely no classic , like the novel upon which it is based .",1,,,,,,,
680,,590,803,,,,,,,,a psychological thriller with a smart script and an obsessive-compulsive's attention to detail .,1,,,,,,,
451,,1023,1207,,,,,,,,a movie that reminds us of just how exciting and satisfying the fantasy cinema can be when it's approached with imagination and flair .,1,,,,,,,
934,,556,3244,,,,,,,,"all three actresses are simply dazzling , particularly balk , who's finally been given a part worthy of her considerable talents .",1,,,,,,,
281,,687,831,,,,,,,,""" auto focus "" works as an unusual biopic and document of male swingers in the playboy era",1,,,,,,,
113,,363,3790,,,,,,,,"often messy and frustrating , but very pleasing at its best moments , it's very much like life itself .",1,,,,,,,
844,,600,2793,,,,,,,,credit director ramsay for taking the sometimes improbable story and making it feel realistic .,1,,,,,,,
84,,1067,310,,,,,,,,"finally , a genre movie that delivers -- in a couple of genres , no less .",1,,,,,,,
40,,120,305,,,,,,,,"you could say that it's slow at times , you could say that a few of the characters act in ways that real people wouldn't , but one thing you couldn't say is that alias betty is predictable .",1,,,,,,,
739,,1056,466,,,,,,,,"the film is exhilarating to watch because sandler , liberated from the constraints of formula , reveals unexpected depths as an actor .",1,,,,,,,
832,,309,1441,,,,,,,,"while undisputed isn't exactly a high , it is a gripping , tidy little movie that takes mr . hill higher than he's been in a while .",1,,,,,,,
71,,78,1370,,,,,,,,unflinchingly bleak and desperate,1,,,,,,,
847,,49,176,,,,,,,,an experience so engrossing it is like being buried in a new environment .,1,,,,,,,
900,,603,1975,,,,,,,,"the performances are amiable and committed , and the comedy more often than not hits the bullseye .",1,,,,,,,
234,,395,2665,,,,,,,,"she's all-powerful , a voice for a pop-cyber culture that feeds on her bjorkness .",1,,,,,,,
109,,695,3862,,,,,,,,"shot in rich , shadowy black-and-white , devils chronicles , with increasingly amused irony , the relationship between reluctant captors and befuddled captives .",1,,,,,,,
549,,669,4093,,,,,,,,"while cherish doesn't completely survive its tonal transformation from dark comedy to suspense thriller , it's got just enough charm and appealing character quirks to forgive that still serious problem .",1,,,,,,,
1400,2114.0,4858,417783,,,,,,,,"Very interesting ! I agree completely . B/c of the new found popularity in book blogs , it 's just unreasonable for everyone to get arcs . -amy",0,"very interesting ! i agree completely . b/c of the new found popularity in book blogs , it 's just unreasonable for everyone to get arcs . -amy",143.0,28.0,0.0,0.0,[],
1732,2071.0,494,286056,,,,,,,,"Maybe it 's about paying attention , and learning lessons . Like Pavlov 's dog , sensitive humans CAN sooner or later get the connection between X and pain , and avoid X.",0,"maybe it 's about paying attention , and learning lessons . like pavlov 's dog , sensitive humans can sooner or later get the connection between x and pain , and avoid x.",170.0,33.0,0.0,0.0,[],
1790,1386.0,1675,929542,,,,,,,,"Nevertheless , sterilized masks , like the ones you 'd see in the emergency room , are commonly used by salarymen , office ladies , and municipal workers to protect other people from their germs .",0,"nevertheless , sterilized masks , like the ones you 'd see in the emergency room , are commonly used by salarymen , office ladies , and municipal workers to protect other people from their germs .",196.0,36.0,0.0,0.0,[],
1092,1185.0,8938,454847,,,,,,,,"I agree . Their bread is awful . I ca n't bring myself to eat at subway anymore . Luckily I have quite a few options . Nothing wrong with fishing for dinner if you have the time . Not sure what lakes you have around there , but if your in rural US , there are probably perch and walleye , which are two of my favorite fish to eat . <h> Loading comments ...",0,"i agree . their bread is awful . i ca n't bring myself to eat at subway anymore . luckily i have quite a few options . nothing wrong with fishing for dinner if you have the time . not sure what lakes you have around there , but if your in rural us , there are probably perch and walleye , which are two of my favorite fish to eat .  loading comments ...",353.0,75.0,0.0,0.0,[],
1653,2033.0,543,769167,,,,,,,,280 USD would have been a very sweet and apt point . But Apple lovers wo n't mind 329 as well .,0, usd would have been a very sweet and apt point . but apple lovers wo n't mind  as well .,89.0,20.0,0.0,0.0,[],
1452,1910.0,3378,54393,,,,,,,,"Singleton - 18 - Male SO has Dissociative Identity Disorder Learning , and loving her , more and more each day",0,"singleton -  - male so has dissociative identity disorder learning , and loving her , more and more each day",108.0,20.0,0.0,0.0,[],
1414,2135.0,8974,510932,,,,,,,,The reality is that reading is a skill that is learned over time and there is no set procedure that will guarantee every time the ability to read .,0,the reality is that reading is a skill that is learned over time and there is no set procedure that will guarantee every time the ability to read .,147.0,29.0,0.0,0.0,[],
1059,1529.0,2080,1122746,,,,,,,,""" To get out of a creative rut , you do n't need to work harder or longer , "" Lee said . But you might find the below ideas helpful .",0,""" to get out of a creative rut , you do n't need to work harder or longer , "" lee said . but you might find the below ideas helpful .",133.0,32.0,0.0,0.0,[],
975,1890.0,247,135245,,,,,,,,"Dopewave is an experiment in genre creation . Birthed out of a new group of young producers creating electronic sounds , that are simultaneously like nothing , and like everything you 've ever heard . They reside primarily on SoundCloud , forcing us to become foragers among the clouds in constant search for that perfectly shaped sound . They are sounds that could attract several genres , from disco to trap , ambient to hip-hop , shoegaze to post-dub , and on and on . New sounds need new identifiers .",0,"dopewave is an experiment in genre creation . birthed out of a new group of young producers creating electronic sounds , that are simultaneously like nothing , and like everything you 've ever heard . they reside primarily on soundcloud , forcing us to become foragers among the clouds in constant search for that perfectly shaped sound . they are sounds that could attract several genres , from disco to trap , ambient to hip-hop , shoegaze to post-dub , and on and on . new sounds need new identifiers .",505.0,91.0,0.0,0.0,[],
1306,1519.0,6307,500396,,,,,,,,Chorus Unconscious of uncommon ground Well ... The walls of pride ca n't be knocked down When silence @ @ @ @,0,chorus unconscious of uncommon ground well ... the walls of pride ca n't be knocked down when silence @ @ @ @,109.0,22.0,0.0,0.0,[],
1331,1528.0,5411,71070,,,,,,,,"Wow ... just wow . Possibly one of the best things I 've read this year ? in my life ? People who are scared of clowns bug me almost as much as people who are terrified of bees ( unless they 're allergic and might , like , die if they get stung . they get a pass ) .",0,"wow ... just wow . possibly one of the best things i 've read this year ? in my life ? people who are scared of clowns bug me almost as much as people who are terrified of bees ( unless they 're allergic and might , like , die if they get stung . they get a pass ) .",266.0,61.0,0.0,0.0,[],
1469,1987.0,53,1610256,,,,,,,,"Getting back on-topic , there 's a good albeit brief article on this technology at TechLifePost . Though I ca n't be objective about its quality as I wrote it .",0,"getting back on-topic , there 's a good albeit brief article on this technology at techlifepost . though i ca n't be objective about its quality as i wrote it .",160.0,31.0,0.0,0.0,[],
1596,1514.0,7055,1685927,,,,,,,,"Check out Bob Whittaker 's ' Bugs ' site for more info on how to get involved in the solution : "" ANTI-RACIST "" is just codeword for ANTI -WHITE .",0,"check out bob whittaker 's ' bugs ' site for more info on how to get involved in the solution : "" anti-racist "" is just codeword for anti -white .",146.0,31.0,0.0,0.0,[],
1134,1239.0,359,337026,,,,,,,,"We arrive at the hub sometime between 11:00 PM and 1:00 AM . Now we have a little time while the freight goes through the "" sort "" . If you 're lucky you might find an empty recliner to nap in for a bit .",0,"we arrive at the hub sometime between : pm and : am . now we have a little time while the freight goes through the "" sort "" . if you 're lucky you might find an empty recliner to nap in for a bit .",197.0,46.0,0.0,0.0,[],
1460,2076.0,4622,792755,,,,,,,,"NEW YORK ( CNNMoney ) -- Unlimited data plans have n't quite gone the way of the dinosaur , but they 're lurching toward extinction . Want to stay free from tracking the gigabytes of data your new iPhone 5 is sucking down ? Here 's a rundown of your dwindling options , listed in order from the easiest to the most agonizing .",0,"new york ( cnnmoney ) -- unlimited data plans have n't quite gone the way of the dinosaur , but they 're lurching toward extinction . want to stay free from tracking the gigabytes of data your new iphone  is sucking down ? here 's a rundown of your dwindling options , listed in order from the easiest to the most agonizing .",325.0,63.0,0.0,0.0,[],
988,1668.0,7878,269728,,,,,,,,"Community Cup Challenge Next Week : Wizards has supplied more details on this year 's CCC , including the formats , here . We are still waiting for info on the Wizards team , etc . Coverage should start the middle of next week . Wizards also announced that the players will be using the new interface . I have to assume that means someone at WOTC will be streaming the event , otherwise we wo n't see the interface at all .",0,"community cup challenge next week : wizards has supplied more details on this year 's ccc , including the formats , here . we are still waiting for info on the wizards team , etc . coverage should start the middle of next week . wizards also announced that the players will be using the new interface . i have to assume that means someone at wotc will be streaming the event , otherwise we wo n't see the interface at all .",423.0,83.0,0.0,0.0,[],
1350,1604.0,8743,25338,,,,,,,,"An easy way to help the study of transcommunication is to become a member of the Association TransCommunication . For the annual $30 membership , members will receive four quarterly NewsJournals and have access to the Idea Exchange . The Idea Exchange is an excellent place to share examples and get help with your ITC experiments . It also includes an archive of over 90 newsletters and NewsJournals including all published since 2000 .",0,"an easy way to help the study of transcommunication is to become a member of the association transcommunication . for the annual $ membership , members will receive four quarterly newsjournals and have access to the idea exchange . the idea exchange is an excellent place to share examples and get help with your itc experiments . it also includes an archive of over  newsletters and newsjournals including all published since  .",429.0,72.0,0.0,0.0,[],
1201,1295.0,3589,245703,,,,,,,,"There is salvation in no one else ! God has given no other name under heaven by which we must be saved . """,0,"there is salvation in no one else ! god has given no other name under heaven by which we must be saved . """,106.0,24.0,0.0,0.0,[],
996,1285.0,6164,69949,,,,,,,,"##156010 <h> Must - Have To <h> Modal forms must , have to , must n't and do n't have to explained",0,"##  must - have to  modal forms must , have to , must n't and do n't have to explained",86.0,20.0,0.0,0.0,[],
1875,1684.0,3082,1203443,,,,,,,,"Though , in these politically-correct and socially-changing times , it 's only a fact you see more evidently when some people in the South muster up enough "" courage "" to spew their racist remarks in anonymity or in numbers .",0,"though , in these politically-correct and socially-changing times , it 's only a fact you see more evidently when some people in the south muster up enough "" courage "" to spew their racist remarks in anonymity or in numbers .",225.0,41.0,0.0,0.0,[],
1238,1198.0,5101,560243,,,,,,,,But our replacement for polypropylene did not come from such a mutual development process with a mill ; it came from out of the blue .,0,but our replacement for polypropylene did not come from such a mutual development process with a mill ; it came from out of the blue .,134.0,26.0,0.0,0.0,[],
1735,2154.0,4607,434938,,,,,,,,The Missing Piece Meets the Big O The missing piece sat alone waiting for someone to come along and take it somewhere .... The different ones it encounters - and what it discovers in its helplessness - are portrayed with simplicity and compassion in the words and drawings of Shel Silverstein .,0,the missing piece meets the big o the missing piece sat alone waiting for someone to come along and take it somewhere .... the different ones it encounters - and what it discovers in its helplessness - are portrayed with simplicity and compassion in the words and drawings of shel silverstein .,294.0,52.0,0.0,0.0,[],
1149,1390.0,2441,1267070,,,,,,,,"Because of stuff like this , an increasing number of Americans have decided that it is better to be armed .",0,"because of stuff like this , an increasing number of americans have decided that it is better to be armed .",107.0,21.0,0.0,0.0,[],
1375,1520.0,6428,519567,,,,,,,,"The Standard Nibs : The first two to discuss are the default nibs depending on the tablet you have , but suffice it to say that unless you have already gone changing your nibs , this is the experience we felt most people were after . As long as you are using the pen and nib that came with the tablet , this is the nib you are using .",0,"the standard nibs : the first two to discuss are the default nibs depending on the tablet you have , but suffice it to say that unless you have already gone changing your nibs , this is the experience we felt most people were after . as long as you are using the pen and nib that came with the tablet , this is the nib you are using .",334.0,70.0,0.0,0.0,[],
1213,1117.0,111,41143,,,,,,,,"Nope , no fear . But I will tell you this . You PROVE that you are living in fear by the way you make up all this crap . You are n't even making sense . It just shows that you are in a mass panic because you 're terrified @ @ @ @ @ @ @ @ @ @ them . +++++++++",0,"nope , no fear . but i will tell you this . you prove that you are living in fear by the way you make up all this crap . you are n't even making sense . it just shows that you are in a mass panic because you 're terrified @ @ @ @ @ @ @ @ @ @ them . +++++++++",258.0,64.0,0.0,0.0,[],
1265,1830.0,7532,682821,,,,,,,,"On the top of a connection 's profile , you 'll see recommended endorsements for them . You can suggest additional skills as well .",0,"on the top of a connection 's profile , you 'll see recommended endorsements for them . you can suggest additional skills as well .",131.0,25.0,0.0,0.0,[],
1128,1809.0,7022,111677,,,,,,,,"I firmly believe every step I take is ordained by our heavenly Father and He would never lead me to the brink of a difficult situation only to abandon me . He would not say , "" Okay , David , I 've directed you up to this point . Now you 're on your own . """,0,"i firmly believe every step i take is ordained by our heavenly father and he would never lead me to the brink of a difficult situation only to abandon me . he would not say , "" okay , david , i 've directed you up to this point . now you 're on your own . """,257.0,58.0,0.0,0.0,[],
1659,1565.0,6546,81663,,,,,,,,"To clarify to you and others , the real reason why ' some are better ' at being hairless has to do with regional adaptations to temperature . Hair functions to regulate body heat . In colder areas , people are generally hairier . That 's not always the case , such as the Nepalese and Tibetan populations are relatively hairless . But in areas like the Caucuses ,",0,"to clarify to you and others , the real reason why ' some are better ' at being hairless has to do with regional adaptations to temperature . hair functions to regulate body heat . in colder areas , people are generally hairier . that 's not always the case , such as the nepalese and tibetan populations are relatively hairless . but in areas like the caucuses ,",363.0,69.0,0.0,0.0,[],
1884,1173.0,8044,1031682,,,,,,,,"This should be a premise taken on by wrestling fans too , but we know that people in general need a vessel to unleash their fury among the unexpected . They have problems in their own lives , and hate on @ @ @ @ @ @ @ @ @ @ .",0,"this should be a premise taken on by wrestling fans too , but we know that people in general need a vessel to unleash their fury among the unexpected . they have problems in their own lives , and hate on @ @ @ @ @ @ @ @ @ @ .",225.0,52.0,0.0,0.0,[],
1764,1738.0,432,1525334,,,,,,,,"As noted above , Abercrombie &; Fitch has been around since 1892 . We do n't know which is @ @ @ @ @ @ @ @ @ @ in 1998 netted $815.8 million in sales ( up 56% from 1997 ) needs to give away $25 gift certificates to boost sales or that someone who 'd have to be at least 125 years old is sending e-mail .",0,"as noted above , abercrombie &; fitch has been around since  . we do n't know which is @ @ @ @ @ @ @ @ @ @ in  netted $. million in sales ( up % from  ) needs to give away $ gift certificates to boost sales or that someone who 'd have to be at least  years old is sending e-mail .",280.0,65.0,0.0,0.0,[],
1372,1242.0,2664,113551,,,,,,,,"During the first three weeks of the regular season , the league came under heavy criticism from fans @ @ @ @ @ @ @ @ @ @",0,"during the first three weeks of the regular season , the league came under heavy criticism from fans @ @ @ @ @ @ @ @ @ @",120.0,28.0,0.0,0.0,[],
1286,1911.0,3166,246230,,,,,,,,"Obviously , Miles is preparing for Hurst not to be with the team Saturday . He said that Josh Dworaczyk would start at left tackle if Hurst is not available . Miles did say that Hurst never expressed to him that he wanted to leave the team .",0,"obviously , miles is preparing for hurst not to be with the team saturday . he said that josh dworaczyk would start at left tackle if hurst is not available . miles did say that hurst never expressed to him that he wanted to leave the team .",241.0,48.0,0.0,0.0,[],
1197,1139.0,5306,313357,,,,,,,,"Have you come out of your shell yet ? It 's OK if you 're shy . A lot of kids are shy when they 're young . That does n't mean you always have to be shy , though . If you 're ready to come out of your shell , here are some tips you can use to become less shy :",0,"have you come out of your shell yet ? it 's ok if you 're shy . a lot of kids are shy when they 're young . that does n't mean you always have to be shy , though . if you 're ready to come out of your shell , here are some tips you can use to become less shy :",260.0,64.0,0.0,0.0,[],
1084,1767.0,4715,358965,,,,,,,,"In fact , most performers are fierce , competitive , ambitious and striving young people who do not need any one 's pity .",0,"in fact , most performers are fierce , competitive , ambitious and striving young people who do not need any one 's pity .",122.0,24.0,0.0,0.0,[],
1707,1430.0,42,1371707,,,,,,,,"The idea with "" smashed "" potatoes is to keep the texture rough and chunky , so do n't mash too vigorously . Because smashed potatoes stiffen as they cool , add enough liquid so that they start out just a little looser than you want .",0,"the idea with "" smashed "" potatoes is to keep the texture rough and chunky , so do n't mash too vigorously . because smashed potatoes stiffen as they cool , add enough liquid so that they start out just a little looser than you want .",234.0,47.0,0.0,0.0,[],
1542,1432.0,1030,811318,,,,,,,,iii . Participants in markets have perfect knowledge of the information driving the markets as well as all other participants .,0,iii . participants in markets have perfect knowledge of the information driving the markets as well as all other participants .,127.0,21.0,0.0,0.0,[],
1131,2173.0,5015,760404,,,,,,,,"Some Comment writers are acting as if our Against information was the procedure going to hurt you . It 's just information . Act on it as you will . But , please allow those of us who are medically informed and are trying to help , not harm you , some Brownie Points .",0,"some comment writers are acting as if our against information was the procedure going to hurt you . it 's just information . act on it as you will . but , please allow those of us who are medically informed and are trying to help , not harm you , some brownie points .",268.0,55.0,0.0,0.0,[],
976,2081.0,5143,910350,,,,,,,,"Bean - ( 1969 Technical Debrief ) "" I never noticed any slippery surfaces such as Neil and Buzz pointed out . The ground never felt slippery at all to me . The c.g. ( center of gravity ) problems they had were the same . I was very careful not to walk backward ; because , I noticed a couple of times when I did , I usually stepped in a crater or on uneven ground and it put me off balance . ( To Pete ) What do you think about the slipperiness ? """,0,"bean - (  technical debrief ) "" i never noticed any slippery surfaces such as neil and buzz pointed out . the ground never felt slippery at all to me . the c.g. ( center of gravity ) problems they had were the same . i was very careful not to walk backward ; because , i noticed a couple of times when i did , i usually stepped in a crater or on uneven ground and it put me off balance . ( to pete ) what do you think about the slipperiness ? """,444.0,96.0,0.0,0.0,[],
1501,1999.0,1509,1139277,,,,,,,,"From a trending perspective - the index remains in a long term uptrend . We must still respect that trend as there will be buying pressure at times . However , in the short term - we are seeing a correction .",0,"from a trending perspective - the index remains in a long term uptrend . we must still respect that trend as there will be buying pressure at times . however , in the short term - we are seeing a correction .",208.0,42.0,0.0,0.0,[],
1704,1975.0,6481,507907,,,,,,,,"Sure , it seemed like the writers had no idea how to end the sketch , but in a sketch that featured "" Donald Trump is doing a very amusing thing where he 's racist , "" hard to complain too much . Jason @ @ @ @ @ @ @ @ @ @ , and he made this one count .",0,"sure , it seemed like the writers had no idea how to end the sketch , but in a sketch that featured "" donald trump is doing a very amusing thing where he 's racist , "" hard to complain too much . jason @ @ @ @ @ @ @ @ @ @ , and he made this one count .",252.0,62.0,0.0,0.0,[],
1353,2157.0,8566,292536,,,,,,,,"And do n't think that this makes me feel smug or gives me any joy : The last thing I @ @ @ @ @ @ @ @ @ @ with a dying , nuclear armed giant that has abandoned all hope .",0,"and do n't think that this makes me feel smug or gives me any joy : the last thing i @ @ @ @ @ @ @ @ @ @ with a dying , nuclear armed giant that has abandoned all hope .",169.0,43.0,0.0,0.0,[],
1095,1924.0,784,922782,,,,,,,,"the next day , when Xie Hong to go out and go home again , louboutin pas cher , discovers her husband has run away from home , also shut down the phone .",0,"the next day , when xie hong to go out and go home again , louboutin pas cher , discovers her husband has run away from home , also shut down the phone .",153.0,34.0,0.0,0.0,[],
1343,1310.0,8484,983039,,,,,,,,"The doors were wide open at the current station . It was n't anyone 's destination , but each time the crackling human voice repeated the veiled announcement -- every five minutes or so -- a few more passengers would make a face of disgust or wry amusement , then abandon train .",0,"the doors were wide open at the current station . it was n't anyone 's destination , but each time the crackling human voice repeated the veiled announcement -- every five minutes or so -- a few more passengers would make a face of disgust or wry amusement , then abandon train .",279.0,53.0,0.0,0.0,[],
1146,1984.0,4741,1311214,,,,,,,,"We 've been hard at work and we already have Pier Solar up and running on Xbox 360 , PC , and SEGA Dreamcast ( in the original SD resolution ) . We @ @ @ @ @ @ @ @ @ @ can see we are well on our way ! Watch the video here .",0,"we 've been hard at work and we already have pier solar up and running on xbox  , pc , and sega dreamcast ( in the original sd resolution ) . we @ @ @ @ @ @ @ @ @ @ can see we are well on our way ! watch the video here .",220.0,56.0,0.0,0.0,[],
1421,1499.0,7876,1662330,,,,,,,,You ask someone else on a different day they say its more mature and there 's far less noise . I think it turned out better than people thought it would after Live to Fail/Rise debuted .,0,you ask someone else on a different day they say its more mature and there 's far less noise . i think it turned out better than people thought it would after live to fail/rise debuted .,186.0,37.0,0.0,0.0,[],
1648,1677.0,6072,270053,,,,,,,,"Our studio line 877-609-9445 or use our text line 937-612-1270 . Do n't forget , you can always reach us through the text line , even when we are off @ @ @ @ @ @ @ @ @ @ we keep the fun topics going all day ! ! ( see below )",0,"our studio line -- or use our text line -- . do n't forget , you can always reach us through the text line , even when we are off @ @ @ @ @ @ @ @ @ @ we keep the fun topics going all day ! ! ( see below )",204.0,54.0,0.0,0.0,[],
1679,2015.0,2516,1048730,,,,,,,,"That you need to come up with reasons to explain why the United States would refuse to back up a "" client "" should make that obvious . Since when has the United States not backed up friendly dictators against popular uprisings ? Since 2011 .",0,"that you need to come up with reasons to explain why the united states would refuse to back up a "" client "" should make that obvious . since when has the united states not backed up friendly dictators against popular uprisings ? since  .",237.0,45.0,0.0,0.0,[],
1137,1837.0,1388,713000,,,,,,,,My favorite musician is probably lil wayne because i like his music and the new songs that come out . Taylor swift is one of them because alot of people like her and think her music is good . A musician that i think is going to be forgotten is jay-z because he does not come out with music any more .,0,my favorite musician is probably lil wayne because i like his music and the new songs that come out . taylor swift is one of them because alot of people like her and think her music is good . a musician that i think is going to be forgotten is jay-z because he does not come out with music any more .,300.0,62.0,0.0,0.0,[],
955,1873.0,9837,149983,,,,,,,,"This column is copyrighted and licensed to run on TMV in full . ( c ) 2009 , Washington Post Writers Group . <h> Sponsors <h> Share This <h> 14 Comments",0,"this column is copyrighted and licensed to run on tmv in full . ( c )  , washington post writers group .  sponsors  share this   comments",137.0,26.0,0.0,0.0,[],
992,1607.0,8126,1226108,,,,,,,,""" It was n't an individualist , libertine happiness or individualist pleasure-seeking , "" she said . "" But it was n't a sense of duty . """,0,""" it was n't an individualist , libertine happiness or individualist pleasure-seeking , "" she said . "" but it was n't a sense of duty . """,137.0,28.0,0.0,0.0,[],
1043,1831.0,8476,159658,,,,,,,,"But at the same time , even though I do not agree with PT on many things doctrinally , I find it inappropriate and wrong for Dr. Moore to proceed to emotionally refer to PT as "" of the devil . """,0,"but at the same time , even though i do not agree with pt on many things doctrinally , i find it inappropriate and wrong for dr. moore to proceed to emotionally refer to pt as "" of the devil . """,194.0,42.0,0.0,0.0,[],
1864,1217.0,1361,1188150,,,,,,,,"1 : Bring back the Start menu in Windows 8 : This one is self-explanatory . I know a lot of people out there enjoy the new UI and you think the rest of us should just suck it up and abandon our creature comforts , but to you all , I say , "" shove off ! "" WE WANT OUR START MENU BACK !",0," : bring back the start menu in windows  : this one is self-explanatory . i know a lot of people out there enjoy the new ui and you think the rest of us should just suck it up and abandon our creature comforts , but to you all , i say , "" shove off ! "" we want our start menu back !",282.0,64.0,0.0,0.0,[],
1419,1571.0,8129,1437550,,,,,,,,"@charbax It has got nothing at all to do with the average salary in India , is it ? So let ; s keep to the topic here . Samsung made a mistake , whether it was intentional or not , is up to the reader .",0,"@charbax it has got nothing at all to do with the average salary in india , is it ? so let ; s keep to the topic here . samsung made a mistake , whether it was intentional or not , is up to the reader .",202.0,47.0,0.0,0.0,[],
1097,1229.0,5147,1158762,,,,,,,,"A train leaves from Boston at 10:00 am travelling at 300 miles per hour . Two hours later , a train leaves Los Angeles travelling at 150 miles per hour . The distance from Boston to Los Angeles is 2,982 miles . When the trains meet , which one is closer to Los Angeles ?",0,"a train leaves from boston at : am travelling at  miles per hour . two hours later , a train leaves los angeles travelling at  miles per hour . the distance from boston to los angeles is , miles . when the trains meet , which one is closer to los angeles ?",256.0,53.0,0.0,0.0,[],
1675,2132.0,8795,1144415,,,,,,,,"From a Pats fan to all the Steeler fans , enjoy Brian Hoyer . He is a stud for a backup QB and would play better then Leftwich or Batch . For the small time he got in NE he always delivered . I would compare him to Matt Flynn of Seattle who also played for Green Bay when Rodgers was injured .",0,"from a pats fan to all the steeler fans , enjoy brian hoyer . he is a stud for a backup qb and would play better then leftwich or batch . for the small time he got in ne he always delivered . i would compare him to matt flynn of seattle who also played for green bay when rodgers was injured .",293.0,63.0,0.0,0.0,[],
1615,1635.0,6404,1517910,,,,,,,,"Scenario 4 : A uniformed telephone repairman is at your front door , but you do n't have an appointment . The last time you let in a repairman , everything went fine -- and you do n't want to seem rude .",0,"scenario  : a uniformed telephone repairman is at your front door , but you do n't have an appointment . the last time you let in a repairman , everything went fine -- and you do n't want to seem rude .",202.0,42.0,0.0,0.0,[],
1604,1994.0,4881,1148648,,,,,,,,"Yes , I am caught in the midst of this trickery , and feel ripped-off . On the other hand , being a loyal customer for over a decade they make me feel my iPhone 4 purchase was the wrong thing to do , and I should have kept my 3GS until the 5 came out @ @ @ @ @ @ @ @ @ @ back what they have done to their loyal customers . hopefully sooner rather than later .",0,"yes , i am caught in the midst of this trickery , and feel ripped-off . on the other hand , being a loyal customer for over a decade they make me feel my iphone  purchase was the wrong thing to do , and i should have kept my gs until the  came out @ @ @ @ @ @ @ @ @ @ back what they have done to their loyal customers . hopefully sooner rather than later .",356.0,80.0,0.0,0.0,[],
1056,2036.0,4192,1057819,,,,,,,,"Enhanced profile pages let you have a customized header , a featured tweet , mobile compatibility , and deep integration with Twitter 's advertising platform . This is definitely just one of Twitter 's ways of finally monetizing the platform . Analytics for Twitter is only a step behind and are likely to be offered to brand accounts for a premium .",0,"enhanced profile pages let you have a customized header , a featured tweet , mobile compatibility , and deep integration with twitter 's advertising platform . this is definitely just one of twitter 's ways of finally monetizing the platform . analytics for twitter is only a step behind and are likely to be offered to brand accounts for a premium .",350.0,62.0,0.0,0.0,[],
1645,2030.0,8098,323757,,,,,,,,"Using elements like &lt;caption&gt; , &lt;thead&gt; , &lt;tbody&gt; and &lt;tfoot&gt; , and attributes such as summary , scope , ids and headers , data tables become meaningful to blind users accessing the content with a screen reader ( rather than a jumbled mush of words and numbers ) . <h> Training is the Weakness",0,"using elements like  ,  ,  and  , and attributes such as summary , scope , ids and headers , data tables become meaningful to blind users accessing the content with a screen reader ( rather than a jumbled mush of words and numbers ) .  training is the weakness",260.0,49.0,0.0,0.0,[],
1025,2086.0,70,1570859,,,,,,,,Last year I went to just about every football and hockey game I could . They start charging and you wo n't see me at any games .,0,last year i went to just about every football and hockey game i could . they start charging and you wo n't see me at any games .,128.0,28.0,0.0,0.0,[],
1774,1673.0,3730,755565,,,,,,,,"You need to look at the code in composition ready of the stage in order to see the code and change @ @ @ @ @ @ @ @ @ @ the code . There are instructions in the code , please read them and change accordingly .",0,"you need to look at the code in composition ready of the stage in order to see the code and change @ @ @ @ @ @ @ @ @ @ the code . there are instructions in the code , please read them and change accordingly .",208.0,48.0,0.0,0.0,[],
1045,1256.0,4557,225103,,,,,,,,He says he went to Sutter Memorial Hospital on three occasions in 2011 seeking a diagnosis and treatment . Downey says the hospital 's staff never administered the tests needed to give him an accurate diagnosis .,0,he says he went to sutter memorial hospital on three occasions in  seeking a diagnosis and treatment . downey says the hospital 's staff never administered the tests needed to give him an accurate diagnosis .,208.0,36.0,0.0,0.0,[],
1264,1570.0,8813,447221,,,,,,,,This is wonderful information and will keep it handy for my quickly approaching trip to the UK ! Thanks .,0,this is wonderful information and will keep it handy for my quickly approaching trip to the uk ! thanks .,105.0,20.0,0.0,0.0,[],
1699,2088.0,7189,420589,,,,,,,,"She was right to bring Nynaeve back , Siuan thought , taking a sip of soup . She takes his side far too often for comfort .",0,"she was right to bring nynaeve back , siuan thought , taking a sip of soup . she takes his side far too often for comfort .",123.0,27.0,0.0,0.0,[],
1698,2191.0,8238,1407471,,,,,,,,I think the point of all of this is for those who truly get hurt by the crappy opinions and tasteless judgment of others who simply do n't care because they are n't affected by it themselves .,0,i think the point of all of this is for those who truly get hurt by the crappy opinions and tasteless judgment of others who simply do n't care because they are n't affected by it themselves .,192.0,38.0,0.0,0.0,[],
1330,1913.0,5066,1584297,,,,,,,,"Users do not want to switch back and forth between text and fields . Once they have found the form , users have to figure out what each field is asking for . This can be much harder for screen-reader users than for sighted users .",0,"users do not want to switch back and forth between text and fields . once they have found the form , users have to figure out what each field is asking for . this can be much harder for screen-reader users than for sighted users .",230.0,46.0,0.0,0.0,[],
1063,1169.0,2768,139855,,,,,,,,"Dependency is the key here . It is up to us to NEVER depend on the enabler for anything . Not for love , not for a paycheck and certainly not for advice .",0,"dependency is the key here . it is up to us to never depend on the enabler for anything . not for love , not for a paycheck and certainly not for advice .",154.0,34.0,0.0,0.0,[],
1803,2115.0,5926,1497186,,,,,,,,( I 've heard it said that soy does n't contain enough estrogen to make any difference in the body . Bullhockey . I used to drink Silk soymilk to relieve menstrual cramps . ),0,( i 've heard it said that soy does n't contain enough estrogen to make any difference in the body . bullhockey . i used to drink silk soymilk to relieve menstrual cramps . ),174.0,35.0,0.0,0.0,[],
1586,1779.0,6182,703533,,,,,,,,The dd runs on the SGI and swaps the bytes before writing to the tar command running on the local host .,0,the dd runs on the sgi and swaps the bytes before writing to the tar command running on the local host .,104.0,22.0,0.0,0.0,[],
1047,1125.0,4406,800517,,,,,,,,"then with each domain , make a folder called ' mail ' eg : www.domain.com/mail , create a text file and save as index.asp in the mail folder , and put the following code in it . make sure that iis is set to have index.asp as a default document",0,"then with each domain , make a folder called ' mail ' eg : www.domain.com/mail , create a text file and save as index.asp in the mail folder , and put the following code in it . make sure that iis is set to have index.asp as a default document",243.0,50.0,0.0,0.0,[],
1755,1541.0,4882,76650,,,,,,,,"I hear you , but if you think white folks pointing at other white folks ( think the MSNBC crew ) and saying "" you 're the ones who are racists -- you 're anti-White ! "" is going to turn into a politically winning theme , you 're mistaken .",0,"i hear you , but if you think white folks pointing at other white folks ( think the msnbc crew ) and saying "" you 're the ones who are racists -- you 're anti-white ! "" is going to turn into a politically winning theme , you 're mistaken .",239.0,51.0,0.0,0.0,[],
1169,1370.0,1105,295006,,,,,,,,"The following diagram from a Skeptical Scientist article by John Cook , based on IPCC data exemplifies the cause of the problem . <h> RickEngebretson said :",0,"the following diagram from a skeptical scientist article by john cook , based on ipcc data exemplifies the cause of the problem .  rickengebretson said :",153.0,26.0,0.0,0.0,[],
1143,1814.0,8916,24808,,,,,,,,"It is fine as it is , though . I am not mad about it -- far from it , in fact , since I am very pleased that they took such an interest in the family . I just thought since it was on The History Channel , and thus was presented as historically accurate , I should make the information available for those with an interest in the subject matter , and they can draw their own conclusions as to which version is correct .",0,"it is fine as it is , though . i am not mad about it -- far from it , in fact , since i am very pleased that they took such an interest in the family . i just thought since it was on the history channel , and thus was presented as historically accurate , i should make the information available for those with an interest in the subject matter , and they can draw their own conclusions as to which version is correct .",418.0,87.0,0.0,0.0,[],
1333,1617.0,3335,320427,,,,,,,,"Apple is paying an as yet unnamed firm , probably TSMC , to build/tool/operate one or several ARM SoC fabs . As such this does require investments on par with Intel 's . These fabs are designed to ramp production up to +500 million Apple designed Ax SoC 's per year for the many iOS devices . This is going to hurt Samsung .",0,"apple is paying an as yet unnamed firm , probably tsmc , to build/tool/operate one or several arm soc fabs . as such this does require investments on par with intel 's . these fabs are designed to ramp production up to + million apple designed ax soc 's per year for the many ios devices . this is going to hurt samsung .",321.0,64.0,0.0,0.0,[],
1711,1478.0,5907,172522,,,,,,,,"The next day , hung out with another friend at the mall and had Pinkberry ! Peach frozen yogurt with mochi , coconut , and strawberries . I 'm so happy they have a tiny size , which reduces the stress of having to finish the whole thing . The Pinkberry people are nice .",0,"the next day , hung out with another friend at the mall and had pinkberry ! peach frozen yogurt with mochi , coconut , and strawberries . i 'm so happy they have a tiny size , which reduces the stress of having to finish the whole thing . the pinkberry people are nice .",270.0,55.0,0.0,0.0,[],
1183,1263.0,1217,623191,,,,,,,,I 'm gon na hate to see you go Ohhohh ohhohh I 'm gon na hate to see you go Ohhohh ohhohh,0,i 'm gon na hate to see you go ohhohh ohhohh i 'm gon na hate to see you go ohhohh ohhohh,89.0,22.0,0.0,0.0,[],
1850,1737.0,5893,469823,,,,,,,,"Books have been written on the subject . @ @ @ @ @ @ @ @ @ @ Can Find Our Way to the Moon , but Get Lost in the Mall "" by Colin Ellard .",0,"books have been written on the subject . @ @ @ @ @ @ @ @ @ @ can find our way to the moon , but get lost in the mall "" by colin ellard .",136.0,37.0,0.0,0.0,[],
1882,1609.0,7012,121306,,,,,,,,"In our environment , AMD-style javascript is completely rewritten so that calls to require or define never occur . Those functions do n't even exist at runtime .",0,"in our environment , amd-style javascript is completely rewritten so that calls to require or define never occur . those functions do n't even exist at runtime .",161.0,28.0,0.0,0.0,[],
1813,1132.0,6891,994374,,,,,,,,""" Are you denying that the Arctic is experiencing melting that normally happens on geological timescales in just a few decades ? """,0,""" are you denying that the arctic is experiencing melting that normally happens on geological timescales in just a few decades ? """,130.0,23.0,0.0,0.0,[],
1431,1615.0,9899,1477006,,,,,,,,The Housing Initiative Committee facilitated that transition . With members from the Evaluation @ @ @ @ @ @ @ @ @ @ became a forum for building understanding between United Way and the CDCs and finding creative solutions to diffculties as they arose .,0,the housing initiative committee facilitated that transition . with members from the evaluation @ @ @ @ @ @ @ @ @ @ became a forum for building understanding between united way and the cdcs and finding creative solutions to diffculties as they arose .,251.0,45.0,0.0,0.0,[],
1728,1170.0,2842,1427292,,,,,,,,"Still , you ca n't blame Google for trying to get a piece of the real-time social action while the gettin 's good .",0,"still , you ca n't blame google for trying to get a piece of the real-time social action while the gettin 's good .",115.0,24.0,0.0,0.0,[],
1430,1450.0,7947,1117614,,,,,,,,"The down-going pressure wavefield P d is obtained by following the same logic as in the flowchart in FIG. 3 and replacing the subtraction in block 34 with a summation , as given in Equation ( 19 ) . This result is also equivalent to Equation ( 20 ) .",0,"the down-going pressure wavefield p d is obtained by following the same logic as in the flowchart in fig.  and replacing the subtraction in block  with a summation , as given in equation (  ) . this result is also equivalent to equation (  ) .",243.0,46.0,0.0,0.0,[],
1783,2085.0,7315,964772,,,,,,,,"That was long , complicated , almost entirely incomprehensible , and ended with the answer I wanted to hear . Brilliant ! Well done !",0,"that was long , complicated , almost entirely incomprehensible , and ended with the answer i wanted to hear . brilliant ! well done !",133.0,25.0,0.0,0.0,[],
1159,1740.0,8158,914005,,,,,,,,"The idea of creating this came from the lack of a decent free alignment tool out there for VMware admins . Most every other one at there was either something you had to purchase or you had to be a customer of the vender to get access to it . And even after getting access these tools were either ( in my opinion ) limited in what they did , how they did it , or had become obsolete in a console-less vSphere 5 architecture .",0,"the idea of creating this came from the lack of a decent free alignment tool out there for vmware admins . most every other one at there was either something you had to purchase or you had to be a customer of the vender to get access to it . and even after getting access these tools were either ( in my opinion ) limited in what they did , how they did it , or had become obsolete in a console-less vsphere  architecture .",423.0,85.0,0.0,0.0,[],
1689,2013.0,1373,224856,,,,,,,,"... and using a mouse you do n't ? Like if I 'm playing Skyrim and I touch my mouse suddenly arrows turn into laser beams ? <h> @ @ @ @ @ @ @ @ @ @ , my experience was still sub-optimal as Windows never recognized my 360 controller when I plugged it in .",0,"... and using a mouse you do n't ? like if i 'm playing skyrim and i touch my mouse suddenly arrows turn into laser beams ?  @ @ @ @ @ @ @ @ @ @ , my experience was still sub-optimal as windows never recognized my  controller when i plugged it in .",248.0,55.0,0.0,0.0,[],
1277,1250.0,6991,781185,,,,,,,,"Bringing Amma to life through inspiring photos and compelling biographical narrative , Elisabeth Elliot urges readers to examine the depths of their own commitment to Christ . "" itemData "" the Back Cover",0,"bringing amma to life through inspiring photos and compelling biographical narrative , elisabeth elliot urges readers to examine the depths of their own commitment to christ . "" itemdata "" the back cover",203.0,33.0,0.0,0.0,[],
1142,1474.0,6282,724373,,,,,,,,"I have been told that I should prophesy . I want to say to you Latter-day Saints that to be a prophet of God all fear and all doubt have to leave your mind , and you then open your mouth and God gives you the words . But I have become so fearful about things I would be afraid to let it loose . I want to tell you there are a lot of us in the @ @ @ @ @ @ @ @ @ @ think and are doubtful about its fulfilment .",0,"i have been told that i should prophesy . i want to say to you latter-day saints that to be a prophet of god all fear and all doubt have to leave your mind , and you then open your mouth and god gives you the words . but i have become so fearful about things i would be afraid to let it loose . i want to tell you there are a lot of us in the @ @ @ @ @ @ @ @ @ @ think and are doubtful about its fulfilment .",408.0,96.0,0.0,0.0,[],
1551,1380.0,842,482188,,,,,,,,"As far as wine , I would go with reds and @ @ @ @ @ @ @ @ @ @ as well .",0,"as far as wine , i would go with reds and @ @ @ @ @ @ @ @ @ @ as well .",71.0,24.0,0.0,0.0,[],
1843,2070.0,370,1487066,,,,,,,,"Paul made that declaration at a time when the body could still be produced , and no doubt people tried to locate the body -- before and after Paul 's statement . ( Hey , I 'm from the Internet ; I know firsthand that people love to debunk things . )",0,"paul made that declaration at a time when the body could still be produced , and no doubt people tried to locate the body -- before and after paul 's statement . ( hey , i 'm from the internet ; i know firsthand that people love to debunk things . )",249.0,52.0,0.0,0.0,[],
1038,1365.0,5801,682422,,,,,,,,"but this has nothing to do with the quality of the bookbinding , but rather the quality of the book itself .",0,"but this has nothing to do with the quality of the bookbinding , but rather the quality of the book itself .",108.0,22.0,0.0,0.0,[],
1101,1272.0,5570,1375199,,,,,,,,"if you are only going to learn how to do one type of calculation , then learn to figure out percentages .",0,"if you are only going to learn how to do one type of calculation , then learn to figure out percentages .",105.0,22.0,0.0,0.0,[],
1560,2122.0,2330,490943,,,,,,,,"In one of the towers overlooking the Sea of Marmora and skirting the ancient city of Stamboul , there lived an old junkman , who earned a precarious livelihood in gathering cinders and useless pieces of iron , and selling them to smiths .",0,"in one of the towers overlooking the sea of marmora and skirting the ancient city of stamboul , there lived an old junkman , who earned a precarious livelihood in gathering cinders and useless pieces of iron , and selling them to smiths .",238.0,44.0,0.0,0.0,[],
1011,1657.0,4452,212932,,,,,,,,"The image that has won the award is "" Kavana Mozart "" ( Mozart Cafe ) that I made in December of 2010 in a Cafe located in Pula , Croatia . While I was drinking my coffee , resting after a visit to the Book Fair , I was attracted by this man 's expression . He was alone and quite , staring somewhere far away while slowly drinking his tea . It made me wonder how all our lives are apparently similar yet so incredibly distant and unreachable .",0,"the image that has won the award is "" kavana mozart "" ( mozart cafe ) that i made in december of  in a cafe located in pula , croatia . while i was drinking my coffee , resting after a visit to the book fair , i was attracted by this man 's expression . he was alone and quite , staring somewhere far away while slowly drinking his tea . it made me wonder how all our lives are apparently similar yet so incredibly distant and unreachable .",440.0,90.0,0.0,0.0,[],
1692,1787.0,9224,1401251,,,,,,,,"Well done Mr Morgan , but tell me : whats it like to interview an ornate lampshade with the light bulb burned out ? It seems that 's all Ms O'Donnell has to offer as a guest .",0,"well done mr morgan , but tell me : whats it like to interview an ornate lampshade with the light bulb burned out ? it seems that 's all ms o'donnell has to offer as a guest .",175.0,38.0,0.0,0.0,[],
1153,1234.0,9160,88859,,,,,,,,"Joe G. in Chicago performed a search using Siri , Google Maps and the iPhone Maps app . Here is what he found :",0,"joe g. in chicago performed a search using siri , google maps and the iphone maps app . here is what he found :",111.0,24.0,0.0,0.0,[],
1624,1742.0,4742,1018459,,,,,,,,"My blog is mainly about personal development &; dating . Once I build a decent following , I decided to publish an old story about myself where I was a ragging drunk , partying , hitting on girls and doing outrageous shit . At the end of the article I described the lessons I learned from it . I felt failures in life are more valuable lessons than constant success stories .",0,"my blog is mainly about personal development &; dating . once i build a decent following , i decided to publish an old story about myself where i was a ragging drunk , partying , hitting on girls and doing outrageous shit . at the end of the article i described the lessons i learned from it . i felt failures in life are more valuable lessons than constant success stories .",375.0,72.0,0.0,0.0,[],
1499,2108.0,7855,643162,,,,,,,,"I lost most every friend I ever had . Entire family truely "" tolerates "" me as They think I am certifiable nuts !",0,"i lost most every friend i ever had . entire family truely "" tolerates "" me as they think i am certifiable nuts !",113.0,24.0,0.0,0.0,[],
1266,1832.0,4174,840112,,,,,,,,"But now the problem is easy . The area of a rectangle equals its @ @ @ @ @ @ @ @ @ @ r yields an area of ? r 2 for the rectangle . And since the rearranged shape always has the same area as the circle , that 's the answer for the circle too !",0,"but now the problem is easy . the area of a rectangle equals its @ @ @ @ @ @ @ @ @ @ r yields an area of ? r  for the rectangle . and since the rearranged shape always has the same area as the circle , that 's the answer for the circle too !",241.0,58.0,0.0,0.0,[],
1717,1276.0,9059,755290,,,,,,,,"The Silence of the Lambs refers to Starling being haunted by the memory of lambs screaming as they were slaughtered , and Lecter 's suggestion that saving Catherine Martin might help put an end to that .",0,"the silence of the lambs refers to starling being haunted by the memory of lambs screaming as they were slaughtered , and lecter 's suggestion that saving catherine martin might help put an end to that .",203.0,37.0,0.0,0.0,[],
1862,1226.0,27,1399585,,,,,,,,"After three years . After a year . Two years . Five years . More than 400 days . According to psychologists , no longer than thirty days . The entire time he was held there . Intermittently for nearly a decade .",0,"after three years . after a year . two years . five years . more than  days . according to psychologists , no longer than thirty days . the entire time he was held there . intermittently for nearly a decade .",208.0,42.0,0.0,0.0,[],
1077,1960.0,7251,1194577,,,,,,,,"There are two major types of arthritis -- osteoarthritis , which is the "" wear and tear "" arthritis , and rheumatoid arthritis , an inflammatory type of arthritis that happens when the body 's immune system does not work properly . <h> What Is Osteoarthritis ?",0,"there are two major types of arthritis -- osteoarthritis , which is the "" wear and tear "" arthritis , and rheumatoid arthritis , an inflammatory type of arthritis that happens when the body 's immune system does not work properly .  what is osteoarthritis ?",257.0,46.0,0.0,0.0,[],
1247,1946.0,1261,476437,,,,,,,,"The Nexus is particularly important to Google because it is the company 's flagship smartphone , the one model it works directly with manufacturers to design , and the one for which it brooks no monkeying around by the wireless carriers who usually sell them . If the rumors turn out to be true , this will be a major upgrade on every front to the last Nexus model , released about a year ago .",0,"the nexus is particularly important to google because it is the company 's flagship smartphone , the one model it works directly with manufacturers to design , and the one for which it brooks no monkeying around by the wireless carriers who usually sell them . if the rumors turn out to be true , this will be a major upgrade on every front to the last nexus model , released about a year ago .",394.0,76.0,0.0,0.0,[],
1522,1712.0,2132,268855,,,,,,,,"Once you tie up the 10 tulle pieces to the 2 elastic band , you 'll end up with 2 tulle skirts . They look like this :",0,"once you tie up the  tulle pieces to the  elastic band , you 'll end up with  tulle skirts . they look like this :",114.0,25.0,0.0,0.0,[],
1688,1893.0,2250,200020,,,,,,,,"Joining fan pages on Facebook is a good way to get traffic to your blog based on a niche . For instance , if you are running a blog about acne , join the fan pages for different acne products that you recommend on your site . Make it a goal to comment on the fan page at least once a week . Your comments should be helpful to other people on the page . Include link outs to product reviews as well as your own blog .",0,"joining fan pages on facebook is a good way to get traffic to your blog based on a niche . for instance , if you are running a blog about acne , join the fan pages for different acne products that you recommend on your site . make it a goal to comment on the fan page at least once a week . your comments should be helpful to other people on the page . include link outs to product reviews as well as your own blog .",416.0,88.0,0.0,0.0,[],
1667,1875.0,1118,529743,,,,,,,,She is living proof that it takes an imperfect dive to fully embrace every drop of your beautiful life .,0,she is living proof that it takes an imperfect dive to fully embrace every drop of your beautiful life .,104.0,20.0,0.0,0.0,[],
1423,1849.0,5857,1263686,,,,,,,,"Inputting a figure of 10,000 years into your time machine is pointless . You 'd have to be *very* *very* accurate with @ @ @ @ @ @ @ @ @ @ physical spot you were when you set off . In 10,000 years , not only will the orbit of the Earth have expanded out slightly around the sun , but the position of the sun relative to the gravitational centre of our galaxy will have changed also . Likewise , our galaxy will have moved out slightly from the centre of the big-bang too .",0,"inputting a figure of , years into your time machine is pointless . you 'd have to be *very* *very* accurate with @ @ @ @ @ @ @ @ @ @ physical spot you were when you set off . in , years , not only will the orbit of the earth have expanded out slightly around the sun , but the position of the sun relative to the gravitational centre of our galaxy will have changed also . likewise , our galaxy will have moved out slightly from the centre of the big-bang too .",462.0,97.0,0.0,0.0,[],
1846,1517.0,1980,1396265,,,,,,,,"The following week , BYU will travel to San Jose , California where they will play a much better opponent , San Jose State . With a 7-2 record , the Spartans have lost only to Stanford and Utah State .",0,"the following week , byu will travel to san jose , california where they will play a much better opponent , san jose state . with a - record , the spartans have lost only to stanford and utah state .",199.0,41.0,0.0,0.0,[],
1329,1646.0,8156,1036094,,,,,,,,": : Smiling : : I write and edit erotica , and even in that genre , there are words that are n't okay . C*nt is okay , as is pussy . But a sweet little snatch ? Nope , most erotica @ @ @ @ @ @ @ @ @ @ boobs are okay .",0,": : smiling : : i write and edit erotica , and even in that genre , there are words that are n't okay . c*nt is okay , as is pussy . but a sweet little snatch ? nope , most erotica @ @ @ @ @ @ @ @ @ @ boobs are okay .",217.0,57.0,0.0,0.0,[],
1262,1981.0,3511,1533543,,,,,,,,"Having said all this , it might surprise you to hear that this gift put a lump in my throat . Brought tears to me eyes . Moved me deeply .",0,"having said all this , it might surprise you to hear that this gift put a lump in my throat . brought tears to me eyes . moved me deeply .",138.0,31.0,0.0,0.0,[],
1261,1491.0,5913,1594239,,,,,,,,"So at this point , most of the film had been deleted or otherwise compromised . But that was n't a big deal . Things had been deleted before , it 's just something that would happen from time to time . During the production of A Bug 's Life , most of the ants got deleted and had to be restored , which was n't a problem because , of course , Pixar backs up its data .",0,"so at this point , most of the film had been deleted or otherwise compromised . but that was n't a big deal . things had been deleted before , it 's just something that would happen from time to time . during the production of a bug 's life , most of the ants got deleted and had to be restored , which was n't a problem because , of course , pixar backs up its data .",368.0,79.0,0.0,0.0,[],
1894,1825.0,6259,1271177,,,,,,,,"Authors can use the &lt;meta name= "" "" content= "" "" &gt; mechanism to include page-wide metadata . Names should be registered on the wiki 's MetaExtensions page .",0,authors can use the  mechanism to include page-wide metadata . names should be registered on the wiki 's metaextensions page .,126.0,21.0,0.0,0.0,[],
1656,1534.0,6275,1438769,,,,,,,,Everyone who has seen D.D . in the field along Buhler Road has wondered what her story might be .,0,everyone who has seen d.d . in the field along buhler road has wondered what her story might be .,97.0,20.0,0.0,0.0,[],
1447,1804.0,1041,1176973,,,,,,,,"I think I got you beat I think I got you beat yeah , yeah yeeeaaahh , I think I got you beat I think I got you beat .",0,"i think i got you beat i think i got you beat yeah , yeah yeeeaaahh , i think i got you beat i think i got you beat .",117.0,30.0,0.0,0.0,[],
1476,1193.0,107,245437,,,,,,,,Chandra ! You remember how to play Secret Agent ? Wow ! But you 're quite young which can only mean ... the game is still around ?,0,chandra ! you remember how to play secret agent ? wow ! but you 're quite young which can only mean ... the game is still around ?,130.0,28.0,0.0,0.0,[],
1825,1150.0,1163,1537293,,,,,,,,"And guess he did ; a cold , unfeeling litany of horrors roiling through his mind . The sights , the sounds , the memories , the imaginings all pounded at his soul , the hammer in the forge of his will bending his heart into submission . He needed his head for this , and his hands and his feet and his gut . His heart , he knew , would only get in the way .",0,"and guess he did ; a cold , unfeeling litany of horrors roiling through his mind . the sights , the sounds , the memories , the imaginings all pounded at his soul , the hammer in the forge of his will bending his heart into submission . he needed his head for this , and his hands and his feet and his gut . his heart , he knew , would only get in the way .",357.0,78.0,0.0,0.0,[],
1119,1419.0,8794,108233,,,,,,,,"You could have bought a mansion back in 05 @ @ @ @ @ @ @ @ @ @ a few years in your mansion . Rent a place for a few years and be back in the game again with a 3.5% FHA loan . If things head south again , you 'll get free housing for a few years . What a great system . Somebody needs to write a book on this .",0,"you could have bought a mansion back in  @ @ @ @ @ @ @ @ @ @ a few years in your mansion . rent a place for a few years and be back in the game again with a .% fha loan . if things head south again , you 'll get free housing for a few years . what a great system . somebody needs to write a book on this .",305.0,75.0,0.0,0.0,[],
1276,1806.0,4621,507561,,,,,,,,"You are right , there are creationist that believe the 6.000 years timeframe , not all of them . Your argument is like saying "" the man comes from the monkey and all that trash "" . The universe is so mysterious , remember the gravitational fields , I was shocked the first time i was aware science havent found a @ @ @ @ @ @ @ @ @ @ "" all that trash "" could be true .",0,"you are right , there are creationist that believe the . years timeframe , not all of them . your argument is like saying "" the man comes from the monkey and all that trash "" . the universe is so mysterious , remember the gravitational fields , i was shocked the first time i was aware science havent found a @ @ @ @ @ @ @ @ @ @ "" all that trash "" could be true .",363.0,80.0,0.0,0.0,[],
1461,1545.0,7812,256032,,,,,,,,"Welcome to My Frugal Adventures ! I am Charlene , a busy mom of two girls and one handsome pound puppy . I am on a constant quest to save as much as I can in some areas so I can splurge a little in others .",0,"welcome to my frugal adventures ! i am charlene , a busy mom of two girls and one handsome pound puppy . i am on a constant quest to save as much as i can in some areas so i can splurge a little in others .",206.0,47.0,0.0,0.0,[],
1776,1676.0,8984,516017,,,,,,,,What am I missing ? I 'm starting to lose it after working on trying to figure this out for the last couple hours ..,0,what am i missing ? i 'm starting to lose it after working on trying to figure this out for the last couple hours ..,116.0,25.0,0.0,0.0,[],
1376,2142.0,8030,647997,,,,,,,,"The sequel will be produced by Simon Kinberg -- who also scripted the film -- and Lauren Shuler Donner , who has acted as a producer for all of the X-Men films and spinoffs . Fox already has a script for Days of Future Past , and is hoping to make its July 18 , 2014 release date .",0,"the sequel will be produced by simon kinberg -- who also scripted the film -- and lauren shuler donner , who has acted as a producer for all of the x-men films and spinoffs . fox already has a script for days of future past , and is hoping to make its july  ,  release date .",275.0,57.0,0.0,0.0,[],
1199,1593.0,3595,950066,,,,,,,,"The most likely disasters to hit any given individual are personal : break a leg , messed up in a car wreck , get fired , etc . Most true long term preps for whatever will effect thousands of others have being supplied with the day by day stuff covered for the individual ( it 's the meds that pose a problem ) .",0,"the most likely disasters to hit any given individual are personal : break a leg , messed up in a car wreck , get fired , etc . most true long term preps for whatever will effect thousands of others have being supplied with the day by day stuff covered for the individual ( it 's the meds that pose a problem ) .",312.0,64.0,0.0,0.0,[],
1477,2158.0,955,607783,,,,,,,,"so out of the supposedly 30 states with secession petitions up , Texas is leading with 80,000 signatures at the moment ( basing this off of Ed Schultz saying 80,000 &; will edit if someone has an offical # )",0,"so out of the supposedly  states with secession petitions up , texas is leading with , signatures at the moment ( basing this off of ed schultz saying , &; will edit if someone has an offical # )",195.0,39.0,0.0,0.0,[],
1788,1422.0,4638,1516712,,,,,,,,"E-mail goes here hoping somebody , ANYBODY will add you . Your ex-clans with proud infront of them in their clan colors to seem like a legend . Clan signature here or your awards as if anybody cares . A wise quote to make you seem smart .",0,"e-mail goes here hoping somebody , anybody will add you . your ex-clans with proud infront of them in their clan colors to seem like a legend . clan signature here or your awards as if anybody cares . a wise quote to make you seem smart .",238.0,48.0,0.0,0.0,[],
1052,1838.0,7166,1591150,,,,,,,,"' Matteo ( from Shiny Frog ) got in touch with me and said that they had made an app once that was never published , something that had some similarities with my idea . The code was already there , so they could reuse it and produce something very quickly .",0,"' matteo ( from shiny frog ) got in touch with me and said that they had made an app once that was never published , something that had some similarities with my idea . the code was already there , so they could reuse it and produce something very quickly .",257.0,52.0,0.0,0.0,[],
1750,1906.0,8610,30496,,,,,,,,"How do you know that ? They have n't communicated at all with their customers besides saying that orders should be shipped within a few weeks . That says absolutely nothing about when they may have more stock in place for others to buy . I could potentially be waiting two months or more to be able to just place my order , much less receive it .",0,"how do you know that ? they have n't communicated at all with their customers besides saying that orders should be shipped within a few weeks . that says absolutely nothing about when they may have more stock in place for others to buy . i could potentially be waiting two months or more to be able to just place my order , much less receive it .",346.0,68.0,0.0,0.0,[],
1173,2011.0,4731,679145,,,,,,,,"Arthur Brisbane , public editor of the New York Times , skipped onto this scene seemingly unaware of these events . And he basically blurted out what I just explained to you when he asked the users of the New York Times : so whaaddaya think ... should we put truthtelling back up there at number one ?",0,"arthur brisbane , public editor of the new york times , skipped onto this scene seemingly unaware of these events . and he basically blurted out what i just explained to you when he asked the users of the new york times : so whaaddaya think ... should we put truthtelling back up there at number one ?",301.0,58.0,0.0,0.0,[],
1299,1613.0,4325,1590719,,,,,,,,MOLLY COLLEEN O'CONNELL is a member of the Closed Caption Comics arts-collective . I have in stock her recent Domino Books release .,0,molly colleen o'connell is a member of the closed caption comics arts-collective . i have in stock her recent domino books release .,132.0,23.0,0.0,0.0,[],
1683,1640.0,7931,1387106,,,,,,,,"For example , in California , the impact will be felt more in the south than it will in the state 's north or in Oregon and Washington , Cayan said . Two trends contribute to that phenomenon , he said .",0,"for example , in california , the impact will be felt more in the south than it will in the state 's north or in oregon and washington , cayan said . two trends contribute to that phenomenon , he said .",202.0,42.0,0.0,0.0,[],
1738,1523.0,5029,384018,,,,,,,,34 . Department north of Paris : OISE The department in northern France known as Oise is named for the River Oise .,0, . department north of paris : oise the department in northern france known as oise is named for the river oise .,113.0,22.0,0.0,0.0,[],
990,2098.0,6591,734186,,,,,,,,SR : This is functionality primarily in individual real estate agent regardless of whether they 're at a nationwide brokerage or a local brokerage . It 's workflow and digital marketing technology for the individual agent .,0,sr : this is functionality primarily in individual real estate agent regardless of whether they 're at a nationwide brokerage or a local brokerage . it 's workflow and digital marketing technology for the individual agent .,223.0,37.0,0.0,0.0,[],
1470,1819.0,6849,282914,,,,,,,,"Today I lost the ability to see my Windows Server 2008 R2 shares from any of my 3 Windows XP machines in my small office . The 5 Win7 machines have n't been affected ( they are still able to browse/access the 2008 server ) , but none of my WinXP machines can access the 2008R2 server anymore . Yesterday ( and for the previous year ) everything was working fine . I do not have a domain setup . I can still access Win7 shares from WinXP clients .",0,"today i lost the ability to see my windows server  r shares from any of my  windows xp machines in my small office . the  win machines have n't been affected ( they are still able to browse/access the  server ) , but none of my winxp machines can access the r server anymore . yesterday ( and for the previous year ) everything was working fine . i do not have a domain setup . i can still access win shares from winxp clients .",428.0,86.0,0.0,0.0,[],
967,2170.0,886,1323644,,,,,,,,"Google have been nagging me for months to provide them with a number every time I have to login , and they wo n't leave me logged in for more than a couple of weeks . I just use the Skip option . If they get to the stage where it becomes mandatory , then they 'll get a fake number . If I forget my password - which is the only reason they think they need it - then it 's my problem .",0,"google have been nagging me for months to provide them with a number every time i have to login , and they wo n't leave me logged in for more than a couple of weeks . i just use the skip option . if they get to the stage where it becomes mandatory , then they 'll get a fake number . if i forget my password - which is the only reason they think they need it - then it 's my problem .",384.0,85.0,0.0,0.0,[],
1702,2199.0,2540,278554,,,,,,,,"Assuming no process in the body ever breaks it down first . Your limiting assumptions are astounding . It 's unbelievable that given a complete void of any pharmacokinetic data , you make such definitive proclamations .",0,"assuming no process in the body ever breaks it down first . your limiting assumptions are astounding . it 's unbelievable that given a complete void of any pharmacokinetic data , you make such definitive proclamations .",219.0,37.0,0.0,0.0,[],
1502,1619.0,7172,886005,,,,,,,,"The first 30 days of work sets the tone for the balance of an employee 's stay with you . If you engage individuals such as Florence in a more purposeful way , there are fewer chances for mis-steps to be taken . The opportunities for engrossed employees who are loyal because they believe in the work that you are doing , understand their role more fully @ @ @ @ @ @ @ @ @ @ huge .",0,"the first  days of work sets the tone for the balance of an employee 's stay with you . if you engage individuals such as florence in a more purposeful way , there are fewer chances for mis-steps to be taken . the opportunities for engrossed employees who are loyal because they believe in the work that you are doing , understand their role more fully @ @ @ @ @ @ @ @ @ @ huge .",379.0,78.0,0.0,0.0,[],
1511,1620.0,739,968079,,,,,,,,"On the day , Pablo Sandoval went 2-5 with a RBI . This was his first multi-hit game since August 18th . Over that time span the Panda saw his once respectable batting average drop from .300 to as low as .281 prior to Sunday 's game . Although his batting @ @ @ @ @ @ @ @ @ @ period by scoring 7 runs and knocking in 11 RBI 's . Pablo still has yet to homer since the All-Star break with his last home run coming right before the break on July 8th .",0,"on the day , pablo sandoval went - with a rbi . this was his first multi-hit game since august th . over that time span the panda saw his once respectable batting average drop from . to as low as . prior to sunday 's game . although his batting @ @ @ @ @ @ @ @ @ @ period by scoring  runs and knocking in  rbi 's . pablo still has yet to homer since the all-star break with his last home run coming right before the break on july th .",434.0,95.0,0.0,0.0,[],
1030,1949.0,904,406818,,,,,,,,"The National Heart Lung and Blood Institute offered some evidence as to why we 're eating more saying that , "" Food portions in America 's restaurants have doubled or tripled over the last 20 years , a key factor that is contributing to a potentially devastating increase in obesity among children and adults . """,0,"the national heart lung and blood institute offered some evidence as to why we 're eating more saying that , "" food portions in america 's restaurants have doubled or tripled over the last  years , a key factor that is contributing to a potentially devastating increase in obesity among children and adults . """,310.0,55.0,0.0,0.0,[],
1177,1881.0,1141,1586395,,,,,,,,"At one restaurant , as a kind of joke , I asked "" What is best ? "" , not even expecting my English to be understood . The waiter became very excited and opened the menu to a page entitled "" Best food , "" which listed five dishes . I ordered two of them .",0,"at one restaurant , as a kind of joke , i asked "" what is best ? "" , not even expecting my english to be understood . the waiter became very excited and opened the menu to a page entitled "" best food , "" which listed five dishes . i ordered two of them .",254.0,57.0,0.0,0.0,[],
1311,1235.0,4005,1538644,,,,,,,,"I find it amusing how british people like to drink tea all the time , ( sorry for sterotyping , but that probably is n't true that everone drinks tea who is british ) I can not understand why would someone want to drink boiling hot tea during summer .",0,"i find it amusing how british people like to drink tea all the time , ( sorry for sterotyping , but that probably is n't true that everone drinks tea who is british ) i can not understand why would someone want to drink boiling hot tea during summer .",251.0,50.0,0.0,0.0,[],
1399,1358.0,4468,1681196,,,,,,,,"I 'm ok with ? , as long as it changes to ? on March 14 th . posted by bonehead at 11:08 AM on March 2",0,"i 'm ok with ? , as long as it changes to ? on march  th . posted by bonehead at : am on march ",95.0,25.0,0.0,0.0,[],
1441,1985.0,7378,584029,,,,,,,,"Hot Run ? A torpedo which lodges @ @ @ @ @ @ @ @ @ @ without being fired . A very dangerous situation , as the torpedo ? s warhead could easily "" cook off "" from the heat buildup .",0,"hot run ? a torpedo which lodges @ @ @ @ @ @ @ @ @ @ without being fired . a very dangerous situation , as the torpedo ? s warhead could easily "" cook off "" from the heat buildup .",180.0,43.0,0.0,0.0,[],
1189,1755.0,3151,985931,,,,,,,,""" My husband is addicted to his smartphone , "" Yvette Potts Crumpley wrote on Facebook . "" It took several arguments to finally come to an agreement -- he will try not to be on the phone when we are out together , and I will try not to complain when he is on at home . """,0,""" my husband is addicted to his smartphone , "" yvette potts crumpley wrote on facebook . "" it took several arguments to finally come to an agreement -- he will try not to be on the phone when we are out together , and i will try not to complain when he is on at home . """,270.0,59.0,0.0,0.0,[],
982,1402.0,595,753061,,,,,,,,I 'm always nervous about going to the cool new spot in town mainly because .... it 's filled with people who want to be at the cool new spot .,0,i 'm always nervous about going to the cool new spot in town mainly because .... it 's filled with people who want to be at the cool new spot .,143.0,31.0,0.0,0.0,[],
1301,2118.0,8418,906523,,,,,,,,"Naomi is mistaken by her view "" Many protesters insist in remaining leaderless , which is a mistake "" . Remember , If you @ @ @ @ @ @ @ @ @ @ out a head , there is only a body to target . The OWS body has grown too large .",0,"naomi is mistaken by her view "" many protesters insist in remaining leaderless , which is a mistake "" . remember , if you @ @ @ @ @ @ @ @ @ @ out a head , there is only a body to target . the ows body has grown too large .",222.0,54.0,0.0,0.0,[],
1609,1516.0,2780,529219,,,,,,,,"We have been working on our webpage . We are totally redoing it and giving it a different look . The blog will be moving to that page as well . At this point , we will leave this blog here , but we were able to transfer over the posts from this blog to the new one . When we are ready to go live , we will post a link here . <h> Monday , February 27 , 2012",0,"we have been working on our webpage . we are totally redoing it and giving it a different look . the blog will be moving to that page as well . at this point , we will leave this blog here , but we were able to transfer over the posts from this blog to the new one . when we are ready to go live , we will post a link here .  monday , february  , ",347.0,78.0,0.0,0.0,[],
1437,1304.0,6017,1279906,,,,,,,,I think Everett 's argument are so well constructed . But perhaps his style can only work for people who already have a bunch of followers .,0,i think everett 's argument are so well constructed . but perhaps his style can only work for people who already have a bunch of followers .,140.0,27.0,0.0,0.0,[],
1599,1306.0,5795,860563,,,,,,,,"Thanks to Simon for another excellent post and to Lambert Strether for highlighting the need for a phrase that might popularize the perils of "" rent-seeking "" behavior .",0,"thanks to simon for another excellent post and to lambert strether for highlighting the need for a phrase that might popularize the perils of "" rent-seeking "" behavior .",169.0,29.0,0.0,0.0,[],
1138,2134.0,9346,357127,,,,,,,,"Also , It is written , "" You shall not make for yourselves carved images-any likeness or that is in the water under the earth . You shall not bow down to them nor serve them . For I , @ @ @ @ @ @ @ @ @ @",0,"also , it is written , "" you shall not make for yourselves carved images-any likeness or that is in the water under the earth . you shall not bow down to them nor serve them . for i , @ @ @ @ @ @ @ @ @ @",203.0,50.0,0.0,0.0,[],
968,1652.0,2681,852203,,,,,,,,""" I 'm confused . I thought this would work like all the similar products I 've bought in the past , but I keep urinating on it and it wo n't turn pink *OR* blue ! """,0,""" i 'm confused . i thought this would work like all the similar products i 've bought in the past , but i keep urinating on it and it wo n't turn pink *or* blue ! """,165.0,38.0,0.0,0.0,[],
1051,1988.0,134,100442,,,,,,,,"I miss my friends desperately . True , I have new friends in sobriety , but they do not share the intimacy and history I miss . I call my old friends occasionally , invite them over for dessert or walks , but they do not reciprocate , ever .",0,"i miss my friends desperately . true , i have new friends in sobriety , but they do not share the intimacy and history i miss . i call my old friends occasionally , invite them over for dessert or walks , but they do not reciprocate , ever .",241.0,50.0,0.0,0.0,[],
974,2094.0,9619,921640,,,,,,,,"I know that many of you are ardent fans of menu planning already , but for others , it just feels like one more overwhelming task to add to your already busy week . It does n't matter how often you read "" It 'll save you time in the long-run "" , in the short-run , it 's all too much !",0,"i know that many of you are ardent fans of menu planning already , but for others , it just feels like one more overwhelming task to add to your already busy week . it does n't matter how often you read "" it 'll save you time in the long-run "" , in the short-run , it 's all too much !",285.0,63.0,0.0,0.0,[],
1658,1747.0,6156,1057257,,,,,,,,"She is hot , but her book about Petraeus is rubbish.Nothing more than a hagiography @ @ @ @ @ @ @ @ @ @ some of the stuff Jon has to do in his capacity as an Associate Minister of Propaganda ...",0,"she is hot , but her book about petraeus is rubbish.nothing more than a hagiography @ @ @ @ @ @ @ @ @ @ some of the stuff jon has to do in his capacity as an associate minister of propaganda ...",194.0,43.0,0.0,0.0,[],
1794,2018.0,1417,97599,,,,,,,,"Natural selection sculpts human thought across generations and at geologic time scales . Fitness is its tool , and human nature , our shared endowment as members of a species , is among its key effects . Although the thought life of each @ @ @ @ @ @ @ @ @ @ that transcend racial , cultural and occupational differences ; similarly , although the face of each person is unique , one can discern patterns of physiognomy -- two eyes above a nose above a mouth -- that transcend individual differences .",0,"natural selection sculpts human thought across generations and at geologic time scales . fitness is its tool , and human nature , our shared endowment as members of a species , is among its key effects . although the thought life of each @ @ @ @ @ @ @ @ @ @ that transcend racial , cultural and occupational differences ; similarly , although the face of each person is unique , one can discern patterns of physiognomy -- two eyes above a nose above a mouth -- that transcend individual differences .",500.0,94.0,0.0,0.0,[],
1243,1418.0,2001,799098,,,,,,,,"NO where does it say its ok for these to exist . He is pretty much feels that they have gone to far . To far for you , sure . Then do nt buy it . But do nt take it from those that would want it .",0,"no where does it say its ok for these to exist . he is pretty much feels that they have gone to far . to far for you , sure . then do nt buy it . but do nt take it from those that would want it .",195.0,49.0,0.0,0.0,[],
1200,1302.0,2495,263814,,,,,,,,"Oh and I should had , his skin tone did not look so sickly when I originally chose it and somehow now I think he looks like he suffers from some skin condition ... Sometimes I hate skintones .",0,"oh and i should had , his skin tone did not look so sickly when i originally chose it and somehow now i think he looks like he suffers from some skin condition ... sometimes i hate skintones .",192.0,39.0,0.0,0.0,[],
1681,1876.0,8778,91470,,,,,,,,"I did the song out here in Los Angeles . We were just brainstorming , trying to come up with some different things . I sort of set out in a direction for the European crowd , with the fast tempos , I wanted to get a song together that would move people . And then there it was , it was just the magic in the air .",0,"i did the song out here in los angeles . we were just brainstorming , trying to come up with some different things . i sort of set out in a direction for the european crowd , with the fast tempos , i wanted to get a song together that would move people . and then there it was , it was just the magic in the air .",313.0,69.0,0.0,0.0,[],
1209,1702.0,3979,285061,,,,,,,,Suzanne and Tiffany just to give you an update from an inside source . Rikers &; the Boat house are safe . Tiffany did your boyfriend contact you ? Let me know . Please pass it on Rikers Island is safe and sound <h> SEARCH <h> Follow Us <h> About Solitary Watch,0,suzanne and tiffany just to give you an update from an inside source . rikers &; the boat house are safe . tiffany did your boyfriend contact you ? let me know . please pass it on rikers island is safe and sound  search  follow us  about solitary watch,252.0,49.0,0.0,0.0,[],
1817,1284.0,9941,1058942,,,,,,,,I was all set to give my neighbor the Dickhead of the Day Award ( for an earlier encounter ) . Then I had to go and read this thread .,0,i was all set to give my neighbor the dickhead of the day award ( for an earlier encounter ) . then i had to go and read this thread .,134.0,31.0,0.0,0.0,[],
1497,1403.0,7833,1666923,,,,,,,,"Dr. Van Helsing said gravely , "" Madam Mina , you are , as always , most wise . You shall with us come . And together we shall do that which we go forth to achieve . """,0,"dr. van helsing said gravely , "" madam mina , you are , as always , most wise . you shall with us come . and together we shall do that which we go forth to achieve . """,167.0,39.0,0.0,0.0,[],
981,2025.0,1116,745631,,,,,,,,"Later , I take the frozen pie out of the freezer , put it in the fridge for about 24 @ @ @ @ @ @ @ @ @ @ ( 350 F for about 15 minutes ; just to warm it up ) or the microwave for a few minutes . <h> Alternative Cooking methods for step 4",0,"later , i take the frozen pie out of the freezer , put it in the fridge for about  @ @ @ @ @ @ @ @ @ @ (  f for about  minutes ; just to warm it up ) or the microwave for a few minutes .  alternative cooking methods for step ",225.0,54.0,0.0,0.0,[],
1598,1228.0,9870,528575,,,,,,,,Colletti has said it over and over . These owners have given him license to think boldly . There 's really only one signing out there that qualifies as truly bold .,0,colletti has said it over and over . these owners have given him license to think boldly . there 's really only one signing out there that qualifies as truly bold .,164.0,32.0,0.0,0.0,[],
1012,1764.0,859,1142486,,,,,,,,"I waited for the right time , when she was n't upset or overstimulated by anything . Sort of a clam state where I knew she could listen .",0,"i waited for the right time , when she was n't upset or overstimulated by anything . sort of a clam state where i knew she could listen .",137.0,29.0,0.0,0.0,[],
1033,1328.0,3238,336514,,,,,,,,"One other interesting point : In January Ford will begin selling plug-in models of the C-Max with 20 mile all electric range before switching to hybrid mode . If I did n't have @ @ @ @ @ @ @ @ @ @ with those costing around $30k it did n't seem worth it to me , but for someone with a short commute or who just drives around town for the most part it 's going to be a helluva buy .",0,"one other interesting point : in january ford will begin selling plug-in models of the c-max with  mile all electric range before switching to hybrid mode . if i did n't have @ @ @ @ @ @ @ @ @ @ with those costing around $k it did n't seem worth it to me , but for someone with a short commute or who just drives around town for the most part it 's going to be a helluva buy .",376.0,82.0,0.0,0.0,[],
1562,1475.0,1202,239576,,,,,,,,"Everyone who wants to be a character designer should be required to take years of traditional animation classes . Nothing teaches you how crappy and disfunctional your designs are like drawing them over and over and making them move ! People think character design is drawing your character in one or two poses , turning it over to the animators and then kicking back . Not so .",0,"everyone who wants to be a character designer should be required to take years of traditional animation classes . nothing teaches you how crappy and disfunctional your designs are like drawing them over and over and making them move ! people think character design is drawing your character in one or two poses , turning it over to the animators and then kicking back . not so .",378.0,68.0,0.0,0.0,[],
1842,1509.0,3469,1648712,,,,,,,,"Your first step might be to watch a friend brew or attend a class . Or you might start with the directions in brew kit or a book like Charlie Papazian ? ? s beloved The Complete Joy of Homebrewing , first published in 1984 . Today you can even watch videos on YouTube or subscribe to Podcasts like Basic Brewing . There are even newsgroups and forums on homebrewing you can find on the internet . And every city has homebrew clubs where community is formed and information and techniques are traded and improved upon .",0,"your first step might be to watch a friend brew or attend a class . or you might start with the directions in brew kit or a book like charlie papazian ? ? s beloved the complete joy of homebrewing , first published in  . today you can even watch videos on youtube or subscribe to podcasts like basic brewing . there are even newsgroups and forums on homebrewing you can find on the internet . and every city has homebrew clubs where community is formed and information and techniques are traded and improved upon .",514.0,96.0,0.0,0.0,[],
1133,1864.0,7415,1117438,,,,,,,,"ROBINSON What I mean by @ @ @ @ @ @ @ @ @ @ South , under Jim Crow in the 1950 's .",0,"robinson what i mean by @ @ @ @ @ @ @ @ @ @ south , under jim crow in the  's .",79.0,24.0,0.0,0.0,[],
1654,1645.0,8797,607832,,,,,,,,"Whether Darcy believed him or not , he gave no indication . "" If it is your wish . """,0,"whether darcy believed him or not , he gave no indication . "" if it is your wish . """,84.0,20.0,0.0,0.0,[],
1561,1192.0,7063,1603369,,,,,,,,"Mary Jo has covered the tech industry for more than 25 years for @ @ @ @ @ @ @ @ @ @ a frequent guest on radio , TV and podcasts , speaking about all things Microsoft-related . She is the author of Microsoft 2.0 : How Microsoft plans to stay relevant in the post-Gates era ( John Wiley &; Sons , 2008 ) . <h> Talkback <h> Same Kernel",0,"mary jo has covered the tech industry for more than  years for @ @ @ @ @ @ @ @ @ @ a frequent guest on radio , tv and podcasts , speaking about all things microsoft-related . she is the author of microsoft . : how microsoft plans to stay relevant in the post-gates era ( john wiley &; sons ,  ) .  talkback  same kernel",319.0,67.0,0.0,0.0,[],
1053,1974.0,5785,429946,,,,,,,,No passport is required to return to the US mainland from Pr . I 've done it many times . Re-enry would not be an accurate term for returning . Dummy .,0,no passport is required to return to the us mainland from pr . i 've done it many times . re-enry would not be an accurate term for returning . dummy .,151.0,32.0,0.0,0.0,[],
1742,1839.0,1556,826907,,,,,,,,"I 'm going against the grain and saying yes , you need a math @ @ @ @ @ @ @ @ @ @ or memorizing arcane formulas . This is like asking if you need perfect spelling or an extraordinary vocabulary to be a good writer .",0,"i 'm going against the grain and saying yes , you need a math @ @ @ @ @ @ @ @ @ @ or memorizing arcane formulas . this is like asking if you need perfect spelling or an extraordinary vocabulary to be a good writer .",215.0,48.0,0.0,0.0,[],
1600,1233.0,4585,1288764,,,,,,,,"I do n't usually like Sarah on most challenges , but I 'm loving her this season . She 's sees things in the challenges that no one else does and Brooklyn has become a nice little band of misfit underdogs . Really hate Zach and Frank . Sam has much more patience than I would with those tools .",0,"i do n't usually like sarah on most challenges , but i 'm loving her this season . she 's sees things in the challenges that no one else does and brooklyn has become a nice little band of misfit underdogs . really hate zach and frank . sam has much more patience than i would with those tools .",294.0,60.0,0.0,0.0,[],
1439,1339.0,6505,507681,,,,,,,,Olivine* : Olivine in rocks is an olive green to greenish yellow . In rocks it is in rounded grains . If there is much of @ @ @ @ @ @ @ @ @ @ mostly in dark colored igneous rocks .,0,olivine* : olivine in rocks is an olive green to greenish yellow . in rocks it is in rounded grains . if there is much of @ @ @ @ @ @ @ @ @ @ mostly in dark colored igneous rocks .,180.0,43.0,0.0,0.0,[],
1235,1714.0,5113,445842,,,,,,,,"The city with the lowest stability score ( 20/100 ) is Karachi . Other cities with below 50/100 scores include Abidjan , Harare , Lagos and Port Moresby .",0,"the city with the lowest stability score ( / ) is karachi . other cities with below / scores include abidjan , harare , lagos and port moresby .",144.0,29.0,0.0,0.0,[],
1303,1156.0,3671,753158,,,,,,,,"The Living Room at the W is a pretty nice upscale type of bar . My wife and I went , I had a beer and she had a raspberry lemonade ( berry infused vodka drink ) . Was it expensive , yes , but the atmosphere was very nice . @ @ @ @ @ @ @ @ @ @ frequenting ? No , it 's not really my style it is uptight and caters to a ' wan na be ' and pretentious crowd . Just not my type of place . <h> Review from Nickie G.",0,"the living room at the w is a pretty nice upscale type of bar . my wife and i went , i had a beer and she had a raspberry lemonade ( berry infused vodka drink ) . was it expensive , yes , but the atmosphere was very nice . @ @ @ @ @ @ @ @ @ @ frequenting ? no , it 's not really my style it is uptight and caters to a ' wan na be ' and pretentious crowd . just not my type of place .  review from nickie g.",406.0,98.0,0.0,0.0,[],
1042,1176.0,8367,428681,,,,,,,,How could a person seriously claim that Jesus is God when Jesus gained his message from someone else - God ? How could they think Jesus is God when Jesus is seeing his disciples on the same level because he has revealed to them what God revealed to him ?,0,how could a person seriously claim that jesus is god when jesus gained his message from someone else - god ? how could they think jesus is god when jesus is seeing his disciples on the same level because he has revealed to them what god revealed to him ?,254.0,50.0,0.0,0.0,[],
1065,1770.0,2934,290679,,,,,,,,"I 'll be getting back to the Atlantean part of all this a bit more in the next post of this series , but for now I 'm dragging out the Ed Chiarini aspect of it again because I 'm getting all those "" tiki is Ed "" comments . I 'm not Ed .",0,"i 'll be getting back to the atlantean part of all this a bit more in the next post of this series , but for now i 'm dragging out the ed chiarini aspect of it again because i 'm getting all those "" tiki is ed "" comments . i 'm not ed .",236.0,55.0,0.0,0.0,[],
1098,1636.0,8732,421912,,,,,,,,"I try to go ahead in the program anyway and in one of the first instruction videos , David Wood states that he wo n't even talk to someone that 's not "" all-in "" . He said that if anyone tries to get ahold of him , that is not "" all-in "" , he wo n't answer their question or even reply . So I passed on the whole scam and lost $39.95 .",0,"i try to go ahead in the program anyway and in one of the first instruction videos , david wood states that he wo n't even talk to someone that 's not "" all-in "" . he said that if anyone tries to get ahold of him , that is not "" all-in "" , he wo n't answer their question or even reply . so i passed on the whole scam and lost $. .",331.0,76.0,0.0,0.0,[],
1405,2099.0,7617,945622,,,,,,,,WEEI 's MICHAEL BERGER HAS PRODUCED notable mid-day shows like Dale &; Holley and Mut &; Merloni . He knows how to develop a radio team and he knows how to pick a story . Berger does n't see an issue-oriented show making its way into the radio rotation any time soon .,0,weei 's michael berger has produced notable mid-day shows like dale &; holley and mut &; merloni . he knows how to develop a radio team and he knows how to pick a story . berger does n't see an issue-oriented show making its way into the radio rotation any time soon .,268.0,53.0,0.0,0.0,[],
1070,1375.0,8377,584845,,,,,,,,"I think this is a GREAT project . No disrespect to Mary , but I know my two children would love it . And most importantly would be very proud @ @ @ @ @ @ @ @ @ @ in the next several weeks .",0,"i think this is a great project . no disrespect to mary , but i know my two children would love it . and most importantly would be very proud @ @ @ @ @ @ @ @ @ @ in the next several weeks .",189.0,46.0,0.0,0.0,[],
1347,2029.0,8928,758932,,,,,,,,The operationalization of social capital described below is more specific : The social capital measured here is an outcome rather than the network itself . This does not preclude network analysts ' use of the measures . It simply suggests that the networks are the causal agents or moderators of the social capital measured by the scales .,0,the operationalization of social capital described below is more specific : the social capital measured here is an outcome rather than the network itself . this does not preclude network analysts ' use of the measures . it simply suggests that the networks are the causal agents or moderators of the social capital measured by the scales .,339.0,58.0,0.0,0.0,[],
1796,1472.0,6887,954341,,,,,,,,"This blocking pattern off the east coast is modeled on the 12Z European model below . Look for the shape resembling the Greek letter omega . An "" omega block "" @ @ @ @ @ @ @ @ @ @ preventing Sandy from heading out to sea .",0,"this blocking pattern off the east coast is modeled on the z european model below . look for the shape resembling the greek letter omega . an "" omega block "" @ @ @ @ @ @ @ @ @ @ preventing sandy from heading out to sea .",220.0,49.0,0.0,0.0,[],
1582,1161.0,6879,1045997,,,,,,,,"Hi Nelah , the eye-popping bright colours are over for me . I 'm really looking for the comfort food equivalent of colour these days ! Looking forward to your new blogging venture , please keep me posted . In the meantime , hope all is well with you and your",0,"hi nelah , the eye-popping bright colours are over for me . i 'm really looking for the comfort food equivalent of colour these days ! looking forward to your new blogging venture , please keep me posted . in the meantime , hope all is well with you and your",258.0,51.0,0.0,0.0,[],
1124,2102.0,3144,61865,,,,,,,,"Fingle is a cooperative two-player iPad game about the thrills of touching each other on a multi-touch device . It 's a game where you playfully encounter the touch of another 's fingers . Just you and a friend , getting to know one another . Awkward or thrilled , touch and see how you feel .",0,"fingle is a cooperative two-player ipad game about the thrills of touching each other on a multi-touch device . it 's a game where you playfully encounter the touch of another 's fingers . just you and a friend , getting to know one another . awkward or thrilled , touch and see how you feel .",293.0,57.0,0.0,0.0,[],
1799,1606.0,3492,1269706,,,,,,,,"##572731 is not Java-enabled . Please enable Java and Java Script by clicking on your Browser 's "" PREFERENCES "" area . If you do n't not wish to enable Java , you will not be able to view all of the information available on this website . Java is used extensively .",0,"## is not java-enabled . please enable java and java script by clicking on your browser 's "" preferences "" area . if you do n't not wish to enable java , you will not be able to view all of the information available on this website . java is used extensively .",260.0,53.0,0.0,0.0,[],
956,1783.0,4709,1084571,,,,,,,,It 's always fun to come up here and get whipped about in the wind and lean against it 's push . We had to belt it down the hill again as the rain descended . But it would n't be a mini adventure without a few mishaps.,0,it 's always fun to come up here and get whipped about in the wind and lean against it 's push . we had to belt it down the hill again as the rain descended . but it would n't be a mini adventure without a few mishaps.,218.0,48.0,0.0,0.0,[],
1809,1466.0,8890,824188,,,,,,,,"Please , be honest . What 's it mean and what have you done ? Can I just be another risk you 're running ? now What 's it mean and what have you done ? Can I just be another risk you 're running ? Can I ? It 's simple , soaked and always on my mind . It 's simple , soaked and always on my mind . I 'm dying .",0,"please , be honest . what 's it mean and what have you done ? can i just be another risk you 're running ? now what 's it mean and what have you done ? can i just be another risk you 're running ? can i ? it 's simple , soaked and always on my mind . it 's simple , soaked and always on my mind . i 'm dying .",309.0,75.0,0.0,0.0,[],
1613,1120.0,9919,320923,,,,,,,,"At Fun Fun Fun Fest 2011 , I felt like Ryan Gosling 's reluctant shadow , never quite catching him , always doomed to follow . I did n't mean to , mind you . It just seemed that he was everywhere , everywhere but my immediate five-foot radius , and each time I moved to a new location a friend would grab me to ask if I had just seen Ryan Gosling .",0,"at fun fun fun fest  , i felt like ryan gosling 's reluctant shadow , never quite catching him , always doomed to follow . i did n't mean to , mind you . it just seemed that he was everywhere , everywhere but my immediate five-foot radius , and each time i moved to a new location a friend would grab me to ask if i had just seen ryan gosling .",344.0,73.0,0.0,0.0,[],
1701,1909.0,3749,1537738,,,,,,,,"We invite you to experience Love Is In The Air 's creative menus , our outstanding presentations and exceptional service . We use the freshest ingredients and time-tested recipes . Love Is In The Air is a full-service event company providing decor , cakes , catering , flowers , calligraphy and paper products for every type of event . We are known for handcrafting each event , providing the utmost attention to detail and giving you the "" wow "" moment you are looking for .",0,"we invite you to experience love is in the air 's creative menus , our outstanding presentations and exceptional service . we use the freshest ingredients and time-tested recipes . love is in the air is a full-service event company providing decor , cakes , catering , flowers , calligraphy and paper products for every type of event . we are known for handcrafting each event , providing the utmost attention to detail and giving you the "" wow "" moment you are looking for .",475.0,86.0,0.0,0.0,[],
1526,2067.0,4027,1304999,,,,,,,,"He became a freelancer in 1959 and would continue to take portraits into the 1980s . Lucas ' work was celebrated in international exhibitions and is found in the National Portrait Gallery ( UK ) and the National Museum of Photography ( UK ) . His achievements were recognized when he received the first ever "" BAFTA "" ( the British Oscar ) for a photographer in 1998 . The Royal Mail also issued a series of postage stamps featuring Lucas ' portraits and labeled "" Photograph by Cornel Lucas "" in 1985 .",0,"he became a freelancer in  and would continue to take portraits into the s . lucas ' work was celebrated in international exhibitions and is found in the national portrait gallery ( uk ) and the national museum of photography ( uk ) . his achievements were recognized when he received the first ever "" bafta "" ( the british oscar ) for a photographer in  . the royal mail also issued a series of postage stamps featuring lucas ' portraits and labeled "" photograph by cornel lucas "" in  .",487.0,91.0,0.0,0.0,[],
1710,1438.0,8912,149852,,,,,,,,Why ca n't it simply be accepted that it 's good to feel strong ? Krista Scott-Dixon has some good tips for women who want to lift weights .,0,why ca n't it simply be accepted that it 's good to feel strong ? krista scott-dixon has some good tips for women who want to lift weights .,140.0,29.0,0.0,0.0,[],
1758,1425.0,9856,540529,,,,,,,,I have a friend from Indiana who moved to New England who still says she 's going to warsh her clothes instead of wash them . She 's cute so she can get away with it .,0,i have a friend from indiana who moved to new england who still says she 's going to warsh her clothes instead of wash them . she 's cute so she can get away with it .,167.0,37.0,0.0,0.0,[],
1691,1641.0,4572,1043357,,,,,,,,You have a runny nose and a minor scratchy throat . Can you still work out ? <h> Answer : Go For It,0,you have a runny nose and a minor scratchy throat . can you still work out ?  answer : go for it,96.0,22.0,0.0,0.0,[],
1518,1925.0,1961,1014424,,,,,,,,"But that 's not all . Dolgoff , once again , takes it one step further and says computers will also have emotions , creativity , and personality and will work as assistants and friends to their human counterparts . ( Screech 's robot , Kevin , from Saved By the Bell comes to mind ! ) .",0,"but that 's not all . dolgoff , once again , takes it one step further and says computers will also have emotions , creativity , and personality and will work as assistants and friends to their human counterparts . ( screech 's robot , kevin , from saved by the bell comes to mind ! ) .",286.0,58.0,0.0,0.0,[],
1823,1658.0,679,1212738,,,,,,,,"In Starfighters of Adumar , a later entry in the X-Wing Series , Wedge 's young guide falls for him and starts acting strangely .",0,"in starfighters of adumar , a later entry in the x-wing series , wedge 's young guide falls for him and starts acting strangely .",129.0,25.0,0.0,0.0,[],
1035,1947.0,9532,256625,,,,,,,,"Sarah Rennison at this point the traffic is horrible in that shopping center , I grew up down the street , I remember when there was Bel Aire Bowl , Joanns , Papa Murphys , Zapatas , JC Penney . I remember Wards to . The shopping center has changed so much , and it is awesome @ @ @ @ @ @ @ @ @ @ have something more community based .",0,"sarah rennison at this point the traffic is horrible in that shopping center , i grew up down the street , i remember when there was bel aire bowl , joanns , papa murphys , zapatas , jc penney . i remember wards to . the shopping center has changed so much , and it is awesome @ @ @ @ @ @ @ @ @ @ have something more community based .",334.0,73.0,0.0,0.0,[],
989,1656.0,50,1583790,,,,,,,,"Design East of La Brea is a monthly design event I co-host with Haily Zaki , Marissa Gluck and Erin Cullerton . Almost always east of La Brea . Learn more about past de Labs and sign up for our monthly @ @ @ @ @ @ @ @ @ @ my articles elsewhere",0,"design east of la brea is a monthly design event i co-host with haily zaki , marissa gluck and erin cullerton . almost always east of la brea . learn more about past de labs and sign up for our monthly @ @ @ @ @ @ @ @ @ @ my articles elsewhere",243.0,54.0,0.0,0.0,[],
1206,2145.0,2076,1544522,,,,,,,,""" Sleeping Beauty 's Castle "" is a structure that stands at the centre of the Disneyland Park at Disneyland Paris and is a continuation of a concept first seen at Disneyland in California . The castle is home to an Audio-Animatronic dragon , which at 27 metres from head to tail was the largest Animatronic figure ever built . <h> Castle of La Mota , Spain",0,""" sleeping beauty 's castle "" is a structure that stands at the centre of the disneyland park at disneyland paris and is a continuation of a concept first seen at disneyland in california . the castle is home to an audio-animatronic dragon , which at  metres from head to tail was the largest animatronic figure ever built .  castle of la mota , spain",351.0,65.0,0.0,0.0,[],
1403,2062.0,8221,1353999,,,,,,,,"... The problem is that people confuse functions and their derivatives ; they say that something is "" warm "" even though they mean that it 's "" getting warmer "" or vice versa .",0,"... the problem is that people confuse functions and their derivatives ; they say that something is "" warm "" even though they mean that it 's "" getting warmer "" or vice versa .",176.0,35.0,0.0,0.0,[],
1046,1355.0,2137,1265542,,,,,,,,"Merci beaucoup de nous partager ces magnifiques photos du pass ... <h> Andrew : 11th May 2010 - 04:43 GMT @ @ @ @ @ @ @ @ @ @ of America "" is actually the Chateau Frontenac in Quebec City , but I ca n't be sure . <h> Franny Wentzel : 11th May 2010 - 05:05 GMT",0,"merci beaucoup de nous partager ces magnifiques photos du pass ...  andrew : th may  - : gmt @ @ @ @ @ @ @ @ @ @ of america "" is actually the chateau frontenac in quebec city , but i ca n't be sure .  franny wentzel : th may  - : gmt",233.0,55.0,0.0,0.0,[],
1141,1790.0,439,1636054,,,,,,,,"The Village Weaver ( Ploceus cucullatus ) occur in a wide range of habitats , including woodlands and human habitation . It builds a large coarsely woven nest made of grass and leaf strips with a downward facing entrance which is suspended from a branch in a tree . 2-3 eggs are laid . This is a colonial breeder , so many nests may hang from one tree . Share this : <h> Like this : <h> About Christian Sperka",0,"the village weaver ( ploceus cucullatus ) occur in a wide range of habitats , including woodlands and human habitation . it builds a large coarsely woven nest made of grass and leaf strips with a downward facing entrance which is suspended from a branch in a tree . - eggs are laid . this is a colonial breeder , so many nests may hang from one tree . share this :  like this :  about christian sperka",401.0,78.0,0.0,0.0,[],
985,1665.0,6961,901950,,,,,,,,"Once the tube is opened and the magic is unleashed , the formula remains active for 9 months . But if you decide to stock up on reserves of LiLash so you 'll never again be without the world 's most popular purified eyelash serum , formulas in unopened tubes with unleashed magic remain active for 24 months !",0,"once the tube is opened and the magic is unleashed , the formula remains active for  months . but if you decide to stock up on reserves of lilash so you 'll never again be without the world 's most popular purified eyelash serum , formulas in unopened tubes with unleashed magic remain active for  months !",306.0,57.0,0.0,0.0,[],
1320,2141.0,5246,1248888,,,,,,,,IMO OWS people are making a big mistake by trying to make things better by working within the system . They should try to make things worse so the system is weakened to the point of being vulnerable to revolutionary change . Nothing less will matter .,0,imo ows people are making a big mistake by trying to make things better by working within the system . they should try to make things worse so the system is weakened to the point of being vulnerable to revolutionary change . nothing less will matter .,251.0,47.0,0.0,0.0,[],
1192,1502.0,3905,1201533,,,,,,,,"Nonsense . You let the cat out of the bag and said it most accurately when you said "" I AUTOMATICALLY ASSUME it is a lie "" .",0,"nonsense . you let the cat out of the bag and said it most accurately when you said "" i automatically assume it is a lie "" .",124.0,28.0,0.0,0.0,[],
1222,1576.0,4527,1078121,,,,,,,,"No , you 've got it backwards . She says she is some small part Native American - I do n't know , 1/16th or something like that - and @ @ @ @ @ @ @ @ @ @ at 6:51 PM on November 6 3 favorites",0,"no , you 've got it backwards . she says she is some small part native american - i do n't know , /th or something like that - and @ @ @ @ @ @ @ @ @ @ at : pm on november   favorites",182.0,46.0,0.0,0.0,[],
1649,1717.0,5594,957857,,,,,,,,"There is no evidence of any native dogs on Newfoundland . None . Except really old ones . I have some speculation from Farley Mowat that says they did , but it 's very unlikely that the Beothuck ever owned dogs .",0,"there is no evidence of any native dogs on newfoundland . none . except really old ones . i have some speculation from farley mowat that says they did , but it 's very unlikely that the beothuck ever owned dogs .",212.0,42.0,0.0,0.0,[],
1196,1522.0,8627,184620,,,,,,,,"With just a little bit of effort and planning on your part , @ @ @ @ @ @ @ @ @ @ ! <h> Comments",0,"with just a little bit of effort and planning on your part , @ @ @ @ @ @ @ @ @ @ !  comments",92.0,25.0,0.0,0.0,[],
1105,1313.0,4590,639067,,,,,,,,I believe there 's more to life than certainty There 's insecurity and things we do n't admit to And I am not afraid of all this frailty @ @ @ @ @ @ @ @ @ @ something more,0,i believe there 's more to life than certainty there 's insecurity and things we do n't admit to and i am not afraid of all this frailty @ @ @ @ @ @ @ @ @ @ something more,171.0,40.0,0.0,0.0,[],
1036,1739.0,6538,1681137,,,,,,,,"Oh , I had n't thought of that . I had assumed that you had answered a genuinely different question . ( Still , the same question for the discrete metric is more obvious in my view , cf. the other answer ) -- Ben Millwood Sep 21 at 10:55",0,"oh , i had n't thought of that . i had assumed that you had answered a genuinely different question . ( still , the same question for the discrete metric is more obvious in my view , cf. the other answer ) -- ben millwood sep  at :",231.0,49.0,0.0,0.0,[],
960,1811.0,2463,1048668,,,,,,,,"The chapters that allow you to play as Catwoman ( assuming you redeemed the one-time-use code included in Batman : Arkham City ) are few and far between . Still , her contributions are n't insubstantial . She 's got her own sidequests and cache of Riddler trophies to complete , and her method of navigation -- whipping between high ledges and effortlessly pouncing up walls -- is a breath of fresh air .",0,"the chapters that allow you to play as catwoman ( assuming you redeemed the one-time-use code included in batman : arkham city ) are few and far between . still , her contributions are n't insubstantial . she 's got her own sidequests and cache of riddler trophies to complete , and her method of navigation -- whipping between high ledges and effortlessly pouncing up walls -- is a breath of fresh air .",404.0,74.0,0.0,0.0,[],
1898,1722.0,5381,1663010,,,,,,,,The alternative would be to list all symbols except X in the import list ( there were a good couple hundred ) . But is n't that what hiding ( X ) is supposed to be short for anyway,0,the alternative would be to list all symbols except x in the import list ( there were a good couple hundred ) . but is n't that what hiding ( x ) is supposed to be short for anyway,180.0,39.0,0.0,0.0,[],
1147,1993.0,1362,577508,,,,,,,,"The HTTP response codes are equivalent to statuses in other protocols that have the same basic meanings . For example , a "" file not found "" error is equivalent to a 404 code , a server error is equivalent to a 5xx code , and so on .",0,"the http response codes are equivalent to statuses in other protocols that have the same basic meanings . for example , a "" file not found "" error is equivalent to a  code , a server error is equivalent to a xx code , and so on .",229.0,48.0,0.0,0.0,[],
1840,1633.0,339,205588,,,,,,,,Gov . Chris Christie of New Jersey appeared on a half-dozen morning talk shows on Tuesday to outline the difficulties his state still faced in the aftermath of the storm .,0,gov . chris christie of new jersey appeared on a half-dozen morning talk shows on tuesday to outline the difficulties his state still faced in the aftermath of the storm .,171.0,31.0,0.0,0.0,[],
1422,1558.0,790,643420,,,,,,,,"Rather than walking around a silent gallery staring and 2 dimensional artworks , visitors are encouraged to interact , hold , touch , feel and become part of the artwork itself -- leading some truly hilarious and funny photographs .",0,"rather than walking around a silent gallery staring and  dimensional artworks , visitors are encouraged to interact , hold , touch , feel and become part of the artwork itself -- leading some truly hilarious and funny photographs .",231.0,39.0,0.0,0.0,[],
1072,1628.0,8280,1110038,,,,,,,,"Expect more details about the Wii U 's online capabilities , including its Miiverse , to be revealed soon .",0,"expect more details about the wii u 's online capabilities , including its miiverse , to be revealed soon .",107.0,20.0,0.0,0.0,[],
1396,1363.0,848,1365548,,,,,,,,Liana : a woody vine that climbs on trees to spread its leaves above the canopy . Used to make rattan .,0,liana : a woody vine that climbs on trees to spread its leaves above the canopy . used to make rattan .,103.0,22.0,0.0,0.0,[],
1357,1841.0,8282,1253425,,,,,,,,European Space Agency 's Herschel telescope recently found a star spewing water into space . ( http : //bit.ly/kYhc1h ) . That is the first time I have heard of anything like this . Imagine the scope of life around the star ( once the radiation goes away that is : ) ) . The additional astonishing discovery is that such a process may be common with many ( all ? ) stars and thus water water maybe everywhere .,0,european space agency 's herschel telescope recently found a star spewing water into space . ( http : //bit.ly/kyhch ) . that is the first time i have heard of anything like this . imagine the scope of life around the star ( once the radiation goes away that is : ) ) . the additional astonishing discovery is that such a process may be common with many ( all ? ) stars and thus water water maybe everywhere .,409.0,80.0,0.0,0.0,[],
1079,1324.0,5585,736787,,,,,,,,"A living wall provides an interesting way to display your houseplants . Growing the plants vertically on the wall saves space while allowing the plants to act as your wall dcor . Succulent plants are well-suited to a living wall frame . These plants grow slowly and require very little water or fertilizer to thrive . Succulents come in many varieties and sizes , with some even providing small flowers . Combine several different types of succulents to add more visual interest to your wall design .",0,"a living wall provides an interesting way to display your houseplants . growing the plants vertically on the wall saves space while allowing the plants to act as your wall dcor . succulent plants are well-suited to a living wall frame . these plants grow slowly and require very little water or fertilizer to thrive . succulents come in many varieties and sizes , with some even providing small flowers . combine several different types of succulents to add more visual interest to your wall design .",500.0,87.0,0.0,0.0,[],
1483,1134.0,5466,1222551,,,,,,,,""" The magic of what she 's done is that in matching mobile web signals , it ( mobile advertising ) goes from being completely untargeted to having determined intent . "" <h> 17 . Julie Preis , SVP Product Management , Mocean Mobile",0,""" the magic of what she 's done is that in matching mobile web signals , it ( mobile advertising ) goes from being completely untargeted to having determined intent . ""   . julie preis , svp product management , mocean mobile",225.0,42.0,0.0,0.0,[],
1494,1399.0,8323,566631,,,,,,,,"And time after time , slippery Black beat the Huskies off the dribble , got to the rim and fearlessly scored over the big men . Not once did the Huskies knock him to the floor .",0,"and time after time , slippery black beat the huskies off the dribble , got to the rim and fearlessly scored over the big men . not once did the huskies knock him to the floor .",177.0,37.0,0.0,0.0,[],
1753,1178.0,4355,418257,,,,,,,,@ @ @ @ @ @ @ @ @ @ cars code 3 . CRASHES/near misses are are FAR MORE a result of other drivers who are playing with their MyFord Touchy systems and jaw jacking on the phone basically NOT PAYING ATTENTION .,0,@ @ @ @ @ @ @ @ @ @ cars code  . crashes/near misses are are far more a result of other drivers who are playing with their myford touchy systems and jaw jacking on the phone basically not paying attention .,206.0,43.0,0.0,0.0,[],
1693,1401.0,5930,1461601,,,,,,,,""" We just have to be tougher , "" Hinrich said . "" It 's hard to win in this league . You get into these back-and-forth games , and the team that makes @ @ @ @ @ @ @ @ @ @ just have to be a little bit smarter , a little bit tougher and make some plays .",0,""" we just have to be tougher , "" hinrich said . "" it 's hard to win in this league . you get into these back-and-forth games , and the team that makes @ @ @ @ @ @ @ @ @ @ just have to be a little bit smarter , a little bit tougher and make some plays .",252.0,62.0,0.0,0.0,[],
1067,1583.0,3385,1082325,,,,,,,,Never found a copy ? There were tons of copies selling on e-Bay for $15 brand new for the past couple of years .,0,never found a copy ? there were tons of copies selling on e-bay for $ brand new for the past couple of years .,110.0,24.0,0.0,0.0,[],
1619,2133.0,7860,640940,,,,,,,,""" Bernard McGinn has enriched the knowledge of our spiritual tradition as no other work in recent memory has done . "" -- The Thomist",0,""" bernard mcginn has enriched the knowledge of our spiritual tradition as no other work in recent memory has done . "" -- the thomist",132.0,25.0,0.0,0.0,[],
1532,1283.0,1890,1509516,,,,,,,,"So this week is in the books , it was a win but definitely does n't feel like one . I 'm sure they 're @ @ @ @ @ @ @ @ @ @ got away . But that is why Buffalo is 3-6 and has been on the skids for a long time now . And it 's precisely why the Patriots are 6-3 and have been on top for the past decade plus . ...",0,"so this week is in the books , it was a win but definitely does n't feel like one . i 'm sure they 're @ @ @ @ @ @ @ @ @ @ got away . but that is why buffalo is - and has been on the skids for a long time now . and it 's precisely why the patriots are - and have been on top for the past decade plus . ...",305.0,78.0,0.0,0.0,[],
1246,1268.0,7205,559708,,,,,,,,"Like Jean Renoir and Max Ophls , Paul Thomas Anderson 's films are characterized by a constantly moving camera . Like Franois Truffaut and Martin Scorsese , his films are the work of a true "" cineaste "" , someone with an encyclopedic knowledge of film and film technique , who is able to make tried-and-true techniques as fresh and as vibrant as when D.W. Griffith first started to discover them ...",0,"like jean renoir and max ophls , paul thomas anderson 's films are characterized by a constantly moving camera . like franois truffaut and martin scorsese , his films are the work of a true "" cineaste "" , someone with an encyclopedic knowledge of film and film technique , who is able to make tried-and-true techniques as fresh and as vibrant as when d.w. griffith first started to discover them ...",399.0,72.0,0.0,0.0,[],
1339,1622.0,3660,515262,,,,,,,,""" If it is fascinating to see the source of adult patterns in second-graders , it boggles the mind to see them in three-year-olds . No wonder it is hard for men and women to understand each other 's point of view : We have been looking at the view from different vantage points for as long as we have been looking . "" ( pg . 257 )",0,""" if it is fascinating to see the source of adult patterns in second-graders , it boggles the mind to see them in three-year-olds . no wonder it is hard for men and women to understand each other 's point of view : we have been looking at the view from different vantage points for as long as we have been looking . "" ( pg .  )",327.0,68.0,0.0,0.0,[],
1872,1147.0,7968,290139,,,,,,,,""" Captain Claire Ryan had officially decided she knew what hell was like : sitting in a Chinook with a chatty ten-year-old who had such a thick north London accent Claire could only understand every third word . ( BEST OPENING EVER )",0,""" captain claire ryan had officially decided she knew what hell was like : sitting in a chinook with a chatty ten-year-old who had such a thick north london accent claire could only understand every third word . ( best opening ever )",233.0,43.0,0.0,0.0,[],
1752,1224.0,1875,869333,,,,,,,,""" He 's not ostentatious . He leads a very simple kind of existence . he 's a person to be admired . """,0,""" he 's not ostentatious . he leads a very simple kind of existence . he 's a person to be admired . """,102.0,24.0,0.0,0.0,[],
1401,1905.0,1353,1477849,,,,,,,,"The color of a room represents a number of factors , including mood , atmosphere , warmth and decorating possibilities , among others . Light colors open spaces up and attract light in copious amounts , while darker colors bring warmth and a sense of coziness to a room . The feeling in the space is dictated by its purpose . A family room should feel welcoming and warm , but also bright @ @ @ @ @ @ @ @ @ @ the room color .",0,"the color of a room represents a number of factors , including mood , atmosphere , warmth and decorating possibilities , among others . light colors open spaces up and attract light in copious amounts , while darker colors bring warmth and a sense of coziness to a room . the feeling in the space is dictated by its purpose . a family room should feel welcoming and warm , but also bright @ @ @ @ @ @ @ @ @ @ the room color .",425.0,87.0,0.0,0.0,[],
1086,2035.0,3601,468467,,,,,,,,"Looking for some advice on which class is best for soloing in Aion ? Not sure who this Raph Koster fellow is @ @ @ @ @ @ @ @ @ @ MMO ? You 've come to the right place ! No one knows MMOs like we do . If there 's anything you 'd like to know about the MMO genre or the site itself , Ask Massively is here to help every Thursday afternoon . Just ask !",0,"looking for some advice on which class is best for soloing in aion ? not sure who this raph koster fellow is @ @ @ @ @ @ @ @ @ @ mmo ? you 've come to the right place ! no one knows mmos like we do . if there 's anything you 'd like to know about the mmo genre or the site itself , ask massively is here to help every thursday afternoon . just ask !",349.0,81.0,0.0,0.0,[],
1426,1183.0,3682,241601,,,,,,,,"ESPN Reports that the lock-out between NFL and NFL Referees could come to an end very soon , thanks to productive negotiations Tuesday night .",0,"espn reports that the lock-out between nfl and nfl referees could come to an end very soon , thanks to productive negotiations tuesday night .",142.0,25.0,0.0,0.0,[],
1394,1194.0,5395,1054962,,,,,,,,"I did n't know what to do . They had n't taught us any of this in "" theory "" classes .",0,"i did n't know what to do . they had n't taught us any of this in "" theory "" classes .",86.0,22.0,0.0,0.0,[],
1108,1258.0,4743,273702,,,,,,,,"And , know that they 'll never know where it came from . "" Guitar GIfting "" anonymously means just that . We do n't need "" atta-boys "" or pats on the back ... THEY do .",0,"and , know that they 'll never know where it came from . "" guitar gifting "" anonymously means just that . we do n't need "" atta-boys "" or pats on the back ... they do .",168.0,38.0,0.0,0.0,[],
1360,1246.0,4370,373905,,,,,,,,"Ellisons Cave in NW Georgia , US , has a 510 ' and a 440 ' waterfalls , both free-falling . Fern Cave , in NE Alabama has a 404 ' free-falling falls . For some reason , they are never in these lists . posted by I 'm Doing the Dishes at 6:59 PM on September 30",0,"ellisons cave in nw georgia , us , has a  ' and a  ' waterfalls , both free-falling . fern cave , in ne alabama has a  ' free-falling falls . for some reason , they are never in these lists . posted by i 'm doing the dishes at : pm on september ",245.0,54.0,0.0,0.0,[],
1824,2181.0,7105,1243903,,,,,,,,"James Randi is a speaker of fact and truth in the face of unreason , and I can only respect his triumph of yet another truth over that unreason .",0,"james randi is a speaker of fact and truth in the face of unreason , and i can only respect his triumph of yet another truth over that unreason .",145.0,30.0,0.0,0.0,[],
1160,1211.0,2194,227820,,,,,,,,"Emergency situation , space exploration , low chance of survival -- I go with Kirk or Janeway . They are the biggest risk takers and willing to try something out of the box .",0,"emergency situation , space exploration , low chance of survival -- i go with kirk or janeway . they are the biggest risk takers and willing to try something out of the box .",174.0,34.0,0.0,0.0,[],
1632,2080.0,5503,571767,,,,,,,,"No . Informants are individuals who supply information to the FBI on a confidential basis . They are not hired or trained employees of the FBI , although they may receive compensation in some instances for their information and expenses .",0,"no . informants are individuals who supply information to the fbi on a confidential basis . they are not hired or trained employees of the fbi , although they may receive compensation in some instances for their information and expenses .",238.0,41.0,0.0,0.0,[],
1451,1253.0,3277,207998,,,,,,,,"When she asked what the salesperson meant by "" incomplete , "" he told her that it did n't come with anti-virus software or Microsoft @ @ @ @ @ @ @ @ @ @ optimization was her choice , but that Best Buy did n't "" recommend getting online "" without it .",0,"when she asked what the salesperson meant by "" incomplete , "" he told her that it did n't come with anti-virus software or microsoft @ @ @ @ @ @ @ @ @ @ optimization was her choice , but that best buy did n't "" recommend getting online "" without it .",250.0,54.0,0.0,0.0,[],
352,232.0,1724,629628,,,,,,,,Let 's call the HQT amendment what it really is : a farce of a law that undermines equal access to fully trained teachers for our neediest students . And let 's get it out of the Appropriations Bill -- and out of our children 's futures .,1,let 's call the hqt amendment what it really is : a farce of a law that undermines equal access to fully trained teachers for our neediest students . and let 's get it out of the appropriations bill -- and out of our children 's futures .,238.0,48.0,10.0,0.2272727272727272,"[('amendment', 'bill', 0.69470596), ('amendment', 'legislation', 0.6887385), ('law', 'law', 1.0), ('law', 'legislation', 0.58004606), ('law', 'rule', 0.5247162), ('teachers', 'education', 0.52093196), ('teachers', 'school', 0.6158268), ('students', 'school', 0.63015234), ('appropriations', 'budget', 0.6024722), ('appropriations', 'funding', 0.59344184)]",
45,954.0,9500,1538958,,,,,,,,"The use of infiltrators is but one component of a new Taliban strategy to target the heart of the Afghan security establishment all over the country in a bid to debilitate its ranks and make it appear incapable of protecting itself , much less the wider population . General Daud is one of the two highest ranking Afghan government officials ever to be assassinated , and General Noori , the police chief of Takhar , is one of the several provincial police chiefs to be killed .",1,"the use of infiltrators is but one component of a new taliban strategy to target the heart of the afghan security establishment all over the country in a bid to debilitate its ranks and make it appear incapable of protecting itself , much less the wider population . general daud is one of the two highest ranking afghan government officials ever to be assassinated , and general noori , the police chief of takhar , is one of the several provincial police chiefs to be killed .",478.0,87.0,17.0,0.2098765432098765,"[('strategy', 'policy', 0.525799), ('strategy', 'strategy', 1.0), ('security', 'security', 1.0), ('country', 'country', 1.0), ('country', 'nation', 0.7242872), ('country', 'world', 0.59803855), ('government', 'administration', 0.5462369), ('government', 'government', 1.0), ('officials', 'investigators', 0.50950015), ('officials', 'officials', 0.99999994), ('police', 'investigators', 0.52164876), ('police', 'police', 1.0), ('chief', 'president', 0.5507432), ('police', 'investigators', 0.52164876), ('police', 'police', 1.0), ('chiefs', 'officials', 0.5290079), ('killed', 'killing', 0.7126882)]",
142,254.0,552,358699,,,,,,,,"It 's all part of a long-range plan to scam the public into transferring even more of its wealth to @ @ @ @ @ @ @ @ @ @ tax rates , and then by cutting a program the public has already paid into . That way there 'll be less pressure to increases taxes on the wealthy later on . ( They may also want to raid Social Security 's trust fund to pay for the deficits caused by their tax breaks . )",1,"it 's all part of a long-range plan to scam the public into transferring even more of its wealth to @ @ @ @ @ @ @ @ @ @ tax rates , and then by cutting a program the public has already paid into . that way there 'll be less pressure to increases taxes on the wealthy later on . ( they may also want to raid social security 's trust fund to pay for the deficits caused by their tax breaks . )",391.0,86.0,11.0,0.1571428571428571,"[('plan', 'strategy', 0.5891837), ('tax', 'tax', 1.0), ('cutting', 'cuts', 0.6054134), ('increases', 'cuts', 0.592605), ('taxes', 'tax', 0.84042203), ('raid', 'attack', 0.50295335), ('security', 'security', 1.0), ('fund', 'funding', 0.54371524), ('fund', 'money', 0.578971), ('deficits', 'deficit', 0.81193876), ('tax', 'tax', 1.0)]",
260,990.0,8414,562759,,,,,,,,"Republicans should learn a lesson from democrats and that is to never stop fighting for what they believe in . When the democrats lose they come back and act as if they had won and never give gournd . Republicans should fight Obama every inch of the way ... and never capitulate . Can you imagine Chuck Schumer or Nancy Pelosi saying that "" the election is over and they won "" ? ? ?",1,"republicans should learn a lesson from democrats and that is to never stop fighting for what they believe in . when the democrats lose they come back and act as if they had won and never give gournd . republicans should fight obama every inch of the way ... and never capitulate . can you imagine chuck schumer or nancy pelosi saying that "" the election is over and they won "" ? ? ?",382.0,75.0,14.0,0.2058823529411764,"[('republicans', 'democrats', 0.6657833), ('republicans', 'republican', 0.7488651), ('democrats', 'democrats', 0.99999994), ('democrats', 'republican', 0.60743797), ('fighting', 'fighting', 1.0), ('democrats', 'democrats', 0.99999994), ('democrats', 'republican', 0.60743797), ('republicans', 'democrats', 0.6657833), ('republicans', 'republican', 0.7488651), ('fight', 'fighting', 0.79230136), ('election', 'candidate', 0.50569105), ('election', 'election', 1.0), ('election', 'vote', 0.602672), ('election', 'voters', 0.5857161)]",
914,559.0,5523,223059,,,,,,,,"Title 26 of the U.S. code , which affects every U.S. person , must be applied consistently , and the Tax Division has the last word on whether to authorize tax charges against a defendant . The Tax Division is responsible for all civil and criminal tax trials outside the Tax Court , as well as appellate litigation involving the Internal Revenue Code . How that is accomplished , and how the Tax Division executes the priorities it and the IRS have designated , can be baffling to practitioners .",1,"title  of the u.s. code , which affects every u.s. person , must be applied consistently , and the tax division has the last word on whether to authorize tax charges against a defendant . the tax division is responsible for all civil and criminal tax trials outside the tax court , as well as appellate litigation involving the internal revenue code . how that is accomplished , and how the tax division executes the priorities it and the irs have designated , can be baffling to practitioners .",495.0,89.0,15.0,0.1875,"[('tax', 'tax', 1.0), ('tax', 'tax', 1.0), ('defendant', 'victim', 0.51066756), ('tax', 'tax', 1.0), ('criminal', 'crime', 0.50458133), ('criminal', 'criminal', 1.0), ('tax', 'tax', 1.0), ('trials', 'trial', 0.68044823), ('tax', 'tax', 1.0), ('court', 'court', 1.0), ('court', 'judge', 0.69727296), ('appellate', 'judge', 0.5461632), ('litigation', 'lawsuit', 0.57552314), ('revenue', 'fiscal', 0.55028176), ('tax', 'tax', 1.0)]",
323,5.0,649,98508,,,,,,,,"Fact : Though Paul Ryan accused President Obama of taking $716 billion out of Medicare , the fact is that that amount was savings in Medicare reimbursement rates ( which , incidentally , save Medicare recipients out-of-pocket costs , too ) and Ryan himself embraced these savings in his budget plan .",1,"fact : though paul ryan accused president obama of taking $ billion out of medicare , the fact is that that amount was savings in medicare reimbursement rates ( which , incidentally , save medicare recipients out-of-pocket costs , too ) and ryan himself embraced these savings in his budget plan .",297.0,52.0,11.0,0.25,"[('president', 'president', 1.0), ('savings', 'benefits', 0.5282792), ('costs', 'prices', 0.5252757), ('savings', 'benefits', 0.5282792), ('budget', 'budget', 0.99999994), ('budget', 'cuts', 0.5091997), ('budget', 'deficit', 0.5496122), ('budget', 'fiscal', 0.59004045), ('budget', 'funding', 0.5415), ('budget', 'spending', 0.56915724), ('plan', 'strategy', 0.5891837)]",
836,80.0,2575,537899,,,,,,,,"DEFINITIONS : competent refers to courts that serve a certain area of the law . For example , a person who claims that his or her rights have been violated in school should be able to petition a court that specializes in this question and not a court which deals , say , with business law .",1,"definitions : competent refers to courts that serve a certain area of the law . for example , a person who claims that his or her rights have been violated in school should be able to petition a court that specializes in this question and not a court which deals , say , with business law .",290.0,57.0,14.0,0.2745098039215686,"[('courts', 'court', 0.72129905), ('courts', 'judge', 0.526229), ('law', 'law', 1.0), ('law', 'legislation', 0.58004606), ('law', 'rule', 0.5247162), ('school', 'education', 0.50553805), ('school', 'school', 0.99999994), ('court', 'court', 1.0), ('court', 'judge', 0.69727296), ('court', 'court', 1.0), ('court', 'judge', 0.69727296), ('law', 'law', 1.0), ('law', 'legislation', 0.58004606), ('law', 'rule', 0.5247162)]",
937,246.0,3160,636479,,,,,,,,"Country 102.5 is Bostons Best Country Variety ! And with two extra long music sweeps each hour , youre guaranteed to hear your favorite country songs quickly ! Country 102.5 has been playing great country songs for years ! In fact , Country 102.5 is the most successful country station ever in Boston ! With personalities who know their country music , and really communicate their country knowledge with their country fans , Country 102.5 is a part",1,"country . is bostons best country variety ! and with two extra long music sweeps each hour , youre guaranteed to hear your favorite country songs quickly ! country . has been playing great country songs for years ! in fact , country . is the most successful country station ever in boston ! with personalities who know their country music , and really communicate their country knowledge with their country fans , country . is a part",433.0,78.0,33.0,0.5,"[('country', 'country', 1.0), ('country', 'nation', 0.7242872), ('country', 'world', 0.59803855), ('country', 'country', 1.0), ('country', 'nation', 0.7242872), ('country', 'world', 0.59803855), ('country', 'country', 1.0), ('country', 'nation', 0.7242872), ('country', 'world', 0.59803855), ('country', 'country', 1.0), ('country', 'nation', 0.7242872), ('country', 'world', 0.59803855), ('country', 'country', 1.0), ('country', 'nation', 0.7242872), ('country', 'world', 0.59803855), ('country', 'country', 1.0), ('country', 'nation', 0.7242872), ('country', 'world', 0.59803855), ('country', 'country', 1.0), ('country', 'nation', 0.7242872), ('country', 'world', 0.59803855), ('country', 'country', 1.0), ('country', 'nation', 0.7242872), ('country', 'world', 0.59803855), ('country', 'country', 1.0), ('country', 'nation', 0.7242872), ('country', 'world', 0.59803855), ('country', 'country', 1.0), ('country', 'nation', 0.7242872), ('country', 'world', 0.59803855), ('country', 'country', 1.0), ('country', 'nation', 0.7242872), ('country', 'world', 0.59803855)]",
301,182.0,5110,1335990,,,,,,,,"In conclusion , federal employment and training programs do n't fill any critical need that private markets ca n't fill . Policymakers support these programs because they want to help workers and the economy , but decades of experience indicate that the programs do n't offer any substantial benefits . Given today 's large budget deficits , federal employment and training programs provide an obvious target for elimination .",1,"in conclusion , federal employment and training programs do n't fill any critical need that private markets ca n't fill . policymakers support these programs because they want to help workers and the economy , but decades of experience indicate that the programs do n't offer any substantial benefits . given today 's large budget deficits , federal employment and training programs provide an obvious target for elimination .",426.0,69.0,14.0,0.2222222222222222,"[('federal', 'government', 0.5094332), ('employment', 'unemployment', 0.5667618), ('support', 'support', 1.0), ('economy', 'economy', 1.0), ('benefits', 'benefits', 1.0), ('budget', 'budget', 0.99999994), ('budget', 'cuts', 0.5091997), ('budget', 'deficit', 0.5496122), ('budget', 'fiscal', 0.59004045), ('budget', 'funding', 0.5415), ('budget', 'spending', 0.56915724), ('deficits', 'deficit', 0.81193876), ('federal', 'government', 0.5094332), ('employment', 'unemployment', 0.5667618)]",
144,349.0,7622,207756,,,,,,,,"President Obama hosted an "" Insourcing American Jobs Forum "" last week with business leaders who are bringing jobs back to the United States . During the event , the President announced he 'd soon "" put forward new tax proposals that reward companies that choose to bring jobs @ @ @ @ @ @ @ @ @ @ to eliminate tax breaks for companies that are moving jobs oversea",1,"president obama hosted an "" insourcing american jobs forum "" last week with business leaders who are bringing jobs back to the united states . during the event , the president announced he 'd soon "" put forward new tax proposals that reward companies that choose to bring jobs @ @ @ @ @ @ @ @ @ @ to eliminate tax breaks for companies that are moving jobs oversea",363.0,70.0,13.0,0.2241379310344827,"[('president', 'president', 1.0), ('jobs', 'job', 0.62629366), ('leaders', 'leadership', 0.5006184), ('leaders', 'officials', 0.54851913), ('jobs', 'job', 0.62629366), ('president', 'president', 1.0), ('tax', 'tax', 1.0), ('proposals', 'legislation', 0.5197717), ('companies', 'banks', 0.5019373), ('jobs', 'job', 0.62629366), ('tax', 'tax', 1.0), ('companies', 'banks', 0.5019373), ('jobs', 'job', 0.62629366)]",
632,835.0,5941,90107,,,,,,,,"If oil ( or other energy ) is the base , then the high price of oil last year becomes a financial squeeze . If money keeps on expanding despite the contraction in energy available , then money devalues and the oil price rises again . That 's what will happen next ; e.g. oil prices will rise as money devalues .",1,"if oil ( or other energy ) is the base , then the high price of oil last year becomes a financial squeeze . if money keeps on expanding despite the contraction in energy available , then money devalues and the oil price rises again . that 's what will happen next ; e.g. oil prices will rise as money devalues .",311.0,62.0,17.0,0.3148148148148148,"[('oil', 'gas', 0.7105981), ('oil', 'oil', 1.0), ('energy', 'gas', 0.50853217), ('price', 'prices', 0.74903214), ('oil', 'gas', 0.7105981), ('oil', 'oil', 1.0), ('financial', 'fiscal', 0.50823987), ('money', 'money', 1.0), ('energy', 'gas', 0.50853217), ('money', 'money', 1.0), ('oil', 'gas', 0.7105981), ('oil', 'oil', 1.0), ('price', 'prices', 0.74903214), ('oil', 'gas', 0.7105981), ('oil', 'oil', 1.0), ('prices', 'prices', 1.0), ('money', 'money', 1.0)]",
78,671.0,1194,455388,,,,,,,,"In Katz , however , the court recognized that unless the rules were changed , privacy would be rendered obsolete by technological advances . Proclaiming that the Fourth Amendment "" protects people , not places , "" it ruled that , whenever the government invades a "" reasonable expectation of privacy , "" it must satisfy the Fourth Amendment and that people reasonably expect their phone calls to be private .",1,"in katz , however , the court recognized that unless the rules were changed , privacy would be rendered obsolete by technological advances . proclaiming that the fourth amendment "" protects people , not places , "" it ruled that , whenever the government invades a "" reasonable expectation of privacy , "" it must satisfy the fourth amendment and that people reasonably expect their phone calls to be private .",408.0,71.0,13.0,0.2096774193548387,"[('court', 'court', 1.0), ('court', 'judge', 0.69727296), ('rules', 'law', 0.5177953), ('rules', 'restrictions', 0.5421726), ('rules', 'rule', 0.6459378), ('amendment', 'bill', 0.69470596), ('amendment', 'legislation', 0.6887385), ('ruled', 'rule', 0.519533), ('ruled', 'ruling', 0.5550469), ('government', 'administration', 0.5462369), ('government', 'government', 1.0), ('amendment', 'bill', 0.69470596), ('amendment', 'legislation', 0.6887385)]",
381,610.0,6490,1672829,,,,,,,,"The district court twice denied BB &T's; motion to compel arbitration , holding the arbitration agreement was unconscionable under South Carolina state law , which governed the dispute . BB &T; appealed to the United States Court of Appeals for the Eleventh Circuit , which considered the district court 's ruling in light of the Supreme Court 's Concepcion decision .",1,"the district court twice denied bb &t's; motion to compel arbitration , holding the arbitration agreement was unconscionable under south carolina state law , which governed the dispute . bb &t; appealed to the united states court of appeals for the eleventh circuit , which considered the district court 's ruling in light of the supreme court 's concepcion decision .",368.0,61.0,15.0,0.2678571428571428,"[('district', 'school', 0.5445067), ('court', 'court', 1.0), ('court', 'judge', 0.69727296), ('law', 'law', 1.0), ('law', 'legislation', 0.58004606), ('law', 'rule', 0.5247162), ('court', 'court', 1.0), ('court', 'judge', 0.69727296), ('district', 'school', 0.5445067), ('court', 'court', 1.0), ('court', 'judge', 0.69727296), ('ruling', 'ruling', 1.0), ('court', 'court', 1.0), ('court', 'judge', 0.69727296), ('decision', 'ruling', 0.53884876)]",
578,679.0,7151,8770,,,,,,,,""" First of all , there was no reduction -- not one dollar reduction -- in taxes by virtue of having an account in Switzerland or a Cayman Islands investment , "" Romney explained . "" The dollars of taxes remained exactly the same . There was no tax savings at all . And the conduct of the trustee and making investments was entirely consistent with U.S. law and all the taxes paid were those legally owed and there was no tax saving by virtue of those entities . """,1,""" first of all , there was no reduction -- not one dollar reduction -- in taxes by virtue of having an account in switzerland or a cayman islands investment , "" romney explained . "" the dollars of taxes remained exactly the same . there was no tax savings at all . and the conduct of the trustee and making investments was entirely consistent with u.s. law and all the taxes paid were those legally owed and there was no tax saving by virtue of those entities . """,463.0,90.0,14.0,0.1707317073170731,"[('reduction', 'cuts', 0.54326373), ('dollar', 'dollar', 1.0), ('reduction', 'cuts', 0.54326373), ('taxes', 'tax', 0.84042203), ('dollars', 'dollar', 0.5699709), ('dollars', 'money', 0.62885237), ('taxes', 'tax', 0.84042203), ('tax', 'tax', 1.0), ('savings', 'benefits', 0.5282792), ('law', 'law', 1.0), ('law', 'legislation', 0.58004606), ('law', 'rule', 0.5247162), ('taxes', 'tax', 0.84042203), ('tax', 'tax', 1.0)]",
849,888.0,5955,629870,,,,,,,,"Although state law generally controls the use of water and the states are pre-eminent in determining water rights , the federal government has a significant role to play in water allocation because of its financial support of major water development projects , its ownership of vast federal lands , and the primacy of the federal government in matters concerning navigation and international treaty obligations . Much of the federal law on water allocation is derived from the recognized right of the federal government to regulate uses of water that would interfere with navigation .",1,"although state law generally controls the use of water and the states are pre-eminent in determining water rights , the federal government has a significant role to play in water allocation because of its financial support of major water development projects , its ownership of vast federal lands , and the primacy of the federal government in matters concerning navigation and international treaty obligations . much of the federal law on water allocation is derived from the recognized right of the federal government to regulate uses of water that would interfere with navigation .",584.0,94.0,21.0,0.2359550561797752,"[('law', 'law', 1.0), ('law', 'legislation', 0.58004606), ('law', 'rule', 0.5247162), ('controls', 'control', 0.6387394), ('federal', 'government', 0.5094332), ('government', 'administration', 0.5462369), ('government', 'government', 1.0), ('financial', 'fiscal', 0.50823987), ('support', 'support', 1.0), ('federal', 'government', 0.5094332), ('lands', 'land', 0.7458434), ('federal', 'government', 0.5094332), ('government', 'administration', 0.5462369), ('government', 'government', 1.0), ('federal', 'government', 0.5094332), ('law', 'law', 1.0), ('law', 'legislation', 0.58004606), ('law', 'rule', 0.5247162), ('federal', 'government', 0.5094332), ('government', 'administration', 0.5462369), ('government', 'government', 1.0)]",
940,658.0,983,1232671,,,,,,,,I do @ @ @ @ @ @ @ @ @ @ call in Benghazi . The Embassy personnel knew the dangers when they signed up . Let 's face it ... the military &; right-wingers do n't like our President &; will do anything to make him fail ... these deaths are meant to make President Obama look bad and score political points ... you Tea Party Republicans need to be soundly defeated and sent packing .,1,i do @ @ @ @ @ @ @ @ @ @ call in benghazi . the embassy personnel knew the dangers when they signed up . let 's face it ... the military &; right-wingers do n't like our president &; will do anything to make him fail ... these deaths are meant to make president obama look bad and score political points ... you tea party republicans need to be soundly defeated and sent packing .,380.0,78.0,11.0,0.1774193548387097,"[('military', 'army', 0.6824313), ('military', 'military', 1.0), ('president', 'president', 1.0), ('deaths', 'death', 0.6453005), ('deaths', 'killing', 0.54949254), ('president', 'president', 1.0), ('bad', 'poor', 0.5352231), ('political', 'politics', 0.6718931), ('party', 'parties', 0.67454803), ('republicans', 'democrats', 0.6657833), ('republicans', 'republican', 0.7488651)]",
357,486.0,4421,276141,,,,,,,,"Chief executives of more than 80 major US corporations , including Aetna , Goldman Sachs , Macy 's and Boeing are joining forces to pressure Congress to bring down the federal deficit by raising taxes and cutting spending .",1,"chief executives of more than  major us corporations , including aetna , goldman sachs , macy 's and boeing are joining forces to pressure congress to bring down the federal deficit by raising taxes and cutting spending .",221.0,38.0,11.0,0.3235294117647059,"[('chief', 'president', 0.5507432), ('forces', 'army', 0.58733), ('forces', 'force', 0.519529), ('congress', 'congress', 1.0), ('federal', 'government', 0.5094332), ('deficit', 'budget', 0.5496122), ('deficit', 'deficit', 1.0), ('taxes', 'tax', 0.84042203), ('cutting', 'cuts', 0.6054134), ('spending', 'budget', 0.56915724), ('spending', 'spending', 1.0)]",
833,633.0,3259,1102343,,,,,,,,""" The crime of rape ( or "" first-degree sexual assault "" in some states ) generally refers to non-consensual sexual intercourse that is committed by physical force , threat of injury , or other duress . A lack of consent can include the victim 's inability to say "" no "" to intercourse , due to the effects of drugs or alcohol . Rape can occur when the offender and victim have a pre-existing relationship ( sometimes called "" date rape "" ) , or even when the offender is the victim 's spouse . """,1,""" the crime of rape ( or "" first-degree sexual assault "" in some states ) generally refers to non-consensual sexual intercourse that is committed by physical force , threat of injury , or other duress . a lack of consent can include the victim 's inability to say "" no "" to intercourse , due to the effects of drugs or alcohol . rape can occur when the offender and victim have a pre-existing relationship ( sometimes called "" date rape "" ) , or even when the offender is the victim 's spouse . """,496.0,97.0,24.0,0.2790697674418604,"[('crime', 'crime', 1.0), ('crime', 'criminal', 0.50458133), ('crime', 'murder', 0.53367186), ('crime', 'violence', 0.53571737), ('rape', 'abuse', 0.50282216), ('rape', 'murder', 0.6630348), ('rape', 'sex', 0.5379458), ('sexual', 'sex', 0.76947415), ('assault', 'attack', 0.59700984), ('sexual', 'sex', 0.76947415), ('intercourse', 'sex', 0.64027375), ('force', 'force', 1.0), ('threat', 'threat', 0.99999994), ('victim', 'victim', 1.0), ('intercourse', 'sex', 0.64027375), ('drugs', 'drug', 0.8491185), ('rape', 'abuse', 0.50282216), ('rape', 'murder', 0.6630348), ('rape', 'sex', 0.5379458), ('victim', 'victim', 1.0), ('rape', 'abuse', 0.50282216), ('rape', 'murder', 0.6630348), ('rape', 'sex', 0.5379458), ('victim', 'victim', 1.0)]",
189,391.0,3804,1352943,,,,,,,,"Regardless of Poland 's growth , the country is enacting a policy of austerity . Vincent-Rostowski sees this as the most important part of the country 's fiscal policy . He says Poland will reduce the ratio of public debt to gross domestic product this year , and is almost certain that they will eliminate "" excessive "" public debt .",1,"regardless of poland 's growth , the country is enacting a policy of austerity . vincent-rostowski sees this as the most important part of the country 's fiscal policy . he says poland will reduce the ratio of public debt to gross domestic product this year , and is almost certain that they will eliminate "" excessive "" public debt .",334.0,61.0,14.0,0.25,"[('country', 'country', 1.0), ('country', 'nation', 0.7242872), ('country', 'world', 0.59803855), ('policy', 'policy', 1.0), ('policy', 'strategy', 0.525799), ('country', 'country', 1.0), ('country', 'nation', 0.7242872), ('country', 'world', 0.59803855), ('fiscal', 'budget', 0.59004045), ('fiscal', 'fiscal', 1.0), ('policy', 'policy', 1.0), ('policy', 'strategy', 0.525799), ('debt', 'debt', 1.0), ('debt', 'debt', 1.0)]",
805,45.0,81,3896,,,,,,,,Gov . Arnold Schwarzenegger is expected to present a revised budget plan Friday that would dismantle some of California 's landmark healthcare programs after efforts to scale them back have been reversed by federal courts .,1,gov . arnold schwarzenegger is expected to present a revised budget plan friday that would dismantle some of california 's landmark healthcare programs after efforts to scale them back have been reversed by federal courts .,223.0,36.0,11.0,0.3235294117647059,"[('budget', 'budget', 0.99999994), ('budget', 'cuts', 0.5091997), ('budget', 'deficit', 0.5496122), ('budget', 'fiscal', 0.59004045), ('budget', 'funding', 0.5415), ('budget', 'spending', 0.56915724), ('plan', 'strategy', 0.5891837), ('healthcare', 'health', 0.58597153), ('federal', 'government', 0.5094332), ('courts', 'court', 0.72129905), ('courts', 'judge', 0.526229)]",
134,790.0,9164,262822,,,,,,,,"And that 's why I say Conor can vote for whoever he wants ; he lives in CA , his vote is mainly symbolic , and if he wants to use that symbolic gesture to register his disgust with the elite political elite 's consensus re : civil libs , more power to him . But he should n't do so while thinking Obama is somehow an aberration from America 's political mainstream OR from American history . And neither should you .",1,"and that 's why i say conor can vote for whoever he wants ; he lives in ca , his vote is mainly symbolic , and if he wants to use that symbolic gesture to register his disgust with the elite political elite 's consensus re : civil libs , more power to him . but he should n't do so while thinking obama is somehow an aberration from america 's political mainstream or from american history . and neither should you .",416.0,83.0,10.0,0.1333333333333333,"[('vote', 'election', 0.602672), ('vote', 'vote', 1.0), ('vote', 'voters', 0.5841916), ('vote', 'election', 0.602672), ('vote', 'vote', 1.0), ('vote', 'voters', 0.5841916), ('political', 'politics', 0.6718931), ('libs', 'democrats', 0.603042), ('power', 'power', 1.0), ('political', 'politics', 0.6718931)]",
51,33.0,4475,1323892,,,,,,,,"There IS something wrong with implementing this new law 9 months before a presidential election . If voter fraud was so rampant in the last election , why did n't the GOP rush to pass this law immediately after the 2008 election ? Wait until the 2016 election to impose this , that way it will give people 4 years to get their act together , and @ @ @ @ @ @ @ @ @ @ excuse ' treatment . <h> Loading comments ...",1,"there is something wrong with implementing this new law  months before a presidential election . if voter fraud was so rampant in the last election , why did n't the gop rush to pass this law immediately after the  election ? wait until the  election to impose this , that way it will give people  years to get their act together , and @ @ @ @ @ @ @ @ @ @ excuse ' treatment .  loading comments ...",398.0,80.0,26.0,0.4126984126984127,"[('law', 'law', 1.0), ('law', 'legislation', 0.58004606), ('law', 'rule', 0.5247162), ('presidential', 'election', 0.6043894), ('election', 'candidate', 0.50569105), ('election', 'election', 1.0), ('election', 'vote', 0.602672), ('election', 'voters', 0.5857161), ('voter', 'election', 0.5171277), ('voter', 'voters', 0.7541878), ('election', 'candidate', 0.50569105), ('election', 'election', 1.0), ('election', 'vote', 0.602672), ('election', 'voters', 0.5857161), ('gop', 'democrats', 0.5756108), ('law', 'law', 1.0), ('law', 'legislation', 0.58004606), ('law', 'rule', 0.5247162), ('election', 'candidate', 0.50569105), ('election', 'election', 1.0), ('election', 'vote', 0.602672), ('election', 'voters', 0.5857161), ('election', 'candidate', 0.50569105), ('election', 'election', 1.0), ('election', 'vote', 0.602672), ('election', 'voters', 0.5857161)]",
164,1085.0,9134,850101,,,,,,,,"You do realize that roughly 50% of the populace actually does NOT agree with Obama , you , and most Libs . That @ @ @ @ @ @ @ @ @ @ get used to it . I recommend doing as I have done and apply conservative principles primarily in the realm of your finances as many conservatives do . In truth we are better prepared to weather the coming fiscal chaos this election has ensured . Good luck !",1,"you do realize that roughly % of the populace actually does not agree with obama , you , and most libs . that @ @ @ @ @ @ @ @ @ @ get used to it . i recommend doing as i have done and apply conservative principles primarily in the realm of your finances as many conservatives do . in truth we are better prepared to weather the coming fiscal chaos this election has ensured . good luck !",387.0,81.0,11.0,0.1746031746031746,"[('libs', 'democrats', 0.603042), ('conservative', 'conservative', 1.0), ('finances', 'debt', 0.50658655), ('conservatives', 'conservative', 0.7248428), ('conservatives', 'democrats', 0.61603373), ('fiscal', 'budget', 0.59004045), ('fiscal', 'fiscal', 1.0), ('election', 'candidate', 0.50569105), ('election', 'election', 1.0), ('election', 'vote', 0.602672), ('election', 'voters', 0.5857161)]",
895,1009.0,4544,558828,,,,,,,,"So , if you do n't like the present policies , what are you @ @ @ @ @ @ @ @ @ @ a way to remedy laws , policies , and taxes ? members of the House of Representatives in Congress and the lower house of each State Legislature must run for office every two years .",1,"so , if you do n't like the present policies , what are you @ @ @ @ @ @ @ @ @ @ a way to remedy laws , policies , and taxes ? members of the house of representatives in congress and the lower house of each state legislature must run for office every two years .",261.0,59.0,11.0,0.2558139534883721,"[('policies', 'policy', 0.76456714), ('laws', 'law', 0.7399262), ('laws', 'legislation', 0.5993766), ('policies', 'policy', 0.76456714), ('taxes', 'tax', 0.84042203), ('representatives', 'officials', 0.53117585), ('congress', 'congress', 1.0), ('legislature', 'government', 0.53072894), ('legislature', 'lawmakers', 0.6569546), ('legislature', 'legislation', 0.5324808), ('legislature', 'senate', 0.63771415)]",
909,578.0,5693,1150212,,,,,,,,"Rebuilding is a one-time decision , and it is likely that whoever wins the Presidential election the federal government will be generous . The disaster , and the suffering it has caused , is all over the media and fresh in people 's minds @ @ @ @ @ @ @ @ @ @ to rebuild will end up getting federal mortgage guarantees and other subsidies .",1,"rebuilding is a one-time decision , and it is likely that whoever wins the presidential election the federal government will be generous . the disaster , and the suffering it has caused , is all over the media and fresh in people 's minds @ @ @ @ @ @ @ @ @ @ to rebuild will end up getting federal mortgage guarantees and other subsidies .",339.0,67.0,11.0,0.2115384615384615,"[('decision', 'ruling', 0.53884876), ('presidential', 'election', 0.6043894), ('election', 'candidate', 0.50569105), ('election', 'election', 1.0), ('election', 'vote', 0.602672), ('election', 'voters', 0.5857161), ('federal', 'government', 0.5094332), ('government', 'administration', 0.5462369), ('government', 'government', 1.0), ('media', 'media', 1.0), ('federal', 'government', 0.5094332)]",
839,469.0,5282,1592696,,,,,,,,"Spending is not the real problem . In fact , this argument , too , is part of a broad and misguided strategy by conservatives to , essentially , dismantle government , regardless of the impact on Americans . Keep cutting spending so that the services are less and less effective , so they can point @ @ @ @ @ @ @ @ @ @ , more cuts , smaller and smaller government , etc .",1,"spending is not the real problem . in fact , this argument , too , is part of a broad and misguided strategy by conservatives to , essentially , dismantle government , regardless of the impact on americans . keep cutting spending so that the services are less and less effective , so they can point @ @ @ @ @ @ @ @ @ @ , more cuts , smaller and smaller government , etc .",371.0,77.0,15.0,0.2777777777777778,"[('spending', 'budget', 0.56915724), ('spending', 'spending', 1.0), ('strategy', 'policy', 0.525799), ('strategy', 'strategy', 1.0), ('conservatives', 'conservative', 0.7248428), ('conservatives', 'democrats', 0.61603373), ('government', 'administration', 0.5462369), ('government', 'government', 1.0), ('cutting', 'cuts', 0.6054134), ('spending', 'budget', 0.56915724), ('spending', 'spending', 1.0), ('cuts', 'budget', 0.5091997), ('cuts', 'cuts', 1.0), ('government', 'administration', 0.5462369), ('government', 'government', 1.0)]",
463,353.0,3409,826788,,,,,,,,"For years after Mihaloliakos founded @ @ @ @ @ @ @ @ @ @ 2009 elections Golden Dawn won just 0.29 percent of the vote , or fewer than 20,000 votes . Yet in June , the party amassed votes from across the political spectrum , wiping out the more moderate nationalist LAOS party and winning support from as far left as the communist KKE party , pollsters said .",1,"for years after mihaloliakos founded @ @ @ @ @ @ @ @ @ @  elections golden dawn won just . percent of the vote , or fewer than , votes . yet in june , the party amassed votes from across the political spectrum , wiping out the more moderate nationalist laos party and winning support from as far left as the communist kke party , pollsters said .",346.0,70.0,20.0,0.3846153846153846,"[('elections', 'election', 0.86722374), ('elections', 'vote', 0.566956), ('elections', 'voters', 0.5204255), ('vote', 'election', 0.602672), ('vote', 'vote', 1.0), ('vote', 'voters', 0.5841916), ('votes', 'election', 0.50482404), ('votes', 'vote', 0.767614), ('votes', 'voters', 0.529137), ('party', 'parties', 0.67454803), ('votes', 'election', 0.50482404), ('votes', 'vote', 0.767614), ('votes', 'voters', 0.529137), ('political', 'politics', 0.6718931), ('moderate', 'conservative', 0.5067968), ('party', 'parties', 0.67454803), ('support', 'support', 1.0), ('party', 'parties', 0.67454803), ('pollsters', 'poll', 0.6641596), ('pollsters', 'voters', 0.5609461)]",
167,50.0,8911,1273564,,,,,,,,"The health care system in Japan provides healthcare services , including screening examinations , prenatal care and infectious disease control , with the patient accepting responsibility for 30% of these costs while the government pays the remaining 70% . Payment for personal medical services is offered through a universal health care insurance system that provides relative equality of access , with fees set by a government committee .",1,"the health care system in japan provides healthcare services , including screening examinations , prenatal care and infectious disease control , with the patient accepting responsibility for % of these costs while the government pays the remaining % . payment for personal medical services is offered through a universal health care insurance system that provides relative equality of access , with fees set by a government committee .",435.0,68.0,13.0,0.2166666666666666,"[('health', 'health', 1.0), ('healthcare', 'health', 0.58597153), ('disease', 'disease', 1.0), ('control', 'control', 1.0), ('costs', 'prices', 0.5252757), ('government', 'administration', 0.5462369), ('government', 'government', 1.0), ('medical', 'health', 0.5395452), ('health', 'health', 1.0), ('insurance', 'insurance', 1.0), ('equality', 'justice', 0.5215687), ('government', 'administration', 0.5462369), ('government', 'government', 1.0)]",
838,938.0,3191,784422,,,,,,,,"Every loan of Banker "" created "" money ( credit ) causes the same thing to happen . Since this has happened millions of times since 1913 ( and continues today ) , you can see why America has gone from a prosperous , debt-free nation to a debt-ridden nation where practically every home , farm and business is paying usury-tribute to some Banker . The usury-tribute to the Bankers on personal , local , State and Federal debt totals more than the combined earnings of 25% of the working people . Soon it will be 50% and continue up .",1,"every loan of banker "" created "" money ( credit ) causes the same thing to happen . since this has happened millions of times since  ( and continues today ) , you can see why america has gone from a prosperous , debt-free nation to a debt-ridden nation where practically every home , farm and business is paying usury-tribute to some banker . the usury-tribute to the bankers on personal , local , state and federal debt totals more than the combined earnings of % of the working people . soon it will be % and continue up .",524.0,100.0,10.0,0.1176470588235294,"[('money', 'money', 1.0), ('nation', 'country', 0.7242872), ('nation', 'nation', 1.0), ('nation', 'world', 0.57605803), ('nation', 'country', 0.7242872), ('nation', 'nation', 1.0), ('nation', 'world', 0.57605803), ('bankers', 'banks', 0.5982455), ('federal', 'government', 0.5094332), ('debt', 'debt', 1.0)]",
881,91.0,7948,710222,,,,,,,,"If the financial crimes task force President Obama announced in his State of the Union speech does n't hand down criminal indictments soon , we might never see Wall Street bankers held accountable for causing the worst economic collapse since the Great Depression .",1,"if the financial crimes task force president obama announced in his state of the union speech does n't hand down criminal indictments soon , we might never see wall street bankers held accountable for causing the worst economic collapse since the great depression .",265.0,44.0,13.0,0.3095238095238095,"[('financial', 'fiscal', 0.50823987), ('crimes', 'crime', 0.74681056), ('crimes', 'criminal', 0.545379), ('crimes', 'murder', 0.5264058), ('force', 'force', 1.0), ('president', 'president', 1.0), ('union', 'labor', 0.5315647), ('union', 'strike', 0.5092126), ('union', 'union', 1.0), ('criminal', 'crime', 0.50458133), ('criminal', 'criminal', 1.0), ('bankers', 'banks', 0.5982455), ('economic', 'economy', 0.7219074)]",
102,406.0,2381,1456431,,,,,,,,"it IS true he does n't want Republicans to speak as he demonstrated during the health care talks when he told Republicans "" the election is over , you lost . You do n't have a say "" . And he avoids reporter ' ; s questions at all costs . How dare ANYBODY questions him .",1,"it is true he does n't want republicans to speak as he demonstrated during the health care talks when he told republicans "" the election is over , you lost . you do n't have a say "" . and he avoids reporter ' ; s questions at all costs . how dare anybody questions him .",270.0,57.0,12.0,0.2352941176470588,"[('republicans', 'democrats', 0.6657833), ('republicans', 'republican', 0.7488651), ('health', 'health', 1.0), ('republicans', 'democrats', 0.6657833), ('republicans', 'republican', 0.7488651), ('election', 'candidate', 0.50569105), ('election', 'election', 1.0), ('election', 'vote', 0.602672), ('election', 'voters', 0.5857161), ('questions', 'concerns', 0.5766351), ('costs', 'prices', 0.5252757), ('questions', 'concerns', 0.5766351)]",
122,910.0,4644,938631,,,,,,,,"The impact of all this lost income on our consumer economy -- and on our soaring taxpayer tab -- is n't hard to predict . When people make less money , they spend less money -- slowing economic activity . They also become more dependent on government handouts -- further inflating a welfare tab that exceeded $1 trillion during the last fiscal year .",1,"the impact of all this lost income on our consumer economy -- and on our soaring taxpayer tab -- is n't hard to predict . when people make less money , they spend less money -- slowing economic activity . they also become more dependent on government handouts -- further inflating a welfare tab that exceeded $ trillion during the last fiscal year .",349.0,64.0,12.0,0.2142857142857142,"[('income', 'tax', 0.5878002), ('economy', 'economy', 1.0), ('money', 'money', 1.0), ('spend', 'spending', 0.61048067), ('money', 'money', 1.0), ('economic', 'economy', 0.7219074), ('government', 'administration', 0.5462369), ('government', 'government', 1.0), ('handouts', 'aid', 0.5007432), ('welfare', 'health', 0.50554425), ('fiscal', 'budget', 0.59004045), ('fiscal', 'fiscal', 1.0)]",
432,185.0,6426,175391,,,,,,,,"Within your illusory unreality this is not the case . Your laws were framed to judge the wrongdoers and to provide restitution for the wronged -- if they could afford to engage attorneys and employ the law ! This inequity will change . The divine energy field enveloping your planet and intensifying is causing a realization to dawn that the old ways were self-perpetuating -- your laws have been very harsh at times , and people nearly always fought back against unfavorable judgments -- and could never bring true peace and harmony .",1,"within your illusory unreality this is not the case . your laws were framed to judge the wrongdoers and to provide restitution for the wronged -- if they could afford to engage attorneys and employ the law ! this inequity will change . the divine energy field enveloping your planet and intensifying is causing a realization to dawn that the old ways were self-perpetuating -- your laws have been very harsh at times , and people nearly always fought back against unfavorable judgments -- and could never bring true peace and harmony .",535.0,93.0,13.0,0.1529411764705882,"[('laws', 'law', 0.7399262), ('laws', 'legislation', 0.5993766), ('judge', 'court', 0.69727296), ('judge', 'judge', 1.0), ('law', 'law', 1.0), ('law', 'legislation', 0.58004606), ('law', 'rule', 0.5247162), ('energy', 'gas', 0.50853217), ('planet', 'world', 0.51705724), ('laws', 'law', 0.7399262), ('laws', 'legislation', 0.5993766), ('fought', 'fighting', 0.65915954), ('peace', 'peace', 1.0)]",
892,428.0,9864,305416,,,,,,,,"The regularly revised analysis found that federal spending spiked this year to $3.6 trillion , which is nearly 23 percent of the U.S. economy . And to illustrate why the federal deficit has reached $1 trillion each year of the Obama presidency , Heritage determined that for every $6.80 Washington collects in taxes , it spends $10 , meaning that the Treasury has to borrow the remaining $3.20 .",1,"the regularly revised analysis found that federal spending spiked this year to $. trillion , which is nearly  percent of the u.s. economy . and to illustrate why the federal deficit has reached $ trillion each year of the obama presidency , heritage determined that for every $. washington collects in taxes , it spends $ , meaning that the treasury has to borrow the remaining $. .",382.0,68.0,10.0,0.1612903225806451,"[('federal', 'government', 0.5094332), ('spending', 'budget', 0.56915724), ('spending', 'spending', 1.0), ('economy', 'economy', 1.0), ('federal', 'government', 0.5094332), ('deficit', 'budget', 0.5496122), ('deficit', 'deficit', 1.0), ('presidency', 'election', 0.545349), ('taxes', 'tax', 0.84042203), ('treasury', 'finance', 0.51148933)]",
776,434.0,2283,1520529,,,,,,,,"Barack Obama won a moderately close victory over Mitt Romney on Tuesday . But oddly , nothing much has changed . The country is still split nearly 50/50 . There is still a Democratic president , and an almost identically Democratic Senate at war with an identically Republican House , in a Groundhog Day America .",1,"barack obama won a moderately close victory over mitt romney on tuesday . but oddly , nothing much has changed . the country is still split nearly / . there is still a democratic president , and an almost identically democratic senate at war with an identically republican house , in a groundhog day america .",309.0,56.0,12.0,0.25,"[('country', 'country', 1.0), ('country', 'nation', 0.7242872), ('country', 'world', 0.59803855), ('democratic', 'democrats', 0.55152744), ('democratic', 'republican', 0.505419), ('president', 'president', 1.0), ('democratic', 'democrats', 0.55152744), ('democratic', 'republican', 0.505419), ('senate', 'senate', 1.0), ('war', 'war', 1.0), ('republican', 'democrats', 0.60743797), ('republican', 'republican', 1.0)]",
370,594.0,4400,1313782,,,,,,,,"Any deal to prevent massive tax hikes at the end of this year will need support from a majority in the House and must cross the 60 vote threshold in the Senate . Sen. Bob Corker , R-Tenn. , explains whether there is enough common ground to get the right amount of the Republicans and Democrats to hit those needed numbers .",1,"any deal to prevent massive tax hikes at the end of this year will need support from a majority in the house and must cross the  vote threshold in the senate . sen. bob corker , r-tenn. , explains whether there is enough common ground to get the right amount of the republicans and democrats to hit those needed numbers .",321.0,61.0,11.0,0.1929824561403508,"[('tax', 'tax', 1.0), ('hikes', 'cuts', 0.6281806), ('support', 'support', 1.0), ('vote', 'election', 0.602672), ('vote', 'vote', 1.0), ('vote', 'voters', 0.5841916), ('senate', 'senate', 1.0), ('republicans', 'democrats', 0.6657833), ('republicans', 'republican', 0.7488651), ('democrats', 'democrats', 0.99999994), ('democrats', 'republican', 0.60743797)]",
97,603.0,1411,357498,,,,,,,,Equal pay for women became the law of the land in 1963 . The Lily Ledbetter Fair Pay Act did not advocate for equal pay nor change the 1963 law - it merely changed various laws to extend the time frame for women to sue employers for past unfair pay . And that is all it did .,1,equal pay for women became the law of the land in  . the lily ledbetter fair pay act did not advocate for equal pay nor change the  law - it merely changed various laws to extend the time frame for women to sue employers for past unfair pay . and that is all it did .,267.0,56.0,10.0,0.1886792452830188,"[('law', 'law', 1.0), ('law', 'legislation', 0.58004606), ('law', 'rule', 0.5247162), ('land', 'land', 0.99999994), ('law', 'law', 1.0), ('law', 'legislation', 0.58004606), ('law', 'rule', 0.5247162), ('laws', 'law', 0.7399262), ('laws', 'legislation', 0.5993766), ('sue', 'lawsuit', 0.63378024)]",
780,158.0,2645,421690,,,,,,,,Do n't be fooled . It has been proved that the Mormon church has been our biggest enemy going right back to the first gay marriage votes in 1993 . They have been heavily involved in EVERY state battle for gay marriage ever since and have been the biggest financial contributor .,1,do n't be fooled . it has been proved that the mormon church has been our biggest enemy going right back to the first gay marriage votes in  . they have been heavily involved in every state battle for gay marriage ever since and have been the biggest financial contributor .,274.0,51.0,10.0,0.2083333333333333,"[('church', 'church', 1.0), ('gay', 'sex', 0.53366035), ('marriage', 'marriage', 0.99999994), ('votes', 'election', 0.50482404), ('votes', 'vote', 0.767614), ('votes', 'voters', 0.529137), ('battle', 'fighting', 0.67917764), ('gay', 'sex', 0.53366035), ('marriage', 'marriage', 0.99999994), ('financial', 'fiscal', 0.50823987)]",
257,1023.0,5754,1002547,,,,,,,,"Does it matter where rape takes place or who the victims are ? In every moral sense , it does not matter . No one deserves to be raped . Prison rape is rape , and is totally inexcusable . Rape is rape , evil and wrong no matter where or to whom it happens . Every rape victim deserves sympathy and support .",1,"does it matter where rape takes place or who the victims are ? in every moral sense , it does not matter . no one deserves to be raped . prison rape is rape , and is totally inexcusable . rape is rape , evil and wrong no matter where or to whom it happens . every rape victim deserves sympathy and support .",307.0,64.0,22.0,0.4,"[('rape', 'abuse', 0.50282216), ('rape', 'murder', 0.6630348), ('rape', 'sex', 0.5379458), ('victims', 'victim', 0.67437744), ('prison', 'prison', 1.0), ('rape', 'abuse', 0.50282216), ('rape', 'murder', 0.6630348), ('rape', 'sex', 0.5379458), ('rape', 'abuse', 0.50282216), ('rape', 'murder', 0.6630348), ('rape', 'sex', 0.5379458), ('rape', 'abuse', 0.50282216), ('rape', 'murder', 0.6630348), ('rape', 'sex', 0.5379458), ('rape', 'abuse', 0.50282216), ('rape', 'murder', 0.6630348), ('rape', 'sex', 0.5379458), ('rape', 'abuse', 0.50282216), ('rape', 'murder', 0.6630348), ('rape', 'sex', 0.5379458), ('victim', 'victim', 1.0), ('support', 'support', 1.0)]",
936,291.0,6755,545068,,,,,,,,"Based on my 23 years of reporting on global rape law , and my five years of supporting women at rape crisis centers and battered women 's shelters , I can say with certainty that this case is not being treated as a normal rape or sexual assault case . New details from the Swedish police make this quite clear . Their transcript of the complaints against Assange is strikingly unlike the dozens of such transcripts that I have read throughout the years as an advocate for victims of sex crimes .",1,"based on my  years of reporting on global rape law , and my five years of supporting women at rape crisis centers and battered women 's shelters , i can say with certainty that this case is not being treated as a normal rape or sexual assault case . new details from the swedish police make this quite clear . their transcript of the complaints against assange is strikingly unlike the dozens of such transcripts that i have read throughout the years as an advocate for victims of sex crimes .",493.0,91.0,25.0,0.2906976744186046,"[('global', 'world', 0.5744006), ('rape', 'abuse', 0.50282216), ('rape', 'murder', 0.6630348), ('rape', 'sex', 0.5379458), ('law', 'law', 1.0), ('law', 'legislation', 0.58004606), ('law', 'rule', 0.5247162), ('supporting', 'support', 0.6251285), ('rape', 'abuse', 0.50282216), ('rape', 'murder', 0.6630348), ('rape', 'sex', 0.5379458), ('crisis', 'crisis', 1.0), ('rape', 'abuse', 0.50282216), ('rape', 'murder', 0.6630348), ('rape', 'sex', 0.5379458), ('sexual', 'sex', 0.76947415), ('assault', 'attack', 0.59700984), ('police', 'investigators', 0.52164876), ('police', 'police', 1.0), ('complaints', 'concerns', 0.52365905), ('victims', 'victim', 0.67437744), ('sex', 'sex', 1.0), ('crimes', 'crime', 0.74681056), ('crimes', 'criminal', 0.545379), ('crimes', 'murder', 0.5264058)]",
366,485.0,5863,955817,,,,,,,,"That 's pretty close actually . The point is "" theft "" is not defined except by law . You ca n't have law without taxation . If you have no law , then you have no claim to property and thus the concept of theft is @ @ @ @ @ @ @ @ @ @ is , and so is property . You can see how that might get messy .",1,"that 's pretty close actually . the point is "" theft "" is not defined except by law . you ca n't have law without taxation . if you have no law , then you have no claim to property and thus the concept of theft is @ @ @ @ @ @ @ @ @ @ is , and so is property . you can see how that might get messy .",298.0,73.0,12.0,0.2142857142857142,"[('law', 'law', 1.0), ('law', 'legislation', 0.58004606), ('law', 'rule', 0.5247162), ('law', 'law', 1.0), ('law', 'legislation', 0.58004606), ('law', 'rule', 0.5247162), ('taxation', 'tax', 0.6788967), ('law', 'law', 1.0), ('law', 'legislation', 0.58004606), ('law', 'rule', 0.5247162), ('property', 'land', 0.5981505), ('property', 'land', 0.5981505)]",
461,230.0,3712,246836,,,,,,,,"At a time when the economy was wracked , he chose instead to focus on health care reform . In doing so , his administration chose early on to fight with Congress rather than to work with it . He chose to force his landmark health care bill through Congress without a single Republican vote , significantly contributing to the bitter atmosphere of division in Washington .",1,"at a time when the economy was wracked , he chose instead to focus on health care reform . in doing so , his administration chose early on to fight with congress rather than to work with it . he chose to force his landmark health care bill through congress without a single republican vote , significantly contributing to the bitter atmosphere of division in washington .",371.0,67.0,16.0,0.2622950819672131,"[('economy', 'economy', 1.0), ('health', 'health', 1.0), ('reform', 'legislation', 0.57821727), ('reform', 'reform', 1.0), ('administration', 'administration', 1.0), ('administration', 'government', 0.5462369), ('fight', 'fighting', 0.79230136), ('congress', 'congress', 1.0), ('force', 'force', 1.0), ('health', 'health', 1.0), ('congress', 'congress', 1.0), ('republican', 'democrats', 0.60743797), ('republican', 'republican', 1.0), ('vote', 'election', 0.602672), ('vote', 'vote', 1.0), ('vote', 'voters', 0.5841916)]",
929,903.0,7342,70451,,,,,,,,So the two black people ( Cumming and the Woman who blathers ) at the outset of the hearing simply accused the GOP congress ( the House of Representatives ) of these murders because they refused to fund the State Department properly .,1,so the two black people ( cumming and the woman who blathers ) at the outset of the hearing simply accused the gop congress ( the house of representatives ) of these murders because they refused to fund the state department properly .,234.0,43.0,11.0,0.2894736842105263,"[('woman', 'victim', 0.5450075), ('gop', 'democrats', 0.5756108), ('congress', 'congress', 1.0), ('representatives', 'officials', 0.53117585), ('murders', 'crime', 0.6168579), ('murders', 'death', 0.52453053), ('murders', 'killing', 0.6089604), ('murders', 'murder', 0.82136667), ('murders', 'violence', 0.50538343), ('fund', 'funding', 0.54371524), ('fund', 'money', 0.578971)]",
756,288.0,5230,1167818,,,,,,,,"Some may try to argue that more than half of Americans do n't pay any taxes , but they are referring only to federal income tax . Those people still pay payroll taxes , sales taxes , state income taxes , excise taxes and more . When you add all of those up , it turns out that nearly everyone pays taxes .",1,"some may try to argue that more than half of americans do n't pay any taxes , but they are referring only to federal income tax . those people still pay payroll taxes , sales taxes , state income taxes , excise taxes and more . when you add all of those up , it turns out that nearly everyone pays taxes .",305.0,63.0,10.0,0.1818181818181818,"[('taxes', 'tax', 0.84042203), ('federal', 'government', 0.5094332), ('income', 'tax', 0.5878002), ('tax', 'tax', 1.0), ('taxes', 'tax', 0.84042203), ('taxes', 'tax', 0.84042203), ('income', 'tax', 0.5878002), ('taxes', 'tax', 0.84042203), ('taxes', 'tax', 0.84042203), ('taxes', 'tax', 0.84042203)]",
197,551.0,2355,1426808,,,,,,,,"In the early 20th century , the Office of Education was mainly tasked with collecting information about schools and teaching methods . The federal government funded very few grant programs of any type for state and local governments . That started changing with the New Deal in the 1930s . The federal government launched an array of temporary funding initiatives , such as programs for school construction and repair , the hiring of unemployed teachers , loans to school districts , and aid to rural schools .",1,"in the early th century , the office of education was mainly tasked with collecting information about schools and teaching methods . the federal government funded very few grant programs of any type for state and local governments . that started changing with the new deal in the s . the federal government launched an array of temporary funding initiatives , such as programs for school construction and repair , the hiring of unemployed teachers , loans to school districts , and aid to rural schools .",504.0,87.0,28.0,0.358974358974359,"[('education', 'education', 1.0), ('education', 'school', 0.50553805), ('schools', 'education', 0.5620153), ('schools', 'school', 0.74119085), ('teaching', 'education', 0.57084525), ('federal', 'government', 0.5094332), ('government', 'administration', 0.5462369), ('government', 'government', 1.0), ('funded', 'funding', 0.5679066), ('grant', 'funding', 0.5999432), ('governments', 'government', 0.6521534), ('federal', 'government', 0.5094332), ('government', 'administration', 0.5462369), ('government', 'government', 1.0), ('funding', 'budget', 0.5415), ('funding', 'funding', 0.99999994), ('school', 'education', 0.50553805), ('school', 'school', 0.99999994), ('unemployed', 'unemployment', 0.6756183), ('teachers', 'education', 0.52093196), ('teachers', 'school', 0.6158268), ('loans', 'banks', 0.53648436), ('loans', 'debt', 0.5687963), ('school', 'education', 0.50553805), ('school', 'school', 0.99999994), ('aid', 'aid', 1.0000001), ('schools', 'education', 0.5620153), ('schools', 'school', 0.74119085)]",
681,374.0,6624,646408,,,,,,,,The parents suing the Slippery Rock Area School District for the strip search they say led to their daughter 's suicide want school officials to @ @ @ @ @ @ @ @ @ @ the teen with drugs and the teachers who took the complaint to school leaders,1,the parents suing the slippery rock area school district for the strip search they say led to their daughter 's suicide want school officials to @ @ @ @ @ @ @ @ @ @ the teen with drugs and the teachers who took the complaint to school leaders,242.0,49.0,18.0,0.4615384615384615,"[('parents', 'school', 0.5244654), ('suing', 'lawsuit', 0.6836786), ('school', 'education', 0.50553805), ('school', 'school', 0.99999994), ('district', 'school', 0.5445067), ('daughter', 'old', 0.52817696), ('school', 'education', 0.50553805), ('school', 'school', 0.99999994), ('officials', 'investigators', 0.50950015), ('officials', 'officials', 0.99999994), ('drugs', 'drug', 0.8491185), ('teachers', 'education', 0.52093196), ('teachers', 'school', 0.6158268), ('complaint', 'lawsuit', 0.62834716), ('school', 'education', 0.50553805), ('school', 'school', 0.99999994), ('leaders', 'leadership', 0.5006184), ('leaders', 'officials', 0.54851913)]",
413,438.0,7657,18490,,,,,,,,"Which also reminds me : In all criminal prosecutions , the accused shall enjoy the right to a speedy and public trial , by an impartial jury of the state and district wherein the crime shall have been committed , which district shall have been previously ascertained by law , and to be informed of the nature and cause of the accusation ; to be confronted with the witnesses against him ; to have compulsory process for obtaining witnesses in his favor , and to have the assistance of counsel for his defense . <h> Re : Daydreams <h> Re :",1,"which also reminds me : in all criminal prosecutions , the accused shall enjoy the right to a speedy and public trial , by an impartial jury of the state and district wherein the crime shall have been committed , which district shall have been previously ascertained by law , and to be informed of the nature and cause of the accusation ; to be confronted with the witnesses against him ; to have compulsory process for obtaining witnesses in his favor , and to have the assistance of counsel for his defense .  re : daydreams  re :",532.0,99.0,18.0,0.2045454545454545,"[('criminal', 'crime', 0.50458133), ('criminal', 'criminal', 1.0), ('prosecutions', 'criminal', 0.52142847), ('trial', 'trial', 1.0), ('jury', 'judge', 0.6222299), ('jury', 'trial', 0.56444585), ('district', 'school', 0.5445067), ('crime', 'crime', 1.0), ('crime', 'criminal', 0.50458133), ('crime', 'murder', 0.53367186), ('crime', 'violence', 0.53571737), ('district', 'school', 0.5445067), ('law', 'law', 1.0), ('law', 'legislation', 0.58004606), ('law', 'rule', 0.5247162), ('assistance', 'aid', 0.69736254), ('assistance', 'support', 0.5207138), ('defense', 'defense', 1.0)]",
305,471.0,2810,1219918,,,,,,,,"( p ) The commission may submit a recommendation for proposed legislation to the joint committee on health care financing if the commission determines that further legislative authority is needed to achieve the health care quality and spending sustainability objectives of this act , assist health care entities with the implementation of performance improvement plans or otherwise ensure compliance with the provisions of this section .",1,"( p ) the commission may submit a recommendation for proposed legislation to the joint committee on health care financing if the commission determines that further legislative authority is needed to achieve the health care quality and spending sustainability objectives of this act , assist health care entities with the implementation of performance improvement plans or otherwise ensure compliance with the provisions of this section .",437.0,66.0,19.0,0.3064516129032258,"[('legislation', 'bill', 0.81843793), ('legislation', 'law', 0.58004606), ('legislation', 'lawmakers', 0.553626), ('legislation', 'legislation', 1.0), ('legislation', 'reform', 0.57821727), ('health', 'health', 1.0), ('financing', 'finance', 0.5868146), ('financing', 'funding', 0.6058177), ('legislative', 'lawmakers', 0.6512937), ('legislative', 'legislation', 0.5366426), ('legislative', 'senate', 0.5789615), ('authority', 'authority', 1.0), ('health', 'health', 1.0), ('spending', 'budget', 0.56915724), ('spending', 'spending', 1.0), ('health', 'health', 1.0), ('improvement', 'progress', 0.5019599), ('provisions', 'bill', 0.5040877), ('provisions', 'legislation', 0.57616246)]",
522,861.0,519,1381843,,,,,,,,"MASS INCARCERATION - Boston University Law School @ @ @ @ @ @ @ @ @ @ Mass Incarceration and Reentry , October 18-20 . The conference will address public policy , sentence reform , training and resource availability , and other topics .",1,"mass incarceration - boston university law school @ @ @ @ @ @ @ @ @ @ mass incarceration and reentry , october - . the conference will address public policy , sentence reform , training and resource availability , and other topics .",232.0,44.0,13.0,0.4642857142857143,"[('incarceration', 'prison', 0.60088253), ('university', 'school', 0.50807446), ('law', 'law', 1.0), ('law', 'legislation', 0.58004606), ('law', 'rule', 0.5247162), ('school', 'education', 0.50553805), ('school', 'school', 0.99999994), ('incarceration', 'prison', 0.60088253), ('policy', 'policy', 1.0), ('policy', 'strategy', 0.525799), ('sentence', 'prison', 0.7031725), ('reform', 'legislation', 0.57821727), ('reform', 'reform', 1.0)]",
392,339.0,8040,1318240,,,,,,,,"So , instead , forces should be substantially reduced to serve a comprehensively revised policy : America should do only what can be done from offshore , using intelligence , drones , cruise missiles , airstrikes and small , potent Special Forces units , concentrating on the porous 1,500-mile border with Pakistan , a nation that actually matters .",1,"so , instead , forces should be substantially reduced to serve a comprehensively revised policy : america should do only what can be done from offshore , using intelligence , drones , cruise missiles , airstrikes and small , potent special forces units , concentrating on the porous ,-mile border with pakistan , a nation that actually matters .",345.0,59.0,12.0,0.25,"[('forces', 'army', 0.58733), ('forces', 'force', 0.519529), ('policy', 'policy', 1.0), ('policy', 'strategy', 0.525799), ('offshore', 'oil', 0.5071798), ('missiles', 'weapons', 0.58323705), ('forces', 'army', 0.58733), ('forces', 'force', 0.519529), ('border', 'border', 1.0), ('nation', 'country', 0.7242872), ('nation', 'nation', 1.0), ('nation', 'world', 0.57605803)]",
738,170.0,291,1028981,,,,,,,,"Nor has anyone taken much notice of the fact that for the past couple of years California has been creating jobs at a much higher rate than the nation as a whole , or that the link @ @ @ @ @ @ @ @ @ @ at best . Nevada , which has the nation 's third friendliest tax structure for business , according to the Tax Foundation , has the nation 's worst unemployment rate . Vermont , rated 47 th in the nation for tax friendliness to business , has an unemployment rate of 4.7 percent .",1,"nor has anyone taken much notice of the fact that for the past couple of years california has been creating jobs at a much higher rate than the nation as a whole , or that the link @ @ @ @ @ @ @ @ @ @ at best . nevada , which has the nation 's third friendliest tax structure for business , according to the tax foundation , has the nation 's worst unemployment rate . vermont , rated  th in the nation for tax friendliness to business , has an unemployment rate of . percent .",477.0,99.0,18.0,0.2278481012658227,"[('jobs', 'job', 0.62629366), ('nation', 'country', 0.7242872), ('nation', 'nation', 1.0), ('nation', 'world', 0.57605803), ('nation', 'country', 0.7242872), ('nation', 'nation', 1.0), ('nation', 'world', 0.57605803), ('tax', 'tax', 1.0), ('tax', 'tax', 1.0), ('nation', 'country', 0.7242872), ('nation', 'nation', 1.0), ('nation', 'world', 0.57605803), ('unemployment', 'unemployment', 0.99999994), ('nation', 'country', 0.7242872), ('nation', 'nation', 1.0), ('nation', 'world', 0.57605803), ('tax', 'tax', 1.0), ('unemployment', 'unemployment', 0.99999994)]",
771,253.0,9173,1155136,,,,,,,,"Republicans , including presidential candidate Mitt Romney , have accused the administration of misleading the country about the nature of the attack to protect Obama ? s campaign claim that his policies have hurt al Qaida ? s ability to launch attacks and eased anti-U.S . hatred in the Muslim world .",1,"republicans , including presidential candidate mitt romney , have accused the administration of misleading the country about the nature of the attack to protect obama ? s campaign claim that his policies have hurt al qaida ? s ability to launch attacks and eased anti-u.s . hatred in the muslim world .",302.0,52.0,14.0,0.3043478260869565,"[('republicans', 'democrats', 0.6657833), ('republicans', 'republican', 0.7488651), ('presidential', 'election', 0.6043894), ('candidate', 'candidate', 1.0), ('candidate', 'election', 0.50569105), ('administration', 'administration', 1.0), ('administration', 'government', 0.5462369), ('country', 'country', 1.0), ('country', 'nation', 0.7242872), ('country', 'world', 0.59803855), ('attack', 'attack', 1.0), ('campaign', 'campaign', 1.0), ('policies', 'policy', 0.76456714), ('attacks', 'attack', 0.763803)]",
642,4.0,6354,358972,,,,,,,,"Then it will go to the courts , where it will be challenged on First Amendment grounds , and likely win . The government can not force a creative person to include , or exclude , a specific form of speech in their body of work , claiming it 's for the "" public good . "" This is not a case of yelling "" Fire ! "" in a crowded theater and I doubt any court or judge will see it that way .",1,"then it will go to the courts , where it will be challenged on first amendment grounds , and likely win . the government can not force a creative person to include , or exclude , a specific form of speech in their body of work , claiming it 's for the "" public good . "" this is not a case of yelling "" fire ! "" in a crowded theater and i doubt any court or judge will see it that way .",385.0,85.0,11.0,0.1447368421052631,"[('courts', 'court', 0.72129905), ('courts', 'judge', 0.526229), ('amendment', 'bill', 0.69470596), ('amendment', 'legislation', 0.6887385), ('government', 'administration', 0.5462369), ('government', 'government', 1.0), ('force', 'force', 1.0), ('court', 'court', 1.0), ('court', 'judge', 0.69727296), ('judge', 'court', 0.69727296), ('judge', 'judge', 1.0)]",
531,202.0,5518,1483946,,,,,,,,"There has been some wage inflation in a far smaller segment of the farm labor market : the contract labor market . This is the market for workers employed by third-party operators who supply labor to farmers , mostly for seasonal work such as harvesting .",1,"there has been some wage inflation in a far smaller segment of the farm labor market : the contract labor market . this is the market for workers employed by third-party operators who supply labor to farmers , mostly for seasonal work such as harvesting .",255.0,46.0,12.0,0.2857142857142857,"[('wage', 'labor', 0.51733506), ('inflation', 'economy', 0.5237683), ('inflation', 'prices', 0.5431297), ('labor', 'labor', 1.0), ('labor', 'union', 0.5315647), ('market', 'prices', 0.51924664), ('labor', 'labor', 1.0), ('labor', 'union', 0.5315647), ('market', 'prices', 0.51924664), ('market', 'prices', 0.51924664), ('labor', 'labor', 1.0), ('labor', 'union', 0.5315647)]",
812,831.0,4577,265100,,,,,,,,"U.S. Rep. Ed Markey , whose Massachusetts district is home to the town where the New England Compounding Center prepared and shipped the tainted steroid injections blamed for causing a deadly fungal meningitis outbreak , has made good on his promise to introduce legislation to give the U.S. Food and Drug Administration additional roles in overseeing drug compounding .",1,"u.s. rep. ed markey , whose massachusetts district is home to the town where the new england compounding center prepared and shipped the tainted steroid injections blamed for causing a deadly fungal meningitis outbreak , has made good on his promise to introduce legislation to give the u.s. food and drug administration additional roles in overseeing drug compounding .",370.0,59.0,14.0,0.25,"[('district', 'school', 0.5445067), ('steroid', 'drug', 0.53950405), ('deadly', 'killing', 0.51254004), ('meningitis', 'disease', 0.5623452), ('outbreak', 'disease', 0.50204897), ('legislation', 'bill', 0.81843793), ('legislation', 'law', 0.58004606), ('legislation', 'lawmakers', 0.553626), ('legislation', 'legislation', 1.0), ('legislation', 'reform', 0.57821727), ('drug', 'drug', 1.0), ('administration', 'administration', 1.0), ('administration', 'government', 0.5462369), ('drug', 'drug', 1.0)]",
427,545.0,1864,1292943,,,,,,,,"Chris Carroll covers politics for the Times Free Press . A Chattanooga native , he graduated from Red Bank High School in 2005 and earned a bachelor 's degree in history from East Tennessee State University in 2009 . Chris has investigated violent crime , hospitals , Red Bank politics and East Ridge politics since joining the @ @ @ @ @ @ @ @ @ @ with accused murderer Antonio Henry , he won a third place Tennessee Associated Press Managing Editors ...",1,"chris carroll covers politics for the times free press . a chattanooga native , he graduated from red bank high school in  and earned a bachelor 's degree in history from east tennessee state university in  . chris has investigated violent crime , hospitals , red bank politics and east ridge politics since joining the @ @ @ @ @ @ @ @ @ @ with accused murderer antonio henry , he won a third place tennessee associated press managing editors ...",446.0,82.0,19.0,0.2923076923076923,"[('politics', 'politics', 0.99999994), ('press', 'media', 0.6013203), ('press', 'news', 0.519518), ('bank', 'banks', 0.7440759), ('school', 'education', 0.50553805), ('school', 'school', 0.99999994), ('university', 'school', 0.50807446), ('investigated', 'investigation', 0.59241456), ('violent', 'violence', 0.62438154), ('crime', 'crime', 1.0), ('crime', 'criminal', 0.50458133), ('crime', 'murder', 0.53367186), ('crime', 'violence', 0.53571737), ('bank', 'banks', 0.7440759), ('politics', 'politics', 0.99999994), ('politics', 'politics', 0.99999994), ('murderer', 'murder', 0.66500825), ('press', 'media', 0.6013203), ('press', 'news', 0.519518)]",
38,273.0,5841,1426840,,,,,,,,"Aside from redistribution , the theory behind educational aid to the states is that federal policymakers can design programs in the national interest to efficiently solve local problems . 36 But involving the federal government focuses the educational policy discussion on spending levels and regulations , not on delivering quality services . By involving all levels of government in just about every policy area , the aid system creates a lack of accountability -- when every government is responsible for education , no government is responsible .",1,"aside from redistribution , the theory behind educational aid to the states is that federal policymakers can design programs in the national interest to efficiently solve local problems .  but involving the federal government focuses the educational policy discussion on spending levels and regulations , not on delivering quality services . by involving all levels of government in just about every policy area , the aid system creates a lack of accountability -- when every government is responsible for education , no government is responsible .",548.0,86.0,26.0,0.3333333333333333,"[('educational', 'education', 0.6780008), ('aid', 'aid', 1.0000001), ('federal', 'government', 0.5094332), ('federal', 'government', 0.5094332), ('government', 'administration', 0.5462369), ('government', 'government', 1.0), ('educational', 'education', 0.6780008), ('policy', 'policy', 1.0), ('policy', 'strategy', 0.525799), ('discussion', 'debate', 0.7011256), ('spending', 'budget', 0.56915724), ('spending', 'spending', 1.0), ('regulations', 'law', 0.5151655), ('regulations', 'legislation', 0.527581), ('regulations', 'restrictions', 0.5882759), ('government', 'administration', 0.5462369), ('government', 'government', 1.0), ('policy', 'policy', 1.0), ('policy', 'strategy', 0.525799), ('aid', 'aid', 1.0000001), ('government', 'administration', 0.5462369), ('government', 'government', 1.0), ('education', 'education', 1.0), ('education', 'school', 0.50553805), ('government', 'administration', 0.5462369), ('government', 'government', 1.0)]",
335,854.0,2787,884276,,,,,,,,"This goes both ways . Republicans have forgotten that there are limits to when you can cut taxes , and thus during times of recession , decide , "" Let 's cut taxes to stimulate the economy , "" and during times of economic @ @ @ @ @ @ @ @ @ @ make the economy more prosperous because we have plenty of revenue . """,1,"this goes both ways . republicans have forgotten that there are limits to when you can cut taxes , and thus during times of recession , decide , "" let 's cut taxes to stimulate the economy , "" and during times of economic @ @ @ @ @ @ @ @ @ @ make the economy more prosperous because we have plenty of revenue . """,312.0,67.0,13.0,0.2549019607843137,"[('republicans', 'democrats', 0.6657833), ('republicans', 'republican', 0.7488651), ('limits', 'restrictions', 0.6447642), ('cut', 'cuts', 0.6245189), ('taxes', 'tax', 0.84042203), ('recession', 'crisis', 0.59829676), ('recession', 'economy', 0.63359797), ('cut', 'cuts', 0.6245189), ('taxes', 'tax', 0.84042203), ('economy', 'economy', 1.0), ('economic', 'economy', 0.7219074), ('economy', 'economy', 1.0), ('revenue', 'fiscal', 0.55028176)]",
369,266.0,211,206570,,,,,,,,"A second benefit would occur if a carbon tax were approved today but phased in gradually , only after the economy had returned to full employment . High unemployment persists in part because businesses , sitting on mountains of cash , are n't investing it because their current capacity already lets them produce more than people want to buy . News that a carbon tax was coming would create a stampede to develop energy-saving technologies . Hundreds of billions of dollars of private investment might be unleashed without adding a cent to the budget deficit .",1,"a second benefit would occur if a carbon tax were approved today but phased in gradually , only after the economy had returned to full employment . high unemployment persists in part because businesses , sitting on mountains of cash , are n't investing it because their current capacity already lets them produce more than people want to buy . news that a carbon tax was coming would create a stampede to develop energy-saving technologies . hundreds of billions of dollars of private investment might be unleashed without adding a cent to the budget deficit .",560.0,96.0,18.0,0.2022471910112359,"[('benefit', 'benefits', 0.63760716), ('tax', 'tax', 1.0), ('economy', 'economy', 1.0), ('employment', 'unemployment', 0.5667618), ('unemployment', 'unemployment', 0.99999994), ('cash', 'money', 0.6151221), ('news', 'news', 1.0), ('tax', 'tax', 1.0), ('dollars', 'dollar', 0.5699709), ('dollars', 'money', 0.62885237), ('budget', 'budget', 0.99999994), ('budget', 'cuts', 0.5091997), ('budget', 'deficit', 0.5496122), ('budget', 'fiscal', 0.59004045), ('budget', 'funding', 0.5415), ('budget', 'spending', 0.56915724), ('deficit', 'budget', 0.5496122), ('deficit', 'deficit', 1.0)]",
845,998.0,4407,881789,,,,,,,,At the call-ins law enforcement representatives told the young men that @ @ @ @ @ @ @ @ @ @ stop the police would bring down the full force of the law on them .,1,at the call-ins law enforcement representatives told the young men that @ @ @ @ @ @ @ @ @ @ stop the police would bring down the full force of the law on them .,160.0,36.0,11.0,0.44,"[('law', 'law', 1.0), ('law', 'legislation', 0.58004606), ('law', 'rule', 0.5247162), ('enforcement', 'enforcement', 1.0), ('representatives', 'officials', 0.53117585), ('police', 'investigators', 0.52164876), ('police', 'police', 1.0), ('force', 'force', 1.0), ('law', 'law', 1.0), ('law', 'legislation', 0.58004606), ('law', 'rule', 0.5247162)]",
510,127.0,5135,1134767,,,,,,,,"Political upheaval in Greece , with the continued possibility of a default , has reinvigorated a vocal minority in Greece that has long called for a return to the drachma currency , which would end the nation 's 10-year use of the euro ; critics say change in currency would not cure economic woes and would create unbearable inflation . MORE <h> Oct. 22 , 2011",1,"political upheaval in greece , with the continued possibility of a default , has reinvigorated a vocal minority in greece that has long called for a return to the drachma currency , which would end the nation 's -year use of the euro ; critics say change in currency would not cure economic woes and would create unbearable inflation . more  oct.  , ",350.0,63.0,12.0,0.2105263157894736,"[('political', 'politics', 0.6718931), ('upheaval', 'crisis', 0.5548412), ('currency', 'dollar', 0.6809227), ('nation', 'country', 0.7242872), ('nation', 'nation', 1.0), ('nation', 'world', 0.57605803), ('euro', 'dollar', 0.60616684), ('currency', 'dollar', 0.6809227), ('economic', 'economy', 0.7219074), ('woes', 'crisis', 0.53047454), ('inflation', 'economy', 0.5237683), ('inflation', 'prices', 0.5431297)]",
265,125.0,6807,537272,,,,,,,,"I agree that repeating something does n't make it true ... "" my tax plan will not raise the deficit "" but it also does n't mean it is necessarily false .. "" Romney 's plan will add to the deficit if deductions are n't eliminated . "" Simply saying he wo n't add to the deficit is not enough ... Simply saying it with force and conviction means nothing ... Does n't anyone remember George W Bush 's famous "" Read my lips ? """,1,"i agree that repeating something does n't make it true ... "" my tax plan will not raise the deficit "" but it also does n't mean it is necessarily false .. "" romney 's plan will add to the deficit if deductions are n't eliminated . "" simply saying he wo n't add to the deficit is not enough ... simply saying it with force and conviction means nothing ... does n't anyone remember george w bush 's famous "" read my lips ? """,422.0,86.0,11.0,0.1375,"[('tax', 'tax', 1.0), ('plan', 'strategy', 0.5891837), ('deficit', 'budget', 0.5496122), ('deficit', 'deficit', 1.0), ('plan', 'strategy', 0.5891837), ('deficit', 'budget', 0.5496122), ('deficit', 'deficit', 1.0), ('deductions', 'tax', 0.5817188), ('deficit', 'budget', 0.5496122), ('deficit', 'deficit', 1.0), ('force', 'force', 1.0)]",
150,344.0,1124,1633783,,,,,,,,"Even though the President won handily in his first election it did not stop the vitriol . Sadly , with how divided this country has become , I do n't think it will matter how close the election is or is n't . For the sake of the country I at least hope we do not have the situation where one candidate wins the popular vote but loses the electoral vote . Even worse would be @ @ @ @ @ @ @ @ @ @ house of representitives .",1,"even though the president won handily in his first election it did not stop the vitriol . sadly , with how divided this country has become , i do n't think it will matter how close the election is or is n't . for the sake of the country i at least hope we do not have the situation where one candidate wins the popular vote but loses the electoral vote . even worse would be @ @ @ @ @ @ @ @ @ @ house of representitives .",421.0,90.0,24.0,0.3243243243243243,"[('president', 'president', 1.0), ('election', 'candidate', 0.50569105), ('election', 'election', 1.0), ('election', 'vote', 0.602672), ('election', 'voters', 0.5857161), ('country', 'country', 1.0), ('country', 'nation', 0.7242872), ('country', 'world', 0.59803855), ('election', 'candidate', 0.50569105), ('election', 'election', 1.0), ('election', 'vote', 0.602672), ('election', 'voters', 0.5857161), ('country', 'country', 1.0), ('country', 'nation', 0.7242872), ('country', 'world', 0.59803855), ('candidate', 'candidate', 1.0), ('candidate', 'election', 0.50569105), ('vote', 'election', 0.602672), ('vote', 'vote', 1.0), ('vote', 'voters', 0.5841916), ('electoral', 'election', 0.7147979), ('vote', 'election', 0.602672), ('vote', 'vote', 1.0), ('vote', 'voters', 0.5841916)]",
713,880.0,2344,1436767,,,,,,,,"What schools have they qualified to attend ? The designer label school just might not be worth the price tag anymore , especially if your state school offers the same education and will provide a scholarship to attract the better students .",1,"what schools have they qualified to attend ? the designer label school just might not be worth the price tag anymore , especially if your state school offers the same education and will provide a scholarship to attract the better students .",240.0,42.0,10.0,0.2564102564102564,"[('schools', 'education', 0.5620153), ('schools', 'school', 0.74119085), ('school', 'education', 0.50553805), ('school', 'school', 0.99999994), ('price', 'prices', 0.74903214), ('school', 'education', 0.50553805), ('school', 'school', 0.99999994), ('education', 'education', 1.0), ('education', 'school', 0.50553805), ('students', 'school', 0.63015234)]",
896,793.0,2170,1600515,,,,,,,,"Wednesday evening , US District Court Judge Harold Baer ruled that the mass book digitization program conducted by five major universities in conjunction with Google is a fair use under US copyright law . Under that program , Google has converted millions of copyright-protected library books into machine-readable files , duplicating and distributing the digitized books to university libraries . The universities pooled the digitized books into an online database organized by the University of Michigan known as HathiTrust .",1,"wednesday evening , us district court judge harold baer ruled that the mass book digitization program conducted by five major universities in conjunction with google is a fair use under us copyright law . under that program , google has converted millions of copyright-protected library books into machine-readable files , duplicating and distributing the digitized books to university libraries . the universities pooled the digitized books into an online database organized by the university of michigan known as hathitrust .",527.0,80.0,12.0,0.1621621621621621,"[('district', 'school', 0.5445067), ('court', 'court', 1.0), ('court', 'judge', 0.69727296), ('judge', 'court', 0.69727296), ('judge', 'judge', 1.0), ('ruled', 'rule', 0.519533), ('ruled', 'ruling', 0.5550469), ('law', 'law', 1.0), ('law', 'legislation', 0.58004606), ('law', 'rule', 0.5247162), ('university', 'school', 0.50807446), ('university', 'school', 0.50807446)]",
487,71.0,9304,218064,,,,,,,,"Yes , again this is a very important comment . Republican governors knowing that during the economic crisis it would be easy to make the claim for ' cuts ' , cut dramatically state spending leading to millions of people in this country without a job . All of this has been set up from the beginning of Obama 's presidency to use the local @ @ @ @ @ @ @ @ @ @ the president .",1,"yes , again this is a very important comment . republican governors knowing that during the economic crisis it would be easy to make the claim for ' cuts ' , cut dramatically state spending leading to millions of people in this country without a job . all of this has been set up from the beginning of obama 's presidency to use the local @ @ @ @ @ @ @ @ @ @ the president .",374.0,78.0,15.0,0.238095238095238,"[('republican', 'democrats', 0.60743797), ('republican', 'republican', 1.0), ('economic', 'economy', 0.7219074), ('crisis', 'crisis', 1.0), ('cuts', 'budget', 0.5091997), ('cuts', 'cuts', 1.0), ('cut', 'cuts', 0.6245189), ('spending', 'budget', 0.56915724), ('spending', 'spending', 1.0), ('country', 'country', 1.0), ('country', 'nation', 0.7242872), ('country', 'world', 0.59803855), ('job', 'job', 1.0), ('presidency', 'election', 0.545349), ('president', 'president', 1.0)]",
286,462.0,3976,1334091,,,,,,,,"Other members of of United States Catholic Clergy might shy away from giving their own interpretations of scripture as it impinges upon politics , for fear of chasing off their congregations . Some of them subscribe to the idea that it 's OK to vote for a politician who supports killing the unborn , the elderly and the disabled , so long as the candidate promises to redistribute the wealth . This type of confused thinking has morphed from Seamless Garment teaching of Cardinal Joseph Bernardin .",1,"other members of of united states catholic clergy might shy away from giving their own interpretations of scripture as it impinges upon politics , for fear of chasing off their congregations . some of them subscribe to the idea that it 's ok to vote for a politician who supports killing the unborn , the elderly and the disabled , so long as the candidate promises to redistribute the wealth . this type of confused thinking has morphed from seamless garment teaching of cardinal joseph bernardin .",499.0,87.0,17.0,0.2098765432098765,"[('clergy', 'church', 0.60814273), ('scripture', 'religion', 0.51594037), ('politics', 'politics', 0.99999994), ('congregations', 'church', 0.70972764), ('vote', 'election', 0.602672), ('vote', 'vote', 1.0), ('vote', 'voters', 0.5841916), ('politician', 'candidate', 0.53296655), ('politician', 'politics', 0.56953), ('supports', 'support', 0.5269277), ('killing', 'death', 0.576015), ('killing', 'killing', 0.99999994), ('killing', 'murder', 0.63495654), ('disabled', 'disability', 0.5732935), ('candidate', 'candidate', 1.0), ('candidate', 'election', 0.50569105), ('teaching', 'education', 0.57084525)]",
214,48.0,5335,354022,,,,,,,,""" Last night during a @ @ @ @ @ @ @ @ @ @ that approximately 3,650 ballots were double-counted on election night , and approximately 1,950 ballots were not counted at all , with all ballots coming from the last three days of early voting - which is what was retabulated on Sunday . However , if this information is accurate , the total vote in the county should have decreased by 1,700 votes after the Sunday retabulation . Instead the total votes cast declined by 799 . It simply does not add up .",1,""" last night during a @ @ @ @ @ @ @ @ @ @ that approximately , ballots were double-counted on election night , and approximately , ballots were not counted at all , with all ballots coming from the last three days of early voting - which is what was retabulated on sunday . however , if this information is accurate , the total vote in the county should have decreased by , votes after the sunday retabulation . instead the total votes cast declined by  . it simply does not add up .",483.0,96.0,26.0,0.3466666666666667,"[('ballots', 'election', 0.50737286), ('ballots', 'vote', 0.5650944), ('ballots', 'voters', 0.5508915), ('election', 'candidate', 0.50569105), ('election', 'election', 1.0), ('election', 'vote', 0.602672), ('election', 'voters', 0.5857161), ('ballots', 'election', 0.50737286), ('ballots', 'vote', 0.5650944), ('ballots', 'voters', 0.5508915), ('ballots', 'election', 0.50737286), ('ballots', 'vote', 0.5650944), ('ballots', 'voters', 0.5508915), ('voting', 'election', 0.5065524), ('voting', 'vote', 0.72739744), ('voting', 'voters', 0.52248776), ('vote', 'election', 0.602672), ('vote', 'vote', 1.0), ('vote', 'voters', 0.5841916), ('votes', 'election', 0.50482404), ('votes', 'vote', 0.767614), ('votes', 'voters', 0.529137), ('retabulation', 'election', 0.5566182), ('votes', 'election', 0.50482404), ('votes', 'vote', 0.767614), ('votes', 'voters', 0.529137)]",
627,519.0,624,1021126,,,,,,,,"One gets the impression that he believes gays ( and probably women , also ) are unable to control their sexual desires in the military , while heterosexual men supposedly do . But , heterosexual men rape women with alarming frequency in the military , and if there are no serving military women to abuse , they seek out local women . @ @ @ @ @ @ @ @ @ @ to exclude men from the military based on testerone levels or sexual histories .",1,"one gets the impression that he believes gays ( and probably women , also ) are unable to control their sexual desires in the military , while heterosexual men supposedly do . but , heterosexual men rape women with alarming frequency in the military , and if there are no serving military women to abuse , they seek out local women . @ @ @ @ @ @ @ @ @ @ to exclude men from the military based on testerone levels or sexual histories .",434.0,86.0,18.0,0.2727272727272727,"[('control', 'control', 1.0), ('sexual', 'sex', 0.76947415), ('military', 'army', 0.6824313), ('military', 'military', 1.0), ('heterosexual', 'sex', 0.5711279), ('heterosexual', 'sex', 0.5711279), ('rape', 'abuse', 0.50282216), ('rape', 'murder', 0.6630348), ('rape', 'sex', 0.5379458), ('military', 'army', 0.6824313), ('military', 'military', 1.0), ('military', 'army', 0.6824313), ('military', 'military', 1.0), ('abuse', 'abuse', 1.0), ('abuse', 'violence', 0.5029986), ('military', 'army', 0.6824313), ('military', 'military', 1.0), ('sexual', 'sex', 0.76947415)]",
702,516.0,7728,1029491,,,,,,,,"NEW JERSEY -- A bill sponsored by Senator Raymond J. Lesniak which would create an expedited process for lenders to foreclose on abandoned , dilapidated properties was approved by the Senate today by a vote of 35-2 . The measure is part of a larger legislative package sponsored by Senator Lesniak to address New Jersey 's foreclosure crisis .",1,"new jersey -- a bill sponsored by senator raymond j. lesniak which would create an expedited process for lenders to foreclose on abandoned , dilapidated properties was approved by the senate today by a vote of - . the measure is part of a larger legislative package sponsored by senator lesniak to address new jersey 's foreclosure crisis .",340.0,59.0,14.0,0.2545454545454545,"[('senator', 'senate', 0.559585), ('lenders', 'banks', 0.6600465), ('lenders', 'debt', 0.5153456), ('senate', 'senate', 1.0), ('vote', 'election', 0.602672), ('vote', 'vote', 1.0), ('vote', 'voters', 0.5841916), ('measure', 'bill', 0.5858489), ('measure', 'legislation', 0.55200386), ('legislative', 'lawmakers', 0.6512937), ('legislative', 'legislation', 0.5366426), ('legislative', 'senate', 0.5789615), ('senator', 'senate', 0.559585), ('crisis', 'crisis', 1.0)]",
277,393.0,9953,918259,,,,,,,,"We have to figure out how to go back to being One Nation again . Prognosticators predicted that this would be the most divisive election in our nation 's history , and I think they still understated the outcome .",1,"we have to figure out how to go back to being one nation again . prognosticators predicted that this would be the most divisive election in our nation 's history , and i think they still understated the outcome .",212.0,40.0,10.0,0.2702702702702703,"[('nation', 'country', 0.7242872), ('nation', 'nation', 1.0), ('nation', 'world', 0.57605803), ('election', 'candidate', 0.50569105), ('election', 'election', 1.0), ('election', 'vote', 0.602672), ('election', 'voters', 0.5857161), ('nation', 'country', 0.7242872), ('nation', 'nation', 1.0), ('nation', 'world', 0.57605803)]",
320,296.0,7287,1274987,,,,,,,,"In September 2011 , Mr. Romney offered a detailed economic proposal that included repealing President Obama 's health care law , cutting the corporate tax rate , placing sanctions on China as a currency manipulator and immediately reducing taxes on savings and investment by the middle class -- and promised to push many of these policies on his first day in the Oval Office .",1,"in september  , mr. romney offered a detailed economic proposal that included repealing president obama 's health care law , cutting the corporate tax rate , placing sanctions on china as a currency manipulator and immediately reducing taxes on savings and investment by the middle class -- and promised to push many of these policies on his first day in the oval office .",372.0,64.0,15.0,0.2542372881355932,"[('economic', 'economy', 0.7219074), ('proposal', 'bill', 0.5933779), ('proposal', 'legislation', 0.57617754), ('repealing', 'legislation', 0.5244092), ('president', 'president', 1.0), ('health', 'health', 1.0), ('law', 'law', 1.0), ('law', 'legislation', 0.58004606), ('law', 'rule', 0.5247162), ('cutting', 'cuts', 0.6054134), ('tax', 'tax', 1.0), ('currency', 'dollar', 0.6809227), ('taxes', 'tax', 0.84042203), ('savings', 'benefits', 0.5282792), ('policies', 'policy', 0.76456714)]",
724,997.0,4108,961258,,,,,,,,"Also , keep in mind that the budget for FY2007 was the last budget passed by the Republican super-majority . Democrats took over both houses of Congress in 2007 and produced their first budget for 2008 which reversed the trend in shrinking deficits .",1,"also , keep in mind that the budget for fy was the last budget passed by the republican super-majority . democrats took over both houses of congress in  and produced their first budget for  which reversed the trend in shrinking deficits .",238.0,42.0,24.0,0.6153846153846154,"[('budget', 'budget', 0.99999994), ('budget', 'cuts', 0.5091997), ('budget', 'deficit', 0.5496122), ('budget', 'fiscal', 0.59004045), ('budget', 'funding', 0.5415), ('budget', 'spending', 0.56915724), ('budget', 'budget', 0.99999994), ('budget', 'cuts', 0.5091997), ('budget', 'deficit', 0.5496122), ('budget', 'fiscal', 0.59004045), ('budget', 'funding', 0.5415), ('budget', 'spending', 0.56915724), ('republican', 'democrats', 0.60743797), ('republican', 'republican', 1.0), ('democrats', 'democrats', 0.99999994), ('democrats', 'republican', 0.60743797), ('congress', 'congress', 1.0), ('budget', 'budget', 0.99999994), ('budget', 'cuts', 0.5091997), ('budget', 'deficit', 0.5496122), ('budget', 'fiscal', 0.59004045), ('budget', 'funding', 0.5415), ('budget', 'spending', 0.56915724), ('deficits', 'deficit', 0.81193876)]",
569,16.0,5315,1417760,,,,,,,,"Here Dewey gets to the crux of his argument . The liberal movement could , for the fact that he represents a democratized and unenlightened religious impulse , dismiss Bryan and @ @ @ @ @ @ @ @ @ @ out the baby with the bath water because this culture of democratic religiosity is so entangled in what is quintessentially American :",1,"here dewey gets to the crux of his argument . the liberal movement could , for the fact that he represents a democratized and unenlightened religious impulse , dismiss bryan and @ @ @ @ @ @ @ @ @ @ out the baby with the bath water because this culture of democratic religiosity is so entangled in what is quintessentially american :",332.0,63.0,10.0,0.2040816326530612,"[('liberal', 'conservative', 0.7633196), ('liberal', 'democrats', 0.5507172), ('religious', 'church', 0.52823746), ('religious', 'religion', 0.72264564), ('baby', 'pregnant', 0.5659062), ('bath', 'bathroom', 0.52589774), ('culture', 'society', 0.5302674), ('democratic', 'democrats', 0.55152744), ('democratic', 'republican', 0.505419), ('religiosity', 'religion', 0.5905675)]",
348,929.0,6013,796031,,,,,,,,"The fiscal cliff is a combination of expiring tax breaks plus budget cuts that are set to take effect on Jan. 2 , 2013 .",1,"the fiscal cliff is a combination of expiring tax breaks plus budget cuts that are set to take effect on jan.  ,  .",115.0,23.0,11.0,0.5238095238095238,"[('fiscal', 'budget', 0.59004045), ('fiscal', 'fiscal', 1.0), ('tax', 'tax', 1.0), ('budget', 'budget', 0.99999994), ('budget', 'cuts', 0.5091997), ('budget', 'deficit', 0.5496122), ('budget', 'fiscal', 0.59004045), ('budget', 'funding', 0.5415), ('budget', 'spending', 0.56915724), ('cuts', 'budget', 0.5091997), ('cuts', 'cuts', 1.0)]",
59,329.0,6513,676025,,,,,,,,"Meanwhile , just down the California coast , residents of Santa Cruz will also have a hand in shaping decisions about the future of their water supply . This election cycle , Santa Cruz has a ballot measure that would amend the city charter to let voters approve or reject any future plans for a desalination plant .",1,"meanwhile , just down the california coast , residents of santa cruz will also have a hand in shaping decisions about the future of their water supply . this election cycle , santa cruz has a ballot measure that would amend the city charter to let voters approve or reject any future plans for a desalination plant .",316.0,58.0,14.0,0.2641509433962264,"[('residents', 'voters', 0.5003397), ('election', 'candidate', 0.50569105), ('election', 'election', 1.0), ('election', 'vote', 0.602672), ('election', 'voters', 0.5857161), ('ballot', 'election', 0.5498452), ('ballot', 'vote', 0.6215823), ('ballot', 'voters', 0.60776913), ('measure', 'bill', 0.5858489), ('measure', 'legislation', 0.55200386), ('voters', 'election', 0.5857161), ('voters', 'vote', 0.5841916), ('voters', 'voters', 1.0), ('approve', 'vote', 0.51630557)]",
411,697.0,4389,1660588,,,,,,,,"GMDVP 's Legal Assistance for Victims program is funded to provide holistic legal services around a survivor 's experience with domestic violence . Often our legal work is specifically focused on overcoming GLBTQ-based discrimination for the survivors we represent ( such as with the police and criminal justice system ) . This time , the survivor came to GMDVP requesting assistance in overcoming discrimination from another domestic violence organization , The R.O.S.E . Fund .",1,"gmdvp 's legal assistance for victims program is funded to provide holistic legal services around a survivor 's experience with domestic violence . often our legal work is specifically focused on overcoming glbtq-based discrimination for the survivors we represent ( such as with the police and criminal justice system ) . this time , the survivor came to gmdvp requesting assistance in overcoming discrimination from another domestic violence organization , the r.o.s.e . fund .",479.0,75.0,19.0,0.2835820895522388,"[('assistance', 'aid', 0.69736254), ('assistance', 'support', 0.5207138), ('victims', 'victim', 0.67437744), ('funded', 'funding', 0.5679066), ('violence', 'abuse', 0.5029986), ('violence', 'crime', 0.53571737), ('violence', 'violence', 1.0), ('police', 'investigators', 0.52164876), ('police', 'police', 1.0), ('criminal', 'crime', 0.50458133), ('criminal', 'criminal', 1.0), ('justice', 'justice', 1.0), ('assistance', 'aid', 0.69736254), ('assistance', 'support', 0.5207138), ('violence', 'abuse', 0.5029986), ('violence', 'crime', 0.53571737), ('violence', 'violence', 1.0), ('fund', 'funding', 0.54371524), ('fund', 'money', 0.578971)]",
730,79.0,764,89565,,,,,,,,"Yes , because our "" representatives "" accept all the damage dealt to the Constitution . How could they argue Medicare expansion is unconstitutional ? @ @ @ @ @ @ @ @ @ @ oath and challenge justices who violate theirs . We 'd be better served by our lawmakers arguing Constitutional issues in a court of impeachment than passing fill-in-the-blank laws for the executive bureaucracies .",1,"yes , because our "" representatives "" accept all the damage dealt to the constitution . how could they argue medicare expansion is unconstitutional ? @ @ @ @ @ @ @ @ @ @ oath and challenge justices who violate theirs . we 'd be better served by our lawmakers arguing constitutional issues in a court of impeachment than passing fill-in-the-blank laws for the executive bureaucracies .",384.0,68.0,14.0,0.2641509433962264,"[('representatives', 'officials', 0.53117585), ('constitution', 'law', 0.5401366), ('justices', 'court', 0.5146692), ('justices', 'judge', 0.57948005), ('lawmakers', 'bill', 0.51364386), ('lawmakers', 'lawmakers', 1.0), ('lawmakers', 'legislation', 0.553626), ('constitutional', 'law', 0.517506), ('issues', 'concerns', 0.59313965), ('court', 'court', 1.0), ('court', 'judge', 0.69727296), ('laws', 'law', 0.7399262), ('laws', 'legislation', 0.5993766), ('executive', 'president', 0.6182477)]",
727,169.0,7198,741751,,,,,,,,"A first-ever openly gay person elected U.S. Senator , the largest ever number of openly LGBT people elected to Congress , two new speakers at state houses , the first-ever openly transgender person elected to a state legislature , and the first openly LGBT candidates elected in numerous states .",1,"a first-ever openly gay person elected u.s. senator , the largest ever number of openly lgbt people elected to congress , two new speakers at state houses , the first-ever openly transgender person elected to a state legislature , and the first openly lgbt candidates elected in numerous states .",296.0,50.0,14.0,0.3111111111111111,"[('gay', 'sex', 0.53366035), ('elected', 'election', 0.56267977), ('senator', 'senate', 0.559585), ('elected', 'election', 0.56267977), ('congress', 'congress', 1.0), ('elected', 'election', 0.56267977), ('legislature', 'government', 0.53072894), ('legislature', 'lawmakers', 0.6569546), ('legislature', 'legislation', 0.5324808), ('legislature', 'senate', 0.63771415), ('candidates', 'candidate', 0.79427433), ('candidates', 'election', 0.507066), ('candidates', 'voters', 0.5279368), ('elected', 'election', 0.56267977)]",
663,872.0,4704,1119784,,,,,,,,"But it was basically insane , in part because they offend minority community , but even more and more immediately , they offend a @ @ @ @ @ @ @ @ @ @ members of an all-white party . And there are a lot of young voters , and a lot of suburban voters , there are a lot of Republican voters who are bothered by this .",1,"but it was basically insane , in part because they offend minority community , but even more and more immediately , they offend a @ @ @ @ @ @ @ @ @ @ members of an all-white party . and there are a lot of young voters , and a lot of suburban voters , there are a lot of republican voters who are bothered by this .",314.0,69.0,12.0,0.2307692307692307,"[('party', 'parties', 0.67454803), ('voters', 'election', 0.5857161), ('voters', 'vote', 0.5841916), ('voters', 'voters', 1.0), ('voters', 'election', 0.5857161), ('voters', 'vote', 0.5841916), ('voters', 'voters', 1.0), ('republican', 'democrats', 0.60743797), ('republican', 'republican', 1.0), ('voters', 'election', 0.5857161), ('voters', 'vote', 0.5841916), ('voters', 'voters', 1.0)]",
50,49.0,2887,1358976,,,,,,,,"Yes , the purchasing power of that half of our population dependent on agriculture is gone . Farm mortgages reach nearly ten billions of dollars today and interest charges on that alone are $560,000,000 a year . But that is not all . The tax burden caused by extravagant and inefficient local government is an additional factor . Our most immediate concern should be to reduce the interest burden on these mortgages .",1,"yes , the purchasing power of that half of our population dependent on agriculture is gone . farm mortgages reach nearly ten billions of dollars today and interest charges on that alone are $,, a year . but that is not all . the tax burden caused by extravagant and inefficient local government is an additional factor . our most immediate concern should be to reduce the interest burden on these mortgages .",408.0,73.0,11.0,0.1641791044776119,"[('power', 'power', 1.0), ('mortgages', 'banks', 0.5002367), ('mortgages', 'debt', 0.50019675), ('dollars', 'dollar', 0.5699709), ('dollars', 'money', 0.62885237), ('tax', 'tax', 1.0), ('government', 'administration', 0.5462369), ('government', 'government', 1.0), ('concern', 'concerns', 0.7805205), ('mortgages', 'banks', 0.5002367), ('mortgages', 'debt', 0.50019675)]",
166,23.0,7552,86652,,,,,,,,"On the other hand the authors do n't discuss the Republicans ' ideological argument against tax increases @ @ @ @ @ @ @ @ @ @ increases toward expanding government instead of using them to pay down the deficit for programs that we are already committed to . The Republicans may be wrong in their idea that tax cuts will stimulate the economy in all circumstances , but correct in their opinion that tax increases are rarely if ever used for the responsible purpose of funding EXISTING government programs .",1,"on the other hand the authors do n't discuss the republicans ' ideological argument against tax increases @ @ @ @ @ @ @ @ @ @ increases toward expanding government instead of using them to pay down the deficit for programs that we are already committed to . the republicans may be wrong in their idea that tax cuts will stimulate the economy in all circumstances , but correct in their opinion that tax increases are rarely if ever used for the responsible purpose of funding existing government programs .",506.0,91.0,21.0,0.2692307692307692,"[('republicans', 'democrats', 0.6657833), ('republicans', 'republican', 0.7488651), ('tax', 'tax', 1.0), ('increases', 'cuts', 0.592605), ('increases', 'cuts', 0.592605), ('government', 'administration', 0.5462369), ('government', 'government', 1.0), ('deficit', 'budget', 0.5496122), ('deficit', 'deficit', 1.0), ('republicans', 'democrats', 0.6657833), ('republicans', 'republican', 0.7488651), ('tax', 'tax', 1.0), ('cuts', 'budget', 0.5091997), ('cuts', 'cuts', 1.0), ('economy', 'economy', 1.0), ('tax', 'tax', 1.0), ('increases', 'cuts', 0.592605), ('funding', 'budget', 0.5415), ('funding', 'funding', 0.99999994), ('government', 'administration', 0.5462369), ('government', 'government', 1.0)]",
8,86.0,3700,1002679,,,,,,,,"Gay men represent 5% of the population , but 15% of rape victims . Straight men represent 45% of the population , but 6% of rape victims . All women represent 50% of the population , but 78% of rape victims .",1,"gay men represent % of the population , but % of rape victims . straight men represent % of the population , but % of rape victims . all women represent % of the population , but % of rape victims .",198.0,42.0,13.0,0.4333333333333333,"[('gay', 'sex', 0.53366035), ('rape', 'abuse', 0.50282216), ('rape', 'murder', 0.6630348), ('rape', 'sex', 0.5379458), ('victims', 'victim', 0.67437744), ('rape', 'abuse', 0.50282216), ('rape', 'murder', 0.6630348), ('rape', 'sex', 0.5379458), ('victims', 'victim', 0.67437744), ('rape', 'abuse', 0.50282216), ('rape', 'murder', 0.6630348), ('rape', 'sex', 0.5379458), ('victims', 'victim', 0.67437744)]",
854,460.0,3924,1376243,,,,,,,,"It is the responsibility of the Executive Branch at all levels of government -- local , state , and national -- to provide and protect that freedom for all of our citizens by all means within our authority . It is the responsibility of the Legislative Branch at all levels , wherever the authority is not now adequate , to make it adequate . And it is the responsibility of all citizens in all sections of @ @ @ @ @ @ @ @ @ @ the law of the land .",1,"it is the responsibility of the executive branch at all levels of government -- local , state , and national -- to provide and protect that freedom for all of our citizens by all means within our authority . it is the responsibility of the legislative branch at all levels , wherever the authority is not now adequate , to make it adequate . and it is the responsibility of all citizens in all sections of @ @ @ @ @ @ @ @ @ @ the law of the land .",447.0,92.0,12.0,0.1643835616438356,"[('executive', 'president', 0.6182477), ('government', 'administration', 0.5462369), ('government', 'government', 1.0), ('authority', 'authority', 1.0), ('legislative', 'lawmakers', 0.6512937), ('legislative', 'legislation', 0.5366426), ('legislative', 'senate', 0.5789615), ('authority', 'authority', 1.0), ('law', 'law', 1.0), ('law', 'legislation', 0.58004606), ('law', 'rule', 0.5247162), ('land', 'land', 0.99999994)]",
685,720.0,8505,1583310,,,,,,,,"Now it has finally be revealed by our own defense secretary that "" Libya did not pose a threat to the U.S. "" and that Libya was "" not vital interest "" to intervene . Would n't that have been the ONLY REASON that a president can go to war without first seeking congressional approval ? ..... So , then , why did we go to war with Libya again without even consulting congress , much less getting approval to take the nation to war ? ?",1,"now it has finally be revealed by our own defense secretary that "" libya did not pose a threat to the u.s. "" and that libya was "" not vital interest "" to intervene . would n't that have been the only reason that a president can go to war without first seeking congressional approval ? ..... so , then , why did we go to war with libya again without even consulting congress , much less getting approval to take the nation to war ? ?",432.0,87.0,11.0,0.1392405063291139,"[('defense', 'defense', 1.0), ('threat', 'threat', 0.99999994), ('president', 'president', 1.0), ('war', 'war', 1.0), ('congressional', 'lawmakers', 0.57537544), ('war', 'war', 1.0), ('congress', 'congress', 1.0), ('nation', 'country', 0.7242872), ('nation', 'nation', 1.0), ('nation', 'world', 0.57605803), ('war', 'war', 1.0)]",
520,582.0,637,1643078,,,,,,,,"About 30 years ago , Paul Volcker launched a monumental monetary effort to bring down inflation . As Fed chairman , he sold bonds , removed cash from the economy , and cared not one wit about rising interest rates . And it worked . Gold plunged , King Dollar soared , and the drop-off in bank reserves and money extinguished high inflation -- and actually launched a multi-decade period of very low inflation .",1,"about  years ago , paul volcker launched a monumental monetary effort to bring down inflation . as fed chairman , he sold bonds , removed cash from the economy , and cared not one wit about rising interest rates . and it worked . gold plunged , king dollar soared , and the drop-off in bank reserves and money extinguished high inflation -- and actually launched a multi-decade period of very low inflation .",408.0,74.0,13.0,0.2063492063492063,"[('inflation', 'economy', 0.5237683), ('inflation', 'prices', 0.5431297), ('chairman', 'president', 0.6708745), ('bonds', 'debt', 0.53442055), ('cash', 'money', 0.6151221), ('economy', 'economy', 1.0), ('dollar', 'dollar', 1.0), ('bank', 'banks', 0.7440759), ('money', 'money', 1.0), ('inflation', 'economy', 0.5237683), ('inflation', 'prices', 0.5431297), ('inflation', 'economy', 0.5237683), ('inflation', 'prices', 0.5431297)]",
215,1033.0,7509,831180,,,,,,,,"Brenda Shead graced her fingers along a photo of her son Tuesday in the Frank Murphy Hall of Justice in Detroit . When she had the opportunity , she stood up and told Circuit Court Judge Margaret Van Houten the murder of her son , Matthew Olivarez , will ...",1,"brenda shead graced her fingers along a photo of her son tuesday in the frank murphy hall of justice in detroit . when she had the opportunity , she stood up and told circuit court judge margaret van houten the murder of her son , matthew olivarez , will ...",258.0,50.0,11.0,0.2444444444444444,"[('son', 'old', 0.5190995), ('justice', 'justice', 1.0), ('court', 'court', 1.0), ('court', 'judge', 0.69727296), ('judge', 'court', 0.69727296), ('judge', 'judge', 1.0), ('murder', 'crime', 0.53367186), ('murder', 'death', 0.6415225), ('murder', 'killing', 0.63495654), ('murder', 'murder', 1.0), ('son', 'old', 0.5190995)]",
926,282.0,3073,1595600,,,,,,,,"@ @ @ @ @ @ @ @ @ @ are available for all children , which necessitates a considerable investment . While the State is not the only investor , international human rights law obliges it to be the investor of last resort so as to ensure that primary schools are available for all school-age children . If the intake capacity of primary schools is below the number of primary-school aged chil-dren , legal provisions on compulsory education will not be translated into practice and access to education will remain a need rather than being a right . 9",1,"@ @ @ @ @ @ @ @ @ @ are available for all children , which necessitates a considerable investment . while the state is not the only investor , international human rights law obliges it to be the investor of last resort so as to ensure that primary schools are available for all school-age children . if the intake capacity of primary schools is below the number of primary-school aged chil-dren , legal provisions on compulsory education will not be translated into practice and access to education will remain a need rather than being a right . ",546.0,99.0,16.0,0.1927710843373494,"[('law', 'law', 1.0), ('law', 'legislation', 0.58004606), ('law', 'rule', 0.5247162), ('primary', 'primary', 1.0), ('schools', 'education', 0.5620153), ('schools', 'school', 0.74119085), ('primary', 'primary', 1.0), ('schools', 'education', 0.5620153), ('schools', 'school', 0.74119085), ('aged', 'age', 0.63405335), ('provisions', 'bill', 0.5040877), ('provisions', 'legislation', 0.57616246), ('education', 'education', 1.0), ('education', 'school', 0.50553805), ('education', 'education', 1.0), ('education', 'school', 0.50553805)]",
710,798.0,6563,1372711,,,,,,,,"During the recent flare ups concerning right wing attitudes to rape pregnancy , I marveled at how many anti-abortion spokespeople complained about what a tiny minority of rape pregnancies there were , and therefore they considered the case of whether a woman may abort her rapist 's baby to be unworthy of consideration . Yet there are FAR FAR FEWER instances of women needing late terminations , and that still provokes the most polarized responses among the anti-abortion elites .",1,"during the recent flare ups concerning right wing attitudes to rape pregnancy , i marveled at how many anti-abortion spokespeople complained about what a tiny minority of rape pregnancies there were , and therefore they considered the case of whether a woman may abort her rapist 's baby to be unworthy of consideration . yet there are far far fewer instances of women needing late terminations , and that still provokes the most polarized responses among the anti-abortion elites .",482.0,80.0,12.0,0.16,"[('rape', 'abuse', 0.50282216), ('rape', 'murder', 0.6630348), ('rape', 'sex', 0.5379458), ('pregnancy', 'pregnant', 0.70648205), ('rape', 'abuse', 0.50282216), ('rape', 'murder', 0.6630348), ('rape', 'sex', 0.5379458), ('pregnancies', 'pregnant', 0.5744839), ('woman', 'victim', 0.5450075), ('rapist', 'murder', 0.5183601), ('baby', 'pregnant', 0.5659062), ('elites', 'democrats', 0.5267298)]",
63,936.0,7820,267362,,,,,,,,"If you do n't want to pay so much in federal taxes , loosen up zoning , dump the expensive environmental rules , slim down state and local governments and their billion regulations @ @ @ @ @ @ @ @ @ @ living will be lower ) . Do those things , and soon federal taxes taken from Californians will exactly balance federal expenditures to California and Californians .",1,"if you do n't want to pay so much in federal taxes , loosen up zoning , dump the expensive environmental rules , slim down state and local governments and their billion regulations @ @ @ @ @ @ @ @ @ @ living will be lower ) . do those things , and soon federal taxes taken from californians will exactly balance federal expenditures to california and californians .",365.0,70.0,14.0,0.2641509433962264,"[('federal', 'government', 0.5094332), ('taxes', 'tax', 0.84042203), ('rules', 'law', 0.5177953), ('rules', 'restrictions', 0.5421726), ('rules', 'rule', 0.6459378), ('governments', 'government', 0.6521534), ('regulations', 'law', 0.5151655), ('regulations', 'legislation', 0.527581), ('regulations', 'restrictions', 0.5882759), ('federal', 'government', 0.5094332), ('taxes', 'tax', 0.84042203), ('federal', 'government', 0.5094332), ('expenditures', 'budget', 0.5521046), ('expenditures', 'spending', 0.65295506)]",
64,590.0,5519,399337,,,,,,,,"Responding to a story on PubliCola yesterday , Planned Parenthood denounced newly appointed King County sheriff Steve Strachan 's sponsorship of anti-abortion legislation as a Minnesota state legislator . Strachan had his first big public appearance as sheriff yesterday , when he stood beside US Sens . Patty Murray and Maria Cantwell to express support for expansion of the federal Violence Against Women Act , which Republicans in Congress are opposing .",1,"responding to a story on publicola yesterday , planned parenthood denounced newly appointed king county sheriff steve strachan 's sponsorship of anti-abortion legislation as a minnesota state legislator . strachan had his first big public appearance as sheriff yesterday , when he stood beside us sens . patty murray and maria cantwell to express support for expansion of the federal violence against women act , which republicans in congress are opposing .",457.0,72.0,17.0,0.2575757575757575,"[('sheriff', 'police', 0.5025263), ('legislation', 'bill', 0.81843793), ('legislation', 'law', 0.58004606), ('legislation', 'lawmakers', 0.553626), ('legislation', 'legislation', 1.0), ('legislation', 'reform', 0.57821727), ('legislator', 'lawmakers', 0.5289215), ('legislator', 'senate', 0.50127566), ('sheriff', 'police', 0.5025263), ('support', 'support', 1.0), ('federal', 'government', 0.5094332), ('violence', 'abuse', 0.5029986), ('violence', 'crime', 0.53571737), ('violence', 'violence', 1.0), ('republicans', 'democrats', 0.6657833), ('republicans', 'republican', 0.7488651), ('congress', 'congress', 1.0)]",
752,118.0,9675,1198066,,,,,,,,"I posted an early week update to the presidential projections . The initial projection a couple weeks ago showed Mitt Romney very close to overtaking Barack Obama in electoral votes . At 272-266 , the count was extremely close - so close , in fact , that Romney actually led Obama in the projected popular vote numbers . That soon changed as Obama 's approval numbers improved last week and his lead in general election polls increased .",1,"i posted an early week update to the presidential projections . the initial projection a couple weeks ago showed mitt romney very close to overtaking barack obama in electoral votes . at - , the count was extremely close - so close , in fact , that romney actually led obama in the projected popular vote numbers . that soon changed as obama 's approval numbers improved last week and his lead in general election polls increased .",431.0,78.0,16.0,0.2253521126760563,"[('presidential', 'election', 0.6043894), ('electoral', 'election', 0.7147979), ('votes', 'election', 0.50482404), ('votes', 'vote', 0.767614), ('votes', 'voters', 0.529137), ('vote', 'election', 0.602672), ('vote', 'vote', 1.0), ('vote', 'voters', 0.5841916), ('election', 'candidate', 0.50569105), ('election', 'election', 1.0), ('election', 'vote', 0.602672), ('election', 'voters', 0.5857161), ('polls', 'election', 0.6596775), ('polls', 'poll', 0.7592546), ('polls', 'vote', 0.54250556), ('polls', 'voters', 0.61303115)]",
492,662.0,7594,676013,,,,,,,,"In the failed jobs bill that Obama proposed to Congress in September 2011 , the president included funds for a national infrastructure bank that would provide low-interest financing for water , energy , and transportation projects . Yet , in his responses to ScienceDebate.org , the president touted the investments that his administration has been @ @ @ @ @ @ @ @ @ @ well as improved access to drinking water for rural areas and poor communities along the U.S.-Mexico border .",1,"in the failed jobs bill that obama proposed to congress in september  , the president included funds for a national infrastructure bank that would provide low-interest financing for water , energy , and transportation projects . yet , in his responses to sciencedebate.org , the president touted the investments that his administration has been @ @ @ @ @ @ @ @ @ @ well as improved access to drinking water for rural areas and poor communities along the u.s.-mexico border .",474.0,82.0,14.0,0.2153846153846154,"[('jobs', 'job', 0.62629366), ('congress', 'congress', 1.0), ('president', 'president', 1.0), ('funds', 'funding', 0.65487075), ('funds', 'money', 0.70552033), ('bank', 'banks', 0.7440759), ('financing', 'finance', 0.5868146), ('financing', 'funding', 0.6058177), ('energy', 'gas', 0.50853217), ('president', 'president', 1.0), ('administration', 'administration', 1.0), ('administration', 'government', 0.5462369), ('poor', 'poor', 1.0), ('border', 'border', 1.0)]",
495,620.0,4467,353948,,,,,,,,""" The employment-to-population ratio is the best measure of labor market conditions and it currently shows that there has been almost no improvement whatsoever over the past three years , "" Paul Ashworth , chief North American economist for Capital Economics , writes in a note to clients obtained by CNN . That figure , which accounts for the proportion of working Americans compared with the number of adults in the country , is a lot higher than 8 percent .",1,""" the employment-to-population ratio is the best measure of labor market conditions and it currently shows that there has been almost no improvement whatsoever over the past three years , "" paul ashworth , chief north american economist for capital economics , writes in a note to clients obtained by cnn . that figure , which accounts for the proportion of working americans compared with the number of adults in the country , is a lot higher than  percent .",459.0,80.0,10.0,0.136986301369863,"[('measure', 'bill', 0.5858489), ('measure', 'legislation', 0.55200386), ('labor', 'labor', 1.0), ('labor', 'union', 0.5315647), ('market', 'prices', 0.51924664), ('improvement', 'progress', 0.5019599), ('chief', 'president', 0.5507432), ('country', 'country', 1.0), ('country', 'nation', 0.7242872), ('country', 'world', 0.59803855)]",
65,674.0,5931,1048088,,,,,,,,"The bit you and all of us in the entire non-Muslim world need to understand ' - and we have *got* to persuade our generals , politicians , journalists , religious leaders , diplomats , merchants to understand it as well - is here :",1,"the bit you and all of us in the entire non-muslim world need to understand ' - and we have *got* to persuade our generals , politicians , journalists , religious leaders , diplomats , merchants to understand it as well - is here :",231.0,45.0,11.0,0.282051282051282,"[('generals', 'army', 0.56488466), ('generals', 'military', 0.6083027), ('politicians', 'democrats', 0.5317054), ('politicians', 'government', 0.5145743), ('politicians', 'lawmakers', 0.5712386), ('politicians', 'politics', 0.5705571), ('journalists', 'media', 0.53533655), ('religious', 'church', 0.52823746), ('religious', 'religion', 0.72264564), ('leaders', 'leadership', 0.5006184), ('leaders', 'officials', 0.54851913)]",
619,985.0,4965,146518,,,,,,,,"In a similar ruling last summer , Jones found "" overwhelming and uncontradicted evidence "" that the Boy Scouts violate the separation of church and state by having used San Diego 's Balboa Park as a summer camp since 1915 . After the City of San Diego recently capitulated to the American Civil Liberties Union in legal opposition to the Boy Scouts ' use of Balboa Park , the Scouts face a third ruling by Judge Jones in which they will likely be formally evicted from the camp .",1,"in a similar ruling last summer , jones found "" overwhelming and uncontradicted evidence "" that the boy scouts violate the separation of church and state by having used san diego 's balboa park as a summer camp since  . after the city of san diego recently capitulated to the american civil liberties union in legal opposition to the boy scouts ' use of balboa park , the scouts face a third ruling by judge jones in which they will likely be formally evicted from the camp .",475.0,88.0,10.0,0.119047619047619,"[('ruling', 'ruling', 1.0), ('boy', 'old', 0.58281416), ('church', 'church', 1.0), ('union', 'labor', 0.5315647), ('union', 'strike', 0.5092126), ('union', 'union', 1.0), ('boy', 'old', 0.58281416), ('ruling', 'ruling', 1.0), ('judge', 'court', 0.69727296), ('judge', 'judge', 1.0)]",
292,802.0,7881,1507388,,,,,,,,"Lets hope that the Legislature stays away from right to work legislation . They have run roughshod over labor the past two years , which is why we had the labor proposals on the ballot in the first place . Pass RTW legislation and you will likely see collective bargaining on the ballot again , and the outcome likely will be different . We can reinvigorate this state and move it forward without destroying organized labor . <h> Stephen Brown",1,"lets hope that the legislature stays away from right to work legislation . they have run roughshod over labor the past two years , which is why we had the labor proposals on the ballot in the first place . pass rtw legislation and you will likely see collective bargaining on the ballot again , and the outcome likely will be different . we can reinvigorate this state and move it forward without destroying organized labor .  stephen brown",440.0,79.0,28.0,0.3835616438356164,"[('legislature', 'government', 0.53072894), ('legislature', 'lawmakers', 0.6569546), ('legislature', 'legislation', 0.5324808), ('legislature', 'senate', 0.63771415), ('legislation', 'bill', 0.81843793), ('legislation', 'law', 0.58004606), ('legislation', 'lawmakers', 0.553626), ('legislation', 'legislation', 1.0), ('legislation', 'reform', 0.57821727), ('labor', 'labor', 1.0), ('labor', 'union', 0.5315647), ('labor', 'labor', 1.0), ('labor', 'union', 0.5315647), ('proposals', 'legislation', 0.5197717), ('ballot', 'election', 0.5498452), ('ballot', 'vote', 0.6215823), ('ballot', 'voters', 0.60776913), ('legislation', 'bill', 0.81843793), ('legislation', 'law', 0.58004606), ('legislation', 'lawmakers', 0.553626), ('legislation', 'legislation', 1.0), ('legislation', 'reform', 0.57821727), ('bargaining', 'union', 0.544518), ('ballot', 'election', 0.5498452), ('ballot', 'vote', 0.6215823), ('ballot', 'voters', 0.60776913), ('labor', 'labor', 1.0), ('labor', 'union', 0.5315647)]",
69,454.0,1506,773117,,,,,,,,"In the early 1900s , we had a free market in legal education . People could go to a law school , and the institutions varied considerably . Few schools tried to keep students enrolled for three years , since most students thought the benefits of additional years were n't worth the costs . But the majority of lawyers did not go to law school at all . Instead , @ @ @ @ @ @ @ @ @ @ Many became extraordinary lawyers and jurists .",1,"in the early s , we had a free market in legal education . people could go to a law school , and the institutions varied considerably . few schools tried to keep students enrolled for three years , since most students thought the benefits of additional years were n't worth the costs . but the majority of lawyers did not go to law school at all . instead , @ @ @ @ @ @ @ @ @ @ many became extraordinary lawyers and jurists .",425.0,87.0,20.0,0.2941176470588235,"[('market', 'prices', 0.51924664), ('education', 'education', 1.0), ('education', 'school', 0.50553805), ('law', 'law', 1.0), ('law', 'legislation', 0.58004606), ('law', 'rule', 0.5247162), ('school', 'education', 0.50553805), ('school', 'school', 0.99999994), ('institutions', 'banks', 0.61507833), ('schools', 'education', 0.5620153), ('schools', 'school', 0.74119085), ('students', 'school', 0.63015234), ('students', 'school', 0.63015234), ('benefits', 'benefits', 1.0), ('costs', 'prices', 0.5252757), ('law', 'law', 1.0), ('law', 'legislation', 0.58004606), ('law', 'rule', 0.5247162), ('school', 'education', 0.50553805), ('school', 'school', 0.99999994)]",
671,103.0,6785,427146,,,,,,,,"Now , if the campaign has lists of newly-registered voters , that could really be important , since they may be drop-outs on election day , not know where to vote , or the like . But in general , I 've been disappointed in what I had achieved in a day ( or a few hours ) .",1,"now , if the campaign has lists of newly-registered voters , that could really be important , since they may be drop-outs on election day , not know where to vote , or the like . but in general , i 've been disappointed in what i had achieved in a day ( or a few hours ) .",272.0,59.0,11.0,0.2244897959183673,"[('campaign', 'campaign', 1.0), ('voters', 'election', 0.5857161), ('voters', 'vote', 0.5841916), ('voters', 'voters', 1.0), ('election', 'candidate', 0.50569105), ('election', 'election', 1.0), ('election', 'vote', 0.602672), ('election', 'voters', 0.5857161), ('vote', 'election', 0.602672), ('vote', 'vote', 1.0), ('vote', 'voters', 0.5841916)]",
383,1091.0,8663,552759,,,,,,,,"From running blurbs in church bulletins to organizing "" meet-the-candidates forums "" and other voter education events , parishes across the Archdiocese of Hartford have spent months preparing for Election Day .",1,"from running blurbs in church bulletins to organizing "" meet-the-candidates forums "" and other voter education events , parishes across the archdiocese of hartford have spent months preparing for election day .",210.0,32.0,11.0,0.3666666666666666,"[('church', 'church', 1.0), ('voter', 'election', 0.5171277), ('voter', 'voters', 0.7541878), ('education', 'education', 1.0), ('education', 'school', 0.50553805), ('parishes', 'church', 0.5641351), ('archdiocese', 'church', 0.55756), ('election', 'candidate', 0.50569105), ('election', 'election', 1.0), ('election', 'vote', 0.602672), ('election', 'voters', 0.5857161)]",
358,842.0,4688,1014819,,,,,,,,"In FY 2007 alone , states raised general fund spending by 9.3 percent , well above the 30-year average of 6.4 percent . 18 states saw spending rise by at least 10 percent . The only real news here is that state governments are finding themselves in a fiscal "" hole "" because they gorged on revenues when times were good , and now they have been fat so long they forgot how to go on a diet",1,"in fy  alone , states raised general fund spending by . percent , well above the -year average of . percent .  states saw spending rise by at least  percent . the only real news here is that state governments are finding themselves in a fiscal "" hole "" because they gorged on revenues when times were good , and now they have been fat so long they forgot how to go on a diet",374.0,75.0,13.0,0.1911764705882352,"[('fund', 'funding', 0.54371524), ('fund', 'money', 0.578971), ('spending', 'budget', 0.56915724), ('spending', 'spending', 1.0), ('spending', 'budget', 0.56915724), ('spending', 'spending', 1.0), ('news', 'news', 1.0), ('governments', 'government', 0.6521534), ('fiscal', 'budget', 0.59004045), ('fiscal', 'fiscal', 1.0), ('revenues', 'fiscal', 0.5324016), ('fat', 'fat', 1.0), ('diet', 'fat', 0.50186753)]",
328,959.0,6693,175973,,,,,,,,"On the other hand , American voters are still attached to the idea of the death penalty for the worst murders , so it 's probably necessary to propose a reassuringly harsh substitute penalty . If you have to sell abolishing the death penalty to voters , life without parole may well be a necessary substitute .",1,"on the other hand , american voters are still attached to the idea of the death penalty for the worst murders , so it 's probably necessary to propose a reassuringly harsh substitute penalty . if you have to sell abolishing the death penalty to voters , life without parole may well be a necessary substitute .",310.0,57.0,18.0,0.3461538461538461,"[('voters', 'election', 0.5857161), ('voters', 'vote', 0.5841916), ('voters', 'voters', 1.0), ('death', 'death', 1.0), ('death', 'killing', 0.576015), ('death', 'murder', 0.6415225), ('murders', 'crime', 0.6168579), ('murders', 'death', 0.52453053), ('murders', 'killing', 0.6089604), ('murders', 'murder', 0.82136667), ('murders', 'violence', 0.50538343), ('death', 'death', 1.0), ('death', 'killing', 0.576015), ('death', 'murder', 0.6415225), ('voters', 'election', 0.5857161), ('voters', 'vote', 0.5841916), ('voters', 'voters', 1.0), ('parole', 'prison', 0.63602215)]",
441,1087.0,4193,1444000,,,,,,,,"In the Washington , D.C. area serial sniper case , John Allen Muhammad , a former U.S. Army Staff Sergeant , and Lee Boyd Malvo killed primarily for anger and thrill motivations . They were able to terrorize the greater Washington , D.C. metro area for three weeks , shooting 13 victims , killing 10 of them . They communicated with the police by leaving notes , and they attempted to extort money to stop the shootings . They are suspected in a number of other shootings in seven other states .",1,"in the washington , d.c. area serial sniper case , john allen muhammad , a former u.s. army staff sergeant , and lee boyd malvo killed primarily for anger and thrill motivations . they were able to terrorize the greater washington , d.c. metro area for three weeks , shooting  victims , killing  of them . they communicated with the police by leaving notes , and they attempted to extort money to stop the shootings . they are suspected in a number of other shootings in seven other states .",491.0,90.0,18.0,0.2307692307692307,"[('army', 'army', 1.0), ('army', 'military', 0.6824313), ('sergeant', 'police', 0.51352024), ('killed', 'killing', 0.7126882), ('shooting', 'shooting', 1.0), ('victims', 'victim', 0.67437744), ('killing', 'death', 0.576015), ('killing', 'killing', 0.99999994), ('killing', 'murder', 0.63495654), ('police', 'investigators', 0.52164876), ('police', 'police', 1.0), ('money', 'money', 1.0), ('shootings', 'murder', 0.5388982), ('shootings', 'shooting', 0.60063326), ('shootings', 'violence', 0.5088129), ('shootings', 'murder', 0.5388982), ('shootings', 'shooting', 0.60063326), ('shootings', 'violence', 0.5088129)]",
170,502.0,9132,1197548,,,,,,,,"Since then , polls have given us quite a different picture . Romney comes out on top in four of the last six . The recent data is enough to push Colorado 's projection into GOP territory , favoring the Republican nominee by 0.5% . With this party-switcher , the projected electoral vote count is now Obama 294 , Romney 244 . Moreover , with Ohio and Virginia projected to go to Obama by 0.9 and 0.7 points , respectively , Mitt Romney is just a one-point shift away from gaining the majority in the Electoral College here at Election Projection .",1,"since then , polls have given us quite a different picture . romney comes out on top in four of the last six . the recent data is enough to push colorado 's projection into gop territory , favoring the republican nominee by .% . with this party-switcher , the projected electoral vote count is now obama  , romney  . moreover , with ohio and virginia projected to go to obama by . and . points , respectively , mitt romney is just a one-point shift away from gaining the majority in the electoral college here at election projection .",534.0,100.0,18.0,0.2117647058823529,"[('polls', 'election', 0.6596775), ('polls', 'poll', 0.7592546), ('polls', 'vote', 0.54250556), ('polls', 'voters', 0.61303115), ('gop', 'democrats', 0.5756108), ('republican', 'democrats', 0.60743797), ('republican', 'republican', 1.0), ('nominee', 'candidate', 0.59014064), ('electoral', 'election', 0.7147979), ('vote', 'election', 0.602672), ('vote', 'vote', 1.0), ('vote', 'voters', 0.5841916), ('electoral', 'election', 0.7147979), ('college', 'school', 0.6081898), ('election', 'candidate', 0.50569105), ('election', 'election', 1.0), ('election', 'vote', 0.602672), ('election', 'voters', 0.5857161)]",
113,336.0,8893,1432585,,,,,,,,"Top religious leaders from across the country have during previous occasions asked Parliament to speed @ @ @ @ @ @ @ @ @ @ prevent what they called "" an attack on the Bible and the institution of marriage "" .",1,"top religious leaders from across the country have during previous occasions asked parliament to speed @ @ @ @ @ @ @ @ @ @ prevent what they called "" an attack on the bible and the institution of marriage "" .",208.0,42.0,12.0,0.3870967741935484,"[('religious', 'church', 0.52823746), ('religious', 'religion', 0.72264564), ('leaders', 'leadership', 0.5006184), ('leaders', 'officials', 0.54851913), ('country', 'country', 1.0), ('country', 'nation', 0.7242872), ('country', 'world', 0.59803855), ('parliament', 'congress', 0.5068923), ('parliament', 'government', 0.5268454), ('parliament', 'senate', 0.5120271), ('attack', 'attack', 1.0), ('marriage', 'marriage', 0.99999994)]",
773,762.0,9770,301036,,,,,,,,"One important caveat : the most recent data from Kaiser is for 2009-2010 . These rates may have changed in the past two years . And governors elected in 2010 ca n't rightly be blamed or credited for data that predates their terms . But broadly speaking , uninsurance is a bigger problem in the south than in the rest of the country . And that 's the region where governors and lawmakers are going to be under the most pressure to buck the provisions of the ACA that would do the most to provide coverage to their uninsured populations .",1,"one important caveat : the most recent data from kaiser is for - . these rates may have changed in the past two years . and governors elected in  ca n't rightly be blamed or credited for data that predates their terms . but broadly speaking , uninsurance is a bigger problem in the south than in the rest of the country . and that 's the region where governors and lawmakers are going to be under the most pressure to buck the provisions of the aca that would do the most to provide coverage to their uninsured populations .",524.0,100.0,11.0,0.1182795698924731,"[('elected', 'election', 0.56267977), ('country', 'country', 1.0), ('country', 'nation', 0.7242872), ('country', 'world', 0.59803855), ('region', 'country', 0.60151464), ('lawmakers', 'bill', 0.51364386), ('lawmakers', 'lawmakers', 1.0), ('lawmakers', 'legislation', 0.553626), ('provisions', 'bill', 0.5040877), ('provisions', 'legislation', 0.57616246), ('uninsured', 'insurance', 0.59441644)]",
549,280.0,1430,268264,,,,,,,,"True Majority ' s panel of high-ranking retired military and Dept. of Defense officials says , "" $60 billion can be trimmed from the Pentagon budget without putting our troops at risk , weakening our national defense , or hurting our ability to fight terrorists . """,1,"true majority ' s panel of high-ranking retired military and dept. of defense officials says , "" $ billion can be trimmed from the pentagon budget without putting our troops at risk , weakening our national defense , or hurting our ability to fight terrorists . """,263.0,47.0,15.0,0.3488372093023256,"[('military', 'army', 0.6824313), ('military', 'military', 1.0), ('defense', 'defense', 1.0), ('officials', 'investigators', 0.50950015), ('officials', 'officials', 0.99999994), ('budget', 'budget', 0.99999994), ('budget', 'cuts', 0.5091997), ('budget', 'deficit', 0.5496122), ('budget', 'fiscal', 0.59004045), ('budget', 'funding', 0.5415), ('budget', 'spending', 0.56915724), ('troops', 'army', 0.5831467), ('troops', 'military', 0.5933918), ('defense', 'defense', 1.0), ('fight', 'fighting', 0.79230136)]",
316,776.0,4270,414583,,,,,,,,"In the run-up to Election Day , we will keep you up-to-date on the latest developments involving each of the prospective candidates , with an in-depth @ @ @ @ @ @ @ @ @ @ as providing a comprehensive ( and growing ) biographical background that will hopefully assist you in evaluating their ability and philosophy to lead the nation .",1,"in the run-up to election day , we will keep you up-to-date on the latest developments involving each of the prospective candidates , with an in-depth @ @ @ @ @ @ @ @ @ @ as providing a comprehensive ( and growing ) biographical background that will hopefully assist you in evaluating their ability and philosophy to lead the nation .",334.0,62.0,11.0,0.2340425531914893,"[('election', 'candidate', 0.50569105), ('election', 'election', 1.0), ('election', 'vote', 0.602672), ('election', 'voters', 0.5857161), ('candidates', 'candidate', 0.79427433), ('candidates', 'election', 0.507066), ('candidates', 'voters', 0.5279368), ('philosophy', 'strategy', 0.5095228), ('nation', 'country', 0.7242872), ('nation', 'nation', 1.0), ('nation', 'world', 0.57605803)]",
147,1050.0,120,1083193,,,,,,,,"MANDATE : noun ( 1 ) an official order or authorization. ( 2 ) the authority to carry out a policy , regarded as given by the electorate to party or candidate that wins an election .",1,"mandate : noun (  ) an official order or authorization. (  ) the authority to carry out a policy , regarded as given by the electorate to party or candidate that wins an election .",180.0,35.0,13.0,0.4642857142857143,"[('official', 'officials', 0.542246), ('authority', 'authority', 1.0), ('policy', 'policy', 1.0), ('policy', 'strategy', 0.525799), ('electorate', 'election', 0.5620242), ('electorate', 'voters', 0.7411989), ('party', 'parties', 0.67454803), ('candidate', 'candidate', 1.0), ('candidate', 'election', 0.50569105), ('election', 'candidate', 0.50569105), ('election', 'election', 1.0), ('election', 'vote', 0.602672), ('election', 'voters', 0.5857161)]",
291,730.0,8980,472996,,,,,,,,"The Globe , owned by the New York Times Co. , is a paper that thrives on politics . The Globe won six Pulitzer Prizes during Baron 's tenure -- including a public service medal for exposing sexual abuse by clergy in the Catholic Church--even as it became more local in focus and grappled with its own cutbacks .",1,"the globe , owned by the new york times co. , is a paper that thrives on politics . the globe won six pulitzer prizes during baron 's tenure -- including a public service medal for exposing sexual abuse by clergy in the catholic church--even as it became more local in focus and grappled with its own cutbacks .",311.0,59.0,10.0,0.1851851851851851,"[('globe', 'country', 0.51374614), ('globe', 'world', 0.69459975), ('politics', 'politics', 0.99999994), ('globe', 'country', 0.51374614), ('globe', 'world', 0.69459975), ('sexual', 'sex', 0.76947415), ('abuse', 'abuse', 1.0), ('abuse', 'violence', 0.5029986), ('clergy', 'church', 0.60814273), ('cutbacks', 'cuts', 0.7749226)]",
490,663.0,6025,395920,,,,,,,,"In case a person want obtain the actual greatest option medication recommend , a person might check out . mediclab. information This is actually 1 associated with the actual top on the internet wellness attention businesses which provides several health care providers in order to individuals . Correct through nutrious meals in order to bodyweight administration suggestions , in order to much more severe issues such @ @ @ @ @ @ @ @ @ @ illness , they will tend to be capable in order to provide useful guidance as well as assistance in order to the actual sufferers .",1,"in case a person want obtain the actual greatest option medication recommend , a person might check out . mediclab. information this is actually  associated with the actual top on the internet wellness attention businesses which provides several health care providers in order to individuals . correct through nutrious meals in order to bodyweight administration suggestions , in order to much more severe issues such @ @ @ @ @ @ @ @ @ @ illness , they will tend to be capable in order to provide useful guidance as well as assistance in order to the actual sufferers .",569.0,100.0,10.0,0.119047619047619,"[('medication', 'drug', 0.54208946), ('wellness', 'health', 0.5777888), ('health', 'health', 1.0), ('administration', 'administration', 1.0), ('administration', 'government', 0.5462369), ('issues', 'concerns', 0.59313965), ('illness', 'disease', 0.60032886), ('illness', 'sickness', 0.67991906), ('assistance', 'aid', 0.69736254), ('assistance', 'support', 0.5207138)]",
428,972.0,917,1394270,,,,,,,,"The Quartet notes with deep concern that genuine action is still needed so that an empowered Prime Minister and cabinet can fulfil the Palestinian Authority 's obligations under the Road Map , including an unequivocal end to violence and terrorism , and the dismantlement of terrorist capabilities and infrastructure . The Quartet noted in this regard the need for the Palestinian Authority to prepare for assumption of control over Gaza , in particular by reforming its security forces and re-establishing the rule of law .",1,"the quartet notes with deep concern that genuine action is still needed so that an empowered prime minister and cabinet can fulfil the palestinian authority 's obligations under the road map , including an unequivocal end to violence and terrorism , and the dismantlement of terrorist capabilities and infrastructure . the quartet noted in this regard the need for the palestinian authority to prepare for assumption of control over gaza , in particular by reforming its security forces and re-establishing the rule of law .",524.0,85.0,16.0,0.2,"[('concern', 'concerns', 0.7805205), ('authority', 'authority', 1.0), ('violence', 'abuse', 0.5029986), ('violence', 'crime', 0.53571737), ('violence', 'violence', 1.0), ('authority', 'authority', 1.0), ('control', 'control', 1.0), ('reforming', 'reform', 0.7346484), ('security', 'security', 1.0), ('forces', 'army', 0.58733), ('forces', 'force', 0.519529), ('rule', 'law', 0.5247162), ('rule', 'rule', 1.0), ('law', 'law', 1.0), ('law', 'legislation', 0.58004606), ('law', 'rule', 0.5247162)]",
819,1024.0,4682,888635,,,,,,,,"I 'm sure this shooter took a required firearms safety course , submitted his firearms owner application to the state police for background check , and maybe even took a few rounds of practice at the local Fresno @ @ @ @ @ @ @ @ @ @ more laws here to prevent this from happening again and someone should fire the State employee who ran the background check and missed that he was a former felon . Another failure of big-government bureaucracy and insufficient gun laws .",1,"i 'm sure this shooter took a required firearms safety course , submitted his firearms owner application to the state police for background check , and maybe even took a few rounds of practice at the local fresno @ @ @ @ @ @ @ @ @ @ more laws here to prevent this from happening again and someone should fire the state employee who ran the background check and missed that he was a former felon . another failure of big-government bureaucracy and insufficient gun laws .",470.0,88.0,13.0,0.1756756756756756,"[('shooter', 'shooting', 0.6247083), ('firearms', 'gun', 0.7284993), ('firearms', 'weapons', 0.673525), ('firearms', 'gun', 0.7284993), ('firearms', 'weapons', 0.673525), ('police', 'investigators', 0.52164876), ('police', 'police', 1.0), ('laws', 'law', 0.7399262), ('laws', 'legislation', 0.5993766), ('gun', 'gun', 1.0), ('gun', 'weapons', 0.54864347), ('laws', 'law', 0.7399262), ('laws', 'legislation', 0.5993766)]",
448,381.0,1920,809785,,,,,,,,"Now , the proponents of this budget will tell us we have to make all these draconian cuts because our deficit is so large ; this is an existential crisis , we have to think about future generations , so on and so on . And that argument might have a shred of credibility were it not for their proposal to also spend $4.6 trillion over the next decade on lower tax rates .",1,"now , the proponents of this budget will tell us we have to make all these draconian cuts because our deficit is so large ; this is an existential crisis , we have to think about future generations , so on and so on . and that argument might have a shred of credibility were it not for their proposal to also spend $. trillion over the next decade on lower tax rates .",368.0,74.0,15.0,0.2205882352941176,"[('budget', 'budget', 0.99999994), ('budget', 'cuts', 0.5091997), ('budget', 'deficit', 0.5496122), ('budget', 'fiscal', 0.59004045), ('budget', 'funding', 0.5415), ('budget', 'spending', 0.56915724), ('cuts', 'budget', 0.5091997), ('cuts', 'cuts', 1.0), ('deficit', 'budget', 0.5496122), ('deficit', 'deficit', 1.0), ('crisis', 'crisis', 1.0), ('proposal', 'bill', 0.5933779), ('proposal', 'legislation', 0.57617754), ('spend', 'spending', 0.61048067), ('tax', 'tax', 1.0)]",
649,141.0,4930,1208105,,,,,,,,"In an opportunistic change of heart -- or rhetoric -- Democratic leaders like Representative Chris Van Hollen and Senator Kent Conrad have suggested that a tax-reform proposal advanced by Mitt Romney during the presidential campaign may be a critical part of any bargain to address the "" fiscal cliff . "" That 's right : The @ @ @ @ @ @ @ @ @ @ sketchy deal "" during the fall campaign has now become the one policy option that might avert disaster . The only problem is that Democrats are n't actually considering anything even ...",1,"in an opportunistic change of heart -- or rhetoric -- democratic leaders like representative chris van hollen and senator kent conrad have suggested that a tax-reform proposal advanced by mitt romney during the presidential campaign may be a critical part of any bargain to address the "" fiscal cliff . "" that 's right : the @ @ @ @ @ @ @ @ @ @ sketchy deal "" during the fall campaign has now become the one policy option that might avert disaster . the only problem is that democrats are n't actually considering anything even ...",531.0,98.0,16.0,0.1951219512195122,"[('democratic', 'democrats', 0.55152744), ('democratic', 'republican', 0.505419), ('leaders', 'leadership', 0.5006184), ('leaders', 'officials', 0.54851913), ('senator', 'senate', 0.559585), ('proposal', 'bill', 0.5933779), ('proposal', 'legislation', 0.57617754), ('presidential', 'election', 0.6043894), ('campaign', 'campaign', 1.0), ('fiscal', 'budget', 0.59004045), ('fiscal', 'fiscal', 1.0), ('campaign', 'campaign', 1.0), ('policy', 'policy', 1.0), ('policy', 'strategy', 0.525799), ('democrats', 'democrats', 0.99999994), ('democrats', 'republican', 0.60743797)]",
253,351.0,4555,1386666,,,,,,,,"Many of the concerns Americans have about the spending and taxing habits of elected officials could be allieviated by simply following the Constitutional provisions limiting the federal government to only those actions specificially enumerated . Having said that , I find it amusing that the Leftists posting here have been the ones calling names , shouting invective , and sliming the opposition . So much for tolerance , compassion , caring , and kindness . Of course , that probably means I 'm a "" Nazi . "" Yawn .",1,"many of the concerns americans have about the spending and taxing habits of elected officials could be allieviated by simply following the constitutional provisions limiting the federal government to only those actions specificially enumerated . having said that , i find it amusing that the leftists posting here have been the ones calling names , shouting invective , and sliming the opposition . so much for tolerance , compassion , caring , and kindness . of course , that probably means i 'm a "" nazi . "" yawn .",516.0,90.0,14.0,0.1794871794871795,"[('concerns', 'concerns', 1.0), ('spending', 'budget', 0.56915724), ('spending', 'spending', 1.0), ('taxing', 'tax', 0.5680249), ('elected', 'election', 0.56267977), ('officials', 'investigators', 0.50950015), ('officials', 'officials', 0.99999994), ('constitutional', 'law', 0.517506), ('provisions', 'bill', 0.5040877), ('provisions', 'legislation', 0.57616246), ('federal', 'government', 0.5094332), ('government', 'administration', 0.5462369), ('government', 'government', 1.0), ('leftists', 'democrats', 0.57322663)]",
800,741.0,6176,1677859,,,,,,,,"This is wildly misleading . It 's true that when Obama took office , gas cost about $1.81 a gallon , and it 's more than double now . And how did gas prices get so low in late 2008 and early 2009 ? Because there was a global economic catastrophe -- gas was cheap because the economy had @ @ @ @ @ @ @ @ @ @ stop . As the economy improved , demand went up , and the price of gas started climbing . It 's Economics 101 .",1,"this is wildly misleading . it 's true that when obama took office , gas cost about $. a gallon , and it 's more than double now . and how did gas prices get so low in late  and early  ? because there was a global economic catastrophe -- gas was cheap because the economy had @ @ @ @ @ @ @ @ @ @ stop . as the economy improved , demand went up , and the price of gas started climbing . it 's economics  .",404.0,90.0,16.0,0.2318840579710145,"[('gas', 'gas', 1.0), ('gas', 'oil', 0.7105981), ('gas', 'gas', 1.0), ('gas', 'oil', 0.7105981), ('prices', 'prices', 1.0), ('global', 'world', 0.5744006), ('economic', 'economy', 0.7219074), ('catastrophe', 'crisis', 0.52687895), ('gas', 'gas', 1.0), ('gas', 'oil', 0.7105981), ('economy', 'economy', 1.0), ('economy', 'economy', 1.0), ('demand', 'prices', 0.5531142), ('price', 'prices', 0.74903214), ('gas', 'gas', 1.0), ('gas', 'oil', 0.7105981)]",
117,683.0,7973,572491,,,,,,,,It is talk like Peter King 's that fosters hate speech and hostility toward something we do n't @ @ @ @ @ @ @ @ @ @ getting here . We ca n't blame the religion of Islam for the violence of some adherants . We may as well blame all Americans for the violence of this administration . It has certainly killed more people that all radical islamists combined .,1,it is talk like peter king 's that fosters hate speech and hostility toward something we do n't @ @ @ @ @ @ @ @ @ @ getting here . we ca n't blame the religion of islam for the violence of some adherants . we may as well blame all americans for the violence of this administration . it has certainly killed more people that all radical islamists combined .,356.0,72.0,11.0,0.1896551724137931,"[('religion', 'religion', 1.0), ('islam', 'religion', 0.50150514), ('violence', 'abuse', 0.5029986), ('violence', 'crime', 0.53571737), ('violence', 'violence', 1.0), ('violence', 'abuse', 0.5029986), ('violence', 'crime', 0.53571737), ('violence', 'violence', 1.0), ('administration', 'administration', 1.0), ('administration', 'government', 0.5462369), ('killed', 'killing', 0.7126882)]",
916,429.0,7721,357806,,,,,,,,"FILE- In this Oct. 18 , 2002 file photo , Hindu hardline Shiv Sena party leader Bal Thackeray speaks at a press conference at his residence in Mumbai , India . Thackeray , the extremist leader linked to waves of mob violence against Muslims and migrant workers , has died Saturday , Nov. 17 , 2012 , after ailing for several weeks . He was 86 . ( AP Photo/Rajesh Nirgude , File ) <h> Bal Thackeray",1,"file- in this oct.  ,  file photo , hindu hardline shiv sena party leader bal thackeray speaks at a press conference at his residence in mumbai , india . thackeray , the extremist leader linked to waves of mob violence against muslims and migrant workers , has died saturday , nov.  ,  , after ailing for several weeks . he was  . ( ap photo/rajesh nirgude , file )  bal thackeray",380.0,71.0,10.0,0.175438596491228,"[('party', 'parties', 0.67454803), ('leader', 'leadership', 0.5659864), ('press', 'media', 0.6013203), ('press', 'news', 0.519518), ('leader', 'leadership', 0.5659864), ('violence', 'abuse', 0.5029986), ('violence', 'crime', 0.53571737), ('violence', 'violence', 1.0), ('migrant', 'immigration', 0.5222975), ('died', 'death', 0.5448643)]",
778,75.0,1350,710598,,,,,,,,"Today , 11 October , marks the first ever International Day of the Girl Child , a day set by the United Nations to highlight the challenges girls face and to promote girls ? empowerment and the fulfilment of their human rights . This year ? s theme is ? Ending Child Marriage ? , chosen because child marriage denies a girl of her childhood , disrupts her education , limits her opportunities , increases her risk of violence and abuse , and jeopardizes her health",1,"today ,  october , marks the first ever international day of the girl child , a day set by the united nations to highlight the challenges girls face and to promote girls ? empowerment and the fulfilment of their human rights . this year ? s theme is ? ending child marriage ? , chosen because child marriage denies a girl of her childhood , disrupts her education , limits her opportunities , increases her risk of violence and abuse , and jeopardizes her health",462.0,85.0,14.0,0.1944444444444444,"[('girl', 'old', 0.50547075), ('marriage', 'marriage', 0.99999994), ('marriage', 'marriage', 0.99999994), ('girl', 'old', 0.50547075), ('education', 'education', 1.0), ('education', 'school', 0.50553805), ('limits', 'restrictions', 0.6447642), ('increases', 'cuts', 0.592605), ('violence', 'abuse', 0.5029986), ('violence', 'crime', 0.53571737), ('violence', 'violence', 1.0), ('abuse', 'abuse', 1.0), ('abuse', 'violence', 0.5029986), ('health', 'health', 1.0)]",
2,876.0,74,1021371,,,,,,,,"And that 's up to 5 years and $10,000.00 for each wiretap ; 1,000 wiretaps = 5,000 years in prison and a $10,000,000.00 fine . . . which sounds about right @ @ @ @ @ @ @ @ @ @ not apply to the president . The law applies ONLY to government employees , and President Carter 's signing statement made it clear what he agreed to when he signed it into law :",1,"and that 's up to  years and $,. for each wiretap ; , wiretaps = , years in prison and a $,,. fine . . . which sounds about right @ @ @ @ @ @ @ @ @ @ not apply to the president . the law applies only to government employees , and president carter 's signing statement made it clear what he agreed to when he signed it into law :",328.0,74.0,11.0,0.2,"[('prison', 'prison', 1.0), ('president', 'president', 1.0), ('law', 'law', 1.0), ('law', 'legislation', 0.58004606), ('law', 'rule', 0.5247162), ('government', 'administration', 0.5462369), ('government', 'government', 1.0), ('president', 'president', 1.0), ('law', 'law', 1.0), ('law', 'legislation', 0.58004606), ('law', 'rule', 0.5247162)]",
140,543.0,8959,111769,,,,,,,,"Scott also said he is open to considering changes in the 2011 election law , which Democrats and other critics have blamed for some of the 2012 problems , citing the reduction of the early-voting period from 14 days to eight as one of the causes .",1,"scott also said he is open to considering changes in the  election law , which democrats and other critics have blamed for some of the  problems , citing the reduction of the early-voting period from  days to eight as one of the causes .",237.0,44.0,10.0,0.2439024390243902,"[('election', 'candidate', 0.50569105), ('election', 'election', 1.0), ('election', 'vote', 0.602672), ('election', 'voters', 0.5857161), ('law', 'law', 1.0), ('law', 'legislation', 0.58004606), ('law', 'rule', 0.5247162), ('democrats', 'democrats', 0.99999994), ('democrats', 'republican', 0.60743797), ('reduction', 'cuts', 0.54326373)]",
279,626.0,3307,904006,,,,,,,,"I would hope that we would n't need to have laws against murder , if I was hopelessly naive about everyone agreeing that murder is wrong , agreeing not to do it , and having perfect impulse control .",1,"i would hope that we would n't need to have laws against murder , if i was hopelessly naive about everyone agreeing that murder is wrong , agreeing not to do it , and having perfect impulse control .",199.0,39.0,11.0,0.3142857142857143,"[('laws', 'law', 0.7399262), ('laws', 'legislation', 0.5993766), ('murder', 'crime', 0.53367186), ('murder', 'death', 0.6415225), ('murder', 'killing', 0.63495654), ('murder', 'murder', 1.0), ('murder', 'crime', 0.53367186), ('murder', 'death', 0.6415225), ('murder', 'killing', 0.63495654), ('murder', 'murder', 1.0), ('control', 'control', 1.0)]",
553,916.0,7381,1070617,,,,,,,,"Well , actually , Jews do n't hold that every non-Jew is going to hell , we have a special @ @ @ @ @ @ @ @ @ @ basically ethical human beings . It 's the Noahide Laws -- while the first two are about recognizing G-d in some way , the other 5 are worth following even if you do n't believe in any god : No murder , no theft , no sexual immorality , do n't take a limb from a living animal to eat , and set up honest courts of law .",1,"well , actually , jews do n't hold that every non-jew is going to hell , we have a special @ @ @ @ @ @ @ @ @ @ basically ethical human beings . it 's the noahide laws -- while the first two are about recognizing g-d in some way , the other  are worth following even if you do n't believe in any god : no murder , no theft , no sexual immorality , do n't take a limb from a living animal to eat , and set up honest courts of law .",429.0,98.0,12.0,0.1578947368421052,"[('laws', 'law', 0.7399262), ('laws', 'legislation', 0.5993766), ('murder', 'crime', 0.53367186), ('murder', 'death', 0.6415225), ('murder', 'killing', 0.63495654), ('murder', 'murder', 1.0), ('sexual', 'sex', 0.76947415), ('courts', 'court', 0.72129905), ('courts', 'judge', 0.526229), ('law', 'law', 1.0), ('law', 'legislation', 0.58004606), ('law', 'rule', 0.5247162)]",
443,644.0,2310,309867,,,,,,,,"American Exceptionalism is and ought not to be the bullying politics of imperialism , jingoism , and a belief that this country never apologizes abroad because "" god "" mandated us above the rest of the world . No , American Exceptionalism , as demonstrated by today 's events , is embodied by the People evaluating two candidates , voting in the best one , and soundly rejecting policies that played to the worst of us and not the best of us .",1,"american exceptionalism is and ought not to be the bullying politics of imperialism , jingoism , and a belief that this country never apologizes abroad because "" god "" mandated us above the rest of the world . no , american exceptionalism , as demonstrated by today 's events , is embodied by the people evaluating two candidates , voting in the best one , and soundly rejecting policies that played to the worst of us and not the best of us .",443.0,83.0,12.0,0.1621621621621621,"[('bullying', 'abuse', 0.53148526), ('politics', 'politics', 0.99999994), ('country', 'country', 1.0), ('country', 'nation', 0.7242872), ('country', 'world', 0.59803855), ('candidates', 'candidate', 0.79427433), ('candidates', 'election', 0.507066), ('candidates', 'voters', 0.5279368), ('voting', 'election', 0.5065524), ('voting', 'vote', 0.72739744), ('voting', 'voters', 0.52248776), ('policies', 'policy', 0.76456714)]",
883,511.0,5485,1023739,,,,,,,,"As I 'm sure you already know , voter suppression tactics and voter fraud are two different things . I would go on to say that voting fraud is yet another category . While it is true that there has been no evidence to support widespread voting fraud on the part of voters -- we do not have the same assurance that the apparatus voters use are equally as transparent . This is the real issue , not whether the Anon story is a true one or not .",1,"as i 'm sure you already know , voter suppression tactics and voter fraud are two different things . i would go on to say that voting fraud is yet another category . while it is true that there has been no evidence to support widespread voting fraud on the part of voters -- we do not have the same assurance that the apparatus voters use are equally as transparent . this is the real issue , not whether the anon story is a true one or not .",442.0,89.0,17.0,0.2073170731707317,"[('voter', 'election', 0.5171277), ('voter', 'voters', 0.7541878), ('voter', 'election', 0.5171277), ('voter', 'voters', 0.7541878), ('voting', 'election', 0.5065524), ('voting', 'vote', 0.72739744), ('voting', 'voters', 0.52248776), ('support', 'support', 1.0), ('voting', 'election', 0.5065524), ('voting', 'vote', 0.72739744), ('voting', 'voters', 0.52248776), ('voters', 'election', 0.5857161), ('voters', 'vote', 0.5841916), ('voters', 'voters', 1.0), ('voters', 'election', 0.5857161), ('voters', 'vote', 0.5841916), ('voters', 'voters', 1.0)]",
556,706.0,2162,901676,,,,,,,,1 . The top 50% of taxpayers pay 97% of the income tax . The 50% who pay 3% of income taxes are mostly Democrats . They do n't care if Dems stick it to the rich . They depend on that rape of the Golden Goose for their goodies .,1, . the top % of taxpayers pay % of the income tax . the % who pay % of income taxes are mostly democrats . they do n't care if dems stick it to the rich . they depend on that rape of the golden goose for their goodies .,219.0,50.0,11.0,0.2682926829268293,"[('taxpayers', 'tax', 0.54521495), ('income', 'tax', 0.5878002), ('tax', 'tax', 1.0), ('income', 'tax', 0.5878002), ('taxes', 'tax', 0.84042203), ('democrats', 'democrats', 0.99999994), ('democrats', 'republican', 0.60743797), ('dems', 'democrats', 0.6899682), ('rape', 'abuse', 0.50282216), ('rape', 'murder', 0.6630348), ('rape', 'sex', 0.5379458)]",
782,809.0,5429,1179701,,,,,,,,"&gt;&gt; no house republican should be bamboozled into this idea that the only person who has a mandate is barack obama . the house republicans have a mandate . it 's fundamentally different than the president 's mandate . instead , to say , paul ryan is going forth a solution , we 'll gather votes for it . i guarantee you 'll get the democratic substitute .",1,"&gt;&gt; no house republican should be bamboozled into this idea that the only person who has a mandate is barack obama . the house republicans have a mandate . it 's fundamentally different than the president 's mandate . instead , to say , paul ryan is going forth a solution , we 'll gather votes for it . i guarantee you 'll get the democratic substitute .",360.0,68.0,10.0,0.1666666666666666,"[('republican', 'democrats', 0.60743797), ('republican', 'republican', 1.0), ('republicans', 'democrats', 0.6657833), ('republicans', 'republican', 0.7488651), ('president', 'president', 1.0), ('votes', 'election', 0.50482404), ('votes', 'vote', 0.767614), ('votes', 'voters', 0.529137), ('democratic', 'democrats', 0.55152744), ('democratic', 'republican', 0.505419)]",
596,1060.0,9415,885508,,,,,,,,""" I think you would see a remarkable period of legislation on deregulating , on attracting health care into a more market-oriented system and on reforming taxes , "" Blankley says . "" But I ca n't imagine anyone who would bring the intellectual vigor or policy agenda to the table as Newt would . """,1,""" i think you would see a remarkable period of legislation on deregulating , on attracting health care into a more market-oriented system and on reforming taxes , "" blankley says . "" but i ca n't imagine anyone who would bring the intellectual vigor or policy agenda to the table as newt would . """,297.0,56.0,10.0,0.1923076923076923,"[('legislation', 'bill', 0.81843793), ('legislation', 'law', 0.58004606), ('legislation', 'lawmakers', 0.553626), ('legislation', 'legislation', 1.0), ('legislation', 'reform', 0.57821727), ('health', 'health', 1.0), ('reforming', 'reform', 0.7346484), ('taxes', 'tax', 0.84042203), ('policy', 'policy', 1.0), ('policy', 'strategy', 0.525799)]",
451,599.0,3579,422940,,,,,,,,"I believe the Tea Party is too extreme for mainstream America . I believe that we are truly a centrist nation in need of some major changes in the way we do business . Where we are is not exclusively the fault of either party , the illegal immigrants , the wars of aggression , deregulation , corporate greed , lies and fear mongering . Not exclusively , but all together with a bit of corruption and corporate manipulation has put us , as a nation , in a very precarious place .",1,"i believe the tea party is too extreme for mainstream america . i believe that we are truly a centrist nation in need of some major changes in the way we do business . where we are is not exclusively the fault of either party , the illegal immigrants , the wars of aggression , deregulation , corporate greed , lies and fear mongering . not exclusively , but all together with a bit of corruption and corporate manipulation has put us , as a nation , in a very precarious place .",479.0,93.0,11.0,0.1358024691358024,"[('party', 'parties', 0.67454803), ('centrist', 'conservative', 0.6368382), ('nation', 'country', 0.7242872), ('nation', 'nation', 1.0), ('nation', 'world', 0.57605803), ('party', 'parties', 0.67454803), ('immigrants', 'immigration', 0.65781134), ('wars', 'war', 0.74846596), ('nation', 'country', 0.7242872), ('nation', 'nation', 1.0), ('nation', 'world', 0.57605803)]",
20,654.0,3448,198023,,,,,,,,"I have listened to both Ms. Rhee and union representatives a number of times on WAMU out of Washington D.C. While I truly believe both sides want what 's best for children 's education , no reasoned approach on how to make sure qualified and dedicated teachers are only allowed in the classroom appears to be impossible based on their rhetoric .",1,"i have listened to both ms. rhee and union representatives a number of times on wamu out of washington d.c. while i truly believe both sides want what 's best for children 's education , no reasoned approach on how to make sure qualified and dedicated teachers are only allowed in the classroom appears to be impossible based on their rhetoric .",345.0,62.0,10.0,0.1666666666666666,"[('union', 'labor', 0.5315647), ('union', 'strike', 0.5092126), ('union', 'union', 1.0), ('representatives', 'officials', 0.53117585), ('education', 'education', 1.0), ('education', 'school', 0.50553805), ('approach', 'strategy', 0.54993296), ('teachers', 'education', 0.52093196), ('teachers', 'school', 0.6158268), ('classroom', 'school', 0.6281621)]",
915,1069.0,5998,788719,,,,,,,,""" Do you think health insurance companies should or should not be required to cover the full cost of birth control for women ? "" If should be required : "" What if the insurance is provided through an employer who is affiliated with a religious institution that opposes birth control ? This could be a religious-affiliated university or hospital , for example . In this case do you think health insurance companies should or should not be required to cover the full cost @ @ @ @ @ @ @ @ @ @",1,""" do you think health insurance companies should or should not be required to cover the full cost of birth control for women ? "" if should be required : "" what if the insurance is provided through an employer who is affiliated with a religious institution that opposes birth control ? this could be a religious-affiliated university or hospital , for example . in this case do you think health insurance companies should or should not be required to cover the full cost @ @ @ @ @ @ @ @ @ @",489.0,94.0,12.0,0.1518987341772152,"[('health', 'health', 1.0), ('insurance', 'insurance', 1.0), ('companies', 'banks', 0.5019373), ('control', 'control', 1.0), ('insurance', 'insurance', 1.0), ('religious', 'church', 0.52823746), ('religious', 'religion', 0.72264564), ('control', 'control', 1.0), ('university', 'school', 0.50807446), ('health', 'health', 1.0), ('insurance', 'insurance', 1.0), ('companies', 'banks', 0.5019373)]",
454,360.0,2171,175273,,,,,,,,"Henry Nicholas III of Broadcom sought to build a secret sex dungeon where he had sex with prostitutes . Both LA Mayor Antonio Villaraigosa and ex SF Mayor now Lt. Governor Gavin Newsome had sex with subordinate 's wives . See John Edwards , or pretty much any big shot in government , law , entertainment , or really any environment . -- Paula and the General : the Road to Slutdom whiskeysplace <h> "" You do n't even know how close to the edge you are , yet you argue with me for telling you . """,1,"henry nicholas iii of broadcom sought to build a secret sex dungeon where he had sex with prostitutes . both la mayor antonio villaraigosa and ex sf mayor now lt. governor gavin newsome had sex with subordinate 's wives . see john edwards , or pretty much any big shot in government , law , entertainment , or really any environment . -- paula and the general : the road to slutdom whiskeysplace  "" you do n't even know how close to the edge you are , yet you argue with me for telling you . """,493.0,97.0,11.0,0.127906976744186,"[('sex', 'sex', 1.0), ('sex', 'sex', 1.0), ('prostitutes', 'sex', 0.5673874), ('governor', 'lawmakers', 0.5393322), ('sex', 'sex', 1.0), ('shot', 'shooting', 0.646509), ('government', 'administration', 0.5462369), ('government', 'government', 1.0), ('law', 'law', 1.0), ('law', 'legislation', 0.58004606), ('law', 'rule', 0.5247162)]",
787,801.0,6131,529031,,,,,,,,"Bose had tried to solve a longstanding problem in describing thermal radiation ( the electromagnetic energy emitted by any hot object ) using Einstein 's photon concept . The fundamental law determining how much energy there is in thermal radiation had been found by Max Planck twenty-four years earlier , but up to that point all attempts to deduce this law from the "" photon gas "" picture , using thermodynamic principles had failed . Somehow Bose , in a terse document of less than two journal pages , had succeeded . But how had he done it ?",1,"bose had tried to solve a longstanding problem in describing thermal radiation ( the electromagnetic energy emitted by any hot object ) using einstein 's photon concept . the fundamental law determining how much energy there is in thermal radiation had been found by max planck twenty-four years earlier , but up to that point all attempts to deduce this law from the "" photon gas "" picture , using thermodynamic principles had failed . somehow bose , in a terse document of less than two journal pages , had succeeded . but how had he done it ?",545.0,99.0,10.0,0.1123595505617977,"[('energy', 'gas', 0.50853217), ('law', 'law', 1.0), ('law', 'legislation', 0.58004606), ('law', 'rule', 0.5247162), ('energy', 'gas', 0.50853217), ('law', 'law', 1.0), ('law', 'legislation', 0.58004606), ('law', 'rule', 0.5247162), ('gas', 'gas', 1.0), ('gas', 'oil', 0.7105981)]",
88,988.0,9222,641420,,,,,,,,"I need to get to sleep , but if anyone 's interested go to Breitbart and type in Tester , Schwietzer and a couple of stories they ran about our problems , should pop up . Oh and we have a George Soro 's monkey for Sec. of State . See @ @ @ @ @ @ @ @ @ @ never out Democrat the Democrats . Conservatives will never out liberal Liberals . We should not try .",1,"i need to get to sleep , but if anyone 's interested go to breitbart and type in tester , schwietzer and a couple of stories they ran about our problems , should pop up . oh and we have a george soro 's monkey for sec. of state . see @ @ @ @ @ @ @ @ @ @ never out democrat the democrats . conservatives will never out liberal liberals . we should not try .",356.0,79.0,10.0,0.1639344262295081,"[('democrat', 'democrats', 0.756922), ('democrat', 'republican', 0.63158494), ('democrats', 'democrats', 0.99999994), ('democrats', 'republican', 0.60743797), ('conservatives', 'conservative', 0.7248428), ('conservatives', 'democrats', 0.61603373), ('liberal', 'conservative', 0.7633196), ('liberal', 'democrats', 0.5507172), ('liberals', 'conservative', 0.5585039), ('liberals', 'democrats', 0.6548736)]",
891,807.0,9002,1454558,,,,,,,,"Over the course of the year , press reports indicated that security forces killed or captured approximately 800 suspected terrorists . In April , soldiers killed seven terrorists and arrested two during a military operation on the southeastern border with Libya . Algeria closed that border in September and sent thousands of security forces to secure it and prevent weapons smuggling . Authorities recovered 11 automatic weapons from the terrorists .",1,"over the course of the year , press reports indicated that security forces killed or captured approximately  suspected terrorists . in april , soldiers killed seven terrorists and arrested two during a military operation on the southeastern border with libya . algeria closed that border in september and sent thousands of security forces to secure it and prevent weapons smuggling . authorities recovered  automatic weapons from the terrorists .",446.0,69.0,24.0,0.3809523809523809,"[('press', 'media', 0.6013203), ('press', 'news', 0.519518), ('security', 'security', 1.0), ('forces', 'army', 0.58733), ('forces', 'force', 0.519529), ('killed', 'killing', 0.7126882), ('soldiers', 'army', 0.62025905), ('soldiers', 'military', 0.6040847), ('killed', 'killing', 0.7126882), ('arrested', 'police', 0.5608969), ('military', 'army', 0.6824313), ('military', 'military', 1.0), ('border', 'border', 1.0), ('border', 'border', 1.0), ('security', 'security', 1.0), ('forces', 'army', 0.58733), ('forces', 'force', 0.519529), ('weapons', 'gun', 0.54864347), ('weapons', 'weapons', 1.0), ('authorities', 'investigators', 0.63374144), ('authorities', 'officials', 0.6441438), ('authorities', 'police', 0.57922405), ('weapons', 'gun', 0.54864347), ('weapons', 'weapons', 1.0)]",
379,737.0,8885,351188,,,,,,,,"The Founders in their wisdom divided the powers of government ; some to the Executive , some to the Legislative . The power of the purse went to Congress ; diplomacy to the Executive .",1,"the founders in their wisdom divided the powers of government ; some to the executive , some to the legislative . the power of the purse went to congress ; diplomacy to the executive .",184.0,35.0,10.0,0.3333333333333333,"[('powers', 'authority', 0.5363727), ('government', 'administration', 0.5462369), ('government', 'government', 1.0), ('executive', 'president', 0.6182477), ('legislative', 'lawmakers', 0.6512937), ('legislative', 'legislation', 0.5366426), ('legislative', 'senate', 0.5789615), ('power', 'power', 1.0), ('congress', 'congress', 1.0), ('executive', 'president', 0.6182477)]",
14,302.0,4426,1316219,,,,,,,,"Correction , Nov. 13 , 2012 : This piece incorrectly stated that a tie occurred in the Electoral College in 1824 . ( Return @ @ @ @ @ @ @ @ @ @ situation in which candidates would have an incentive to seek a recount if the winner were determined by the popular vote . ( Return to the corrected sentence . ) Thanks to Texas State Representative Scott Hochberg and Barnard professor Scott Minkoff for the corrections .",1,"correction , nov.  ,  : this piece incorrectly stated that a tie occurred in the electoral college in  . ( return @ @ @ @ @ @ @ @ @ @ situation in which candidates would have an incentive to seek a recount if the winner were determined by the popular vote . ( return to the corrected sentence . ) thanks to texas state representative scott hochberg and barnard professor scott minkoff for the corrections .",406.0,77.0,10.0,0.175438596491228,"[('electoral', 'election', 0.7147979), ('college', 'school', 0.6081898), ('candidates', 'candidate', 0.79427433), ('candidates', 'election', 0.507066), ('candidates', 'voters', 0.5279368), ('recount', 'election', 0.56524295), ('vote', 'election', 0.602672), ('vote', 'vote', 1.0), ('vote', 'voters', 0.5841916), ('sentence', 'prison', 0.7031725)]",
477,902.0,9909,1381569,,,,,,,,"Answer : Federal law dictates that no one may help a veteran in the preparation , presentation and prosecution of an initial claim for VA benefits unless that person is accredited . The only exception to this law is that any one person can help any veteran -- one-time only -- with a claim . To help any veteran a second time requires accreditation .",1,"answer : federal law dictates that no one may help a veteran in the preparation , presentation and prosecution of an initial claim for va benefits unless that person is accredited . the only exception to this law is that any one person can help any veteran -- one-time only -- with a claim . to help any veteran a second time requires accreditation .",350.0,65.0,10.0,0.1724137931034483,"[('federal', 'government', 0.5094332), ('law', 'law', 1.0), ('law', 'legislation', 0.58004606), ('law', 'rule', 0.5247162), ('prosecution', 'criminal', 0.5806577), ('prosecution', 'trial', 0.6002069), ('benefits', 'benefits', 1.0), ('law', 'law', 1.0), ('law', 'legislation', 0.58004606), ('law', 'rule', 0.5247162)]",
528,1079.0,9854,492089,,,,,,,,The incremental increases in Iranian nuclear capabilities and continuing resistance to compromise by negotiators on both sides certainly provide ample grounds for concern . But the absence of bad news on 20 percent stockpiles and advanced centrifuges provide reminders that the window of opportunity for peaceful resolution of the Iran nuclear imbroglio is still open . The year following the U.S. presidential election will be a critical period for using diplomacy to bridge the divide . It is not too soon to start exploring creative options . <h> 10 Responses to Iran 's 20% Enriched Uranium Stockpile,1,the incremental increases in iranian nuclear capabilities and continuing resistance to compromise by negotiators on both sides certainly provide ample grounds for concern . but the absence of bad news on  percent stockpiles and advanced centrifuges provide reminders that the window of opportunity for peaceful resolution of the iran nuclear imbroglio is still open . the year following the u.s. presidential election will be a critical period for using diplomacy to bridge the divide . it is not too soon to start exploring creative options .   responses to iran 's % enriched uranium stockpile,595.0,94.0,11.0,0.1235955056179775,"[('increases', 'cuts', 0.592605), ('concern', 'concerns', 0.7805205), ('bad', 'poor', 0.5352231), ('news', 'news', 1.0), ('peaceful', 'peace', 0.51169086), ('imbroglio', 'crisis', 0.50839996), ('presidential', 'election', 0.6043894), ('election', 'candidate', 0.50569105), ('election', 'election', 1.0), ('election', 'vote', 0.602672), ('election', 'voters', 0.5857161)]",
901,829.0,4957,922418,,,,,,,,"Live simply . Respect others , even those of different races and classes . Do no harm to others ( do n't buy guns that allow you to kill others , do n't give military "" service "" to Caesar , do n't support abortion or the death penalty , etc . )",1,"live simply . respect others , even those of different races and classes . do no harm to others ( do n't buy guns that allow you to kill others , do n't give military "" service "" to caesar , do n't support abortion or the death penalty , etc . )",245.0,53.0,10.0,0.2272727272727272,"[('races', 'race', 0.82321095), ('guns', 'gun', 0.7835824), ('guns', 'weapons', 0.6692915), ('kill', 'killing', 0.60031664), ('military', 'army', 0.6824313), ('military', 'military', 1.0), ('support', 'support', 1.0), ('death', 'death', 1.0), ('death', 'killing', 0.576015), ('death', 'murder', 0.6415225)]",
211,820.0,7475,439955,,,,,,,,"The senior Arab diplomat said the most dangerous threat demanding greater U.S. attention is the possibility of a precipitous collapse of Assad 's rule that could see his army disintegrate . That would leave the country 's stockpiles of sarin , VX and other chemical weapons open to theft by al-Qaida-linked militants @ @ @ @ @ @ @ @ @ @ allies , or Iran-backed Hezbollah , which could use them against Israel .",1,"the senior arab diplomat said the most dangerous threat demanding greater u.s. attention is the possibility of a precipitous collapse of assad 's rule that could see his army disintegrate . that would leave the country 's stockpiles of sarin , vx and other chemical weapons open to theft by al-qaida-linked militants @ @ @ @ @ @ @ @ @ @ allies , or iran-backed hezbollah , which could use them against israel .",410.0,75.0,10.0,0.1666666666666666,"[('threat', 'threat', 0.99999994), ('rule', 'law', 0.5247162), ('rule', 'rule', 1.0), ('army', 'army', 1.0), ('army', 'military', 0.6824313), ('country', 'country', 1.0), ('country', 'nation', 0.7242872), ('country', 'world', 0.59803855), ('weapons', 'gun', 0.54864347), ('weapons', 'weapons', 1.0)]",
470,780.0,5925,622455,,,,,,,,"Krugman also predicted a double dip recession due to "" tax cuts for the rich , who wo n't spend them and slash spending for the poor and the middle class , who will be forced to cut back . "" These things will result in "" a simultaneous deficit explosion and a double-dip recession . """,1,"krugman also predicted a double dip recession due to "" tax cuts for the rich , who wo n't spend them and slash spending for the poor and the middle class , who will be forced to cut back . "" these things will result in "" a simultaneous deficit explosion and a double-dip recession . """,284.0,57.0,15.0,0.2830188679245283,"[('recession', 'crisis', 0.59829676), ('recession', 'economy', 0.63359797), ('tax', 'tax', 1.0), ('cuts', 'budget', 0.5091997), ('cuts', 'cuts', 1.0), ('spend', 'spending', 0.61048067), ('slash', 'cuts', 0.5529413), ('spending', 'budget', 0.56915724), ('spending', 'spending', 1.0), ('poor', 'poor', 1.0), ('cut', 'cuts', 0.6245189), ('deficit', 'budget', 0.5496122), ('deficit', 'deficit', 1.0), ('recession', 'crisis', 0.59829676), ('recession', 'economy', 0.63359797)]",
403,995.0,1924,243035,,,,,,,,"Wayne Allyn Root is a capitalist evangelist and serial entrepreneur . He is a former Libertarian vice presidential nominee . He now serves as chairman of the Libertarian National Campaign Committee . He is the best-selling author of "" The Conscience of a Libertarian : Empowering the Citizen Revolution with God , Guns , Gold &; Tax Cuts . "" For more , visit his website : www.ROOTforAmerica.com.",1,"wayne allyn root is a capitalist evangelist and serial entrepreneur . he is a former libertarian vice presidential nominee . he now serves as chairman of the libertarian national campaign committee . he is the best-selling author of "" the conscience of a libertarian : empowering the citizen revolution with god , guns , gold &; tax cuts . "" for more , visit his website : www.rootforamerica.com.",396.0,68.0,12.0,0.2033898305084746,"[('libertarian', 'conservative', 0.6088057), ('presidential', 'election', 0.6043894), ('nominee', 'candidate', 0.59014064), ('chairman', 'president', 0.6708745), ('libertarian', 'conservative', 0.6088057), ('campaign', 'campaign', 1.0), ('libertarian', 'conservative', 0.6088057), ('guns', 'gun', 0.7835824), ('guns', 'weapons', 0.6692915), ('tax', 'tax', 1.0), ('cuts', 'budget', 0.5091997), ('cuts', 'cuts', 1.0)]",
561,806.0,4096,65082,,,,,,,,"I guess all of you tea partiers want Obama to do something about high gas prices . Well the only thing he can do is push @ @ @ @ @ @ @ @ @ @ unregulated . So all you less government involvement hypocrites should show your hypocrisy by demanding Obama do something about the price of gas , then in the next breath talk about how you are for less government intervention and free markets . Unbelievably how ignorant a group of people can be . <h> Leave a Reply",1,"i guess all of you tea partiers want obama to do something about high gas prices . well the only thing he can do is push @ @ @ @ @ @ @ @ @ @ unregulated . so all you less government involvement hypocrites should show your hypocrisy by demanding obama do something about the price of gas , then in the next breath talk about how you are for less government intervention and free markets . unbelievably how ignorant a group of people can be .  leave a reply",455.0,91.0,10.0,0.131578947368421,"[('gas', 'gas', 1.0), ('gas', 'oil', 0.7105981), ('prices', 'prices', 1.0), ('government', 'administration', 0.5462369), ('government', 'government', 1.0), ('price', 'prices', 0.74903214), ('gas', 'gas', 1.0), ('gas', 'oil', 0.7105981), ('government', 'administration', 0.5462369), ('government', 'government', 1.0)]",
186,919.0,5758,511622,,,,,,,,"The program features videos of militants ' meetings in the U.S. , interviews with leading law enforcement and government officials , and discussion about the civil liberties issues our society faces in dealing with the threat of terrorism . 1994. 57 min . Video/C 3894",1,"the program features videos of militants ' meetings in the u.s. , interviews with leading law enforcement and government officials , and discussion about the civil liberties issues our society faces in dealing with the threat of terrorism . .  min . video/c ",258.0,43.0,12.0,0.3157894736842105,"[('law', 'law', 1.0), ('law', 'legislation', 0.58004606), ('law', 'rule', 0.5247162), ('enforcement', 'enforcement', 1.0), ('government', 'administration', 0.5462369), ('government', 'government', 1.0), ('officials', 'investigators', 0.50950015), ('officials', 'officials', 0.99999994), ('discussion', 'debate', 0.7011256), ('issues', 'concerns', 0.59313965), ('society', 'society', 1.0), ('threat', 'threat', 0.99999994)]",
48,114.0,9135,54063,,,,,,,,"So , when it lacks a budget for direction , Congress still has the power to spend money and keep government operating , but the process can get mucked up .",1,"so , when it lacks a budget for direction , congress still has the power to spend money and keep government operating , but the process can get mucked up .",155.0,31.0,12.0,0.4444444444444444,"[('budget', 'budget', 0.99999994), ('budget', 'cuts', 0.5091997), ('budget', 'deficit', 0.5496122), ('budget', 'fiscal', 0.59004045), ('budget', 'funding', 0.5415), ('budget', 'spending', 0.56915724), ('congress', 'congress', 1.0), ('power', 'power', 1.0), ('spend', 'spending', 0.61048067), ('money', 'money', 1.0), ('government', 'administration', 0.5462369), ('government', 'government', 1.0)]",
266,974.0,3187,1302546,,,,,,,,"Two weeks prior to that election , which was clearly moving in a positive direction for Democrats , Rove arrogantly told a reporter that he had secret polls that showed a Republican House and Senate by saying : "" You may end up with a different math but you are entitled to your math and I 'm entitled to the math . """,1,"two weeks prior to that election , which was clearly moving in a positive direction for democrats , rove arrogantly told a reporter that he had secret polls that showed a republican house and senate by saying : "" you may end up with a different math but you are entitled to your math and i 'm entitled to the math . """,317.0,63.0,13.0,0.2203389830508474,"[('election', 'candidate', 0.50569105), ('election', 'election', 1.0), ('election', 'vote', 0.602672), ('election', 'voters', 0.5857161), ('democrats', 'democrats', 0.99999994), ('democrats', 'republican', 0.60743797), ('polls', 'election', 0.6596775), ('polls', 'poll', 0.7592546), ('polls', 'vote', 0.54250556), ('polls', 'voters', 0.61303115), ('republican', 'democrats', 0.60743797), ('republican', 'republican', 1.0), ('senate', 'senate', 1.0)]",
84,712.0,9847,823295,,,,,,,,I want to start saving for my retirement at age 65 . I am 35 year old . I wants to be able to withdraw $105000 from my savings account on each birthday for 20 years following my retirement . The first withdrawal will be on my 66th birthday . Local credit Union offers 7% interest per year . I also wants to make equal annual payments on each birthday into the account established at the credit union for retirement fund .,1,i want to start saving for my retirement at age  . i am  year old . i wants to be able to withdraw $ from my savings account on each birthday for  years following my retirement . the first withdrawal will be on my th birthday . local credit union offers % interest per year . i also wants to make equal annual payments on each birthday into the account established at the credit union for retirement fund .,406.0,79.0,10.0,0.1388888888888889,"[('age', 'age', 0.99999994), ('savings', 'benefits', 0.5282792), ('union', 'labor', 0.5315647), ('union', 'strike', 0.5092126), ('union', 'union', 1.0), ('union', 'labor', 0.5315647), ('union', 'strike', 0.5092126), ('union', 'union', 1.0), ('fund', 'funding', 0.54371524), ('fund', 'money', 0.578971)]",
436,488.0,7167,1592714,,,,,,,,"The issues are not black and white , as you and others seems to want to argue , nor are the solutions . What we need is to look at the full range of potential solutions and find what works , whether proposed b conservatives liberals , progressives , independents , etc . The sooner we stop this ideological fighting , the sooner we will pull our country out of the hole we are in .",1,"the issues are not black and white , as you and others seems to want to argue , nor are the solutions . what we need is to look at the full range of potential solutions and find what works , whether proposed b conservatives liberals , progressives , independents , etc . the sooner we stop this ideological fighting , the sooner we will pull our country out of the hole we are in .",381.0,76.0,11.0,0.1666666666666666,"[('issues', 'concerns', 0.59313965), ('conservatives', 'conservative', 0.7248428), ('conservatives', 'democrats', 0.61603373), ('liberals', 'conservative', 0.5585039), ('liberals', 'democrats', 0.6548736), ('progressives', 'democrats', 0.6597316), ('independents', 'voters', 0.5352283), ('fighting', 'fighting', 1.0), ('country', 'country', 1.0), ('country', 'nation', 0.7242872), ('country', 'world', 0.59803855)]",
149,595.0,9862,1117312,,,,,,,,"When a person who receives Social Security benefits dies , no check is payable for the month of death , even if he or she dies on the last day of the month . Any check received for the month of death or later must be returned . An SSI check , however , is payable for the month of death . But you must return any SSI checks that come after the month of death .",1,"when a person who receives social security benefits dies , no check is payable for the month of death , even if he or she dies on the last day of the month . any check received for the month of death or later must be returned . an ssi check , however , is payable for the month of death . but you must return any ssi checks that come after the month of death .",360.0,77.0,14.0,0.2028985507246377,"[('security', 'security', 1.0), ('benefits', 'benefits', 1.0), ('death', 'death', 1.0), ('death', 'killing', 0.576015), ('death', 'murder', 0.6415225), ('death', 'death', 1.0), ('death', 'killing', 0.576015), ('death', 'murder', 0.6415225), ('death', 'death', 1.0), ('death', 'killing', 0.576015), ('death', 'murder', 0.6415225), ('death', 'death', 1.0), ('death', 'killing', 0.576015), ('death', 'murder', 0.6415225)]",
831,359.0,9780,1052575,,,,,,,,"Last March , Shaima Alawadi was murdered in what initially appeared to be a hate crime . The 32 year-old Iraqi Muslim woman was severely beaten , and a note found near her body read , "" Go back to your own country . You 're a terrorist . "" The subsequent police investigation cast doubt on the story , revealing turmoil in the family , prompting anti-Muslim bigots to immediately declare the murder an "" honor killing . """,1,"last march , shaima alawadi was murdered in what initially appeared to be a hate crime . the  year-old iraqi muslim woman was severely beaten , and a note found near her body read , "" go back to your own country . you 're a terrorist . "" the subsequent police investigation cast doubt on the story , revealing turmoil in the family , prompting anti-muslim bigots to immediately declare the murder an "" honor killing . """,419.0,79.0,23.0,0.3285714285714285,"[('murdered', 'death', 0.563913), ('murdered', 'killing', 0.6185827), ('murdered', 'murder', 0.6957516), ('crime', 'crime', 1.0), ('crime', 'criminal', 0.50458133), ('crime', 'murder', 0.53367186), ('crime', 'violence', 0.53571737), ('woman', 'victim', 0.5450075), ('country', 'country', 1.0), ('country', 'nation', 0.7242872), ('country', 'world', 0.59803855), ('police', 'investigators', 0.52164876), ('police', 'police', 1.0), ('investigation', 'investigation', 1.0), ('investigation', 'investigators', 0.5993347), ('turmoil', 'crisis', 0.6912832), ('murder', 'crime', 0.53367186), ('murder', 'death', 0.6415225), ('murder', 'killing', 0.63495654), ('murder', 'murder', 1.0), ('killing', 'death', 0.576015), ('killing', 'killing', 0.99999994), ('killing', 'murder', 0.63495654)]",
72,492.0,1256,715604,,,,,,,,A wealthy CEO or a ... hedge fund manager has as low effective tax rate as anytime in the past 60 years . ( PolitiFact ) Clinton 's economy was pretty good even after he raised taxes . Bush 's tax cuts did n't avoid a recession and Obama 's extension of the cuts obviously has n't pulled our economy out of its depression .,1,a wealthy ceo or a ... hedge fund manager has as low effective tax rate as anytime in the past  years . ( politifact ) clinton 's economy was pretty good even after he raised taxes . bush 's tax cuts did n't avoid a recession and obama 's extension of the cuts obviously has n't pulled our economy out of its depression .,321.0,64.0,14.0,0.2413793103448276,"[('ceo', 'president', 0.5121207), ('fund', 'funding', 0.54371524), ('fund', 'money', 0.578971), ('tax', 'tax', 1.0), ('economy', 'economy', 1.0), ('taxes', 'tax', 0.84042203), ('tax', 'tax', 1.0), ('cuts', 'budget', 0.5091997), ('cuts', 'cuts', 1.0), ('recession', 'crisis', 0.59829676), ('recession', 'economy', 0.63359797), ('cuts', 'budget', 0.5091997), ('cuts', 'cuts', 1.0), ('economy', 'economy', 1.0)]",
809,677.0,4944,1462096,,,,,,,,"Peggy is dreaming yet again . It 's as if she has n't even been following the current Republican field . Recently economists have predicted the President will likely win re-election . There is a reason no real Republican has not truly announced his/her candidacy . They are scared . Yes , scared . Cain and Romney are the only ones . Cain has no chance whatsoever and Romney will face the same obstacles from 08 : his religion , his health care plan and his other moderate stances .",1,"peggy is dreaming yet again . it 's as if she has n't even been following the current republican field . recently economists have predicted the president will likely win re-election . there is a reason no real republican has not truly announced his/her candidacy . they are scared . yes , scared . cain and romney are the only ones . cain has no chance whatsoever and romney will face the same obstacles from  : his religion , his health care plan and his other moderate stances .",480.0,89.0,11.0,0.141025641025641,"[('republican', 'democrats', 0.60743797), ('republican', 'republican', 1.0), ('president', 'president', 1.0), ('republican', 'democrats', 0.60743797), ('republican', 'republican', 1.0), ('candidacy', 'candidate', 0.6183452), ('candidacy', 'election', 0.56774926), ('religion', 'religion', 1.0), ('health', 'health', 1.0), ('plan', 'strategy', 0.5891837), ('moderate', 'conservative', 0.5067968)]",
557,808.0,8636,952593,,,,,,,,Harry Reid 's announcement on Monday that the Senate 's health care legislation is likely to contain a government-run public insurance plan -- but one that would give each state the option of opting out -- immediately raises the question of which states might be most likely to reject a public insurance plan .,1,harry reid 's announcement on monday that the senate 's health care legislation is likely to contain a government-run public insurance plan -- but one that would give each state the option of opting out -- immediately raises the question of which states might be most likely to reject a public insurance plan .,310.0,54.0,11.0,0.2156862745098039,"[('senate', 'senate', 1.0), ('health', 'health', 1.0), ('legislation', 'bill', 0.81843793), ('legislation', 'law', 0.58004606), ('legislation', 'lawmakers', 0.553626), ('legislation', 'legislation', 1.0), ('legislation', 'reform', 0.57821727), ('insurance', 'insurance', 1.0), ('plan', 'strategy', 0.5891837), ('insurance', 'insurance', 1.0), ('plan', 'strategy', 0.5891837)]",
541,337.0,3871,407038,,,,,,,,"P.S. Had President Obama won the New Hampshire primary in 2008 , and HRC left the race early , everybody agrees Obama would have been a much weaker candidate in the general election . If this primary goes all the way , Mitt will become stronger ; how much stronger -- who knows ?",1,"p.s. had president obama won the new hampshire primary in  , and hrc left the race early , everybody agrees obama would have been a much weaker candidate in the general election . if this primary goes all the way , mitt will become stronger ; how much stronger -- who knows ?",275.0,53.0,10.0,0.217391304347826,"[('president', 'president', 1.0), ('primary', 'primary', 1.0), ('race', 'race', 1.0), ('candidate', 'candidate', 1.0), ('candidate', 'election', 0.50569105), ('election', 'candidate', 0.50569105), ('election', 'election', 1.0), ('election', 'vote', 0.602672), ('election', 'voters', 0.5857161), ('primary', 'primary', 1.0)]",
767,382.0,7658,448356,,,,,,,,"Today , having abandoned any effort to work with the congressional super committee to craft a bipartisan agreement on deficit reduction , President Obama has thrown in with those who support his desire to tax oil companies and the rich , rather than appeal to independent and self-described moderate swing voters who want smaller government and lower taxes , not additional stimulus or interference in the private sector .",1,"today , having abandoned any effort to work with the congressional super committee to craft a bipartisan agreement on deficit reduction , president obama has thrown in with those who support his desire to tax oil companies and the rich , rather than appeal to independent and self-described moderate swing voters who want smaller government and lower taxes , not additional stimulus or interference in the private sector .",422.0,69.0,19.0,0.296875,"[('congressional', 'lawmakers', 0.57537544), ('bipartisan', 'lawmakers', 0.51748), ('deficit', 'budget', 0.5496122), ('deficit', 'deficit', 1.0), ('reduction', 'cuts', 0.54326373), ('president', 'president', 1.0), ('support', 'support', 1.0), ('tax', 'tax', 1.0), ('oil', 'gas', 0.7105981), ('oil', 'oil', 1.0), ('companies', 'banks', 0.5019373), ('moderate', 'conservative', 0.5067968), ('voters', 'election', 0.5857161), ('voters', 'vote', 0.5841916), ('voters', 'voters', 1.0), ('government', 'administration', 0.5462369), ('government', 'government', 1.0), ('taxes', 'tax', 0.84042203), ('sector', 'economy', 0.55682945)]",
560,98.0,6141,84520,,,,,,,,"The trust fund would continue to receive payroll taxes . But the trustees estimate the payroll tax at current rates "" would cover only 87 percent of estimated expenditures in 2024 and 67 percent in 2050 . "" One possibility is that the government would simply pay hospital benefits at 87 cents on the dollar , leaving hospitals and seniors to figure out how to make up the 13 percent gap . And that gap would grow larger each succeeding year .",1,"the trust fund would continue to receive payroll taxes . but the trustees estimate the payroll tax at current rates "" would cover only  percent of estimated expenditures in  and  percent in  . "" one possibility is that the government would simply pay hospital benefits at  cents on the dollar , leaving hospitals and seniors to figure out how to make up the  percent gap . and that gap would grow larger each succeeding year .",426.0,76.0,12.0,0.1690140845070422,"[('fund', 'funding', 0.54371524), ('fund', 'money', 0.578971), ('taxes', 'tax', 0.84042203), ('tax', 'tax', 1.0), ('expenditures', 'budget', 0.5521046), ('expenditures', 'spending', 0.65295506), ('government', 'administration', 0.5462369), ('government', 'government', 1.0), ('benefits', 'benefits', 1.0), ('dollar', 'dollar', 1.0), ('gap', 'deficit', 0.527986), ('gap', 'deficit', 0.527986)]",
130,656.0,6528,215899,,,,,,,,""" Sexual relations are proper only between a man and a woman who are legally and lawfully wedded as husband and wife . Any other sexual relations , including those between persons of the same gender , are sinful @ @ @ @ @ @ @ @ @ @ The Church accordingly affirms defining marriage as the legal and lawful union between a man and a woman . LDS Handbook 2 21.4.10 "" For more positions go here : **29;5440;TOOLONG Art Director ... read more",1,""" sexual relations are proper only between a man and a woman who are legally and lawfully wedded as husband and wife . any other sexual relations , including those between persons of the same gender , are sinful @ @ @ @ @ @ @ @ @ @ the church accordingly affirms defining marriage as the legal and lawful union between a man and a woman . lds handbook  .. "" for more positions go here : **;;toolong art director ... read more",425.0,84.0,10.0,0.1492537313432835,"[('sexual', 'sex', 0.76947415), ('woman', 'victim', 0.5450075), ('sexual', 'sex', 0.76947415), ('church', 'church', 1.0), ('marriage', 'marriage', 0.99999994), ('union', 'labor', 0.5315647), ('union', 'strike', 0.5092126), ('union', 'union', 1.0), ('woman', 'victim', 0.5450075), ('director', 'president', 0.53861916)]",
837,225.0,7302,1236187,,,,,,,,"As tragic as those attacks are , less than 50 fatal shark attacks occur worldwide each year , a stark contrast to the 1.2 million people killed in motor accidents and the up to 2,000 that die every year in the United States from domestic violence . In 2011 , the International Shark Attack File reported less than 80 shark encounters worldwide .",1,"as tragic as those attacks are , less than  fatal shark attacks occur worldwide each year , a stark contrast to the . million people killed in motor accidents and the up to , that die every year in the united states from domestic violence . in  , the international shark attack file reported less than  shark encounters worldwide .",331.0,60.0,10.0,0.1886792452830188,"[('attacks', 'attack', 0.763803), ('fatal', 'death', 0.57144177), ('attacks', 'attack', 0.763803), ('worldwide', 'world', 0.5641197), ('killed', 'killing', 0.7126882), ('violence', 'abuse', 0.5029986), ('violence', 'crime', 0.53571737), ('violence', 'violence', 1.0), ('attack', 'attack', 1.0), ('worldwide', 'world', 0.5641197)]",
904,248.0,3472,35679,,,,,,,,"Public Tracking Health Care , Deadly Mine Accident Many Say Press Is Too Tough on Tiger 14 Apr 10 Americans continued to track news about the new health care law more closely than any other major story last week , though the media devoted the most attention to the deadly explosion in a West Virginia coal mine . Research Center for the People &; the Press",1,"public tracking health care , deadly mine accident many say press is too tough on tiger  apr  americans continued to track news about the new health care law more closely than any other major story last week , though the media devoted the most attention to the deadly explosion in a west virginia coal mine . research center for the people &; the press",352.0,64.0,14.0,0.2295081967213114,"[('health', 'health', 1.0), ('deadly', 'killing', 0.51254004), ('press', 'media', 0.6013203), ('press', 'news', 0.519518), ('news', 'news', 1.0), ('health', 'health', 1.0), ('law', 'law', 1.0), ('law', 'legislation', 0.58004606), ('law', 'rule', 0.5247162), ('media', 'media', 1.0), ('deadly', 'killing', 0.51254004), ('coal', 'gas', 0.5381348), ('press', 'media', 0.6013203), ('press', 'news', 0.519518)]",
862,1014.0,7937,1222046,,,,,,,,"##50391 <h> Congratulations Team Elephant ! While the presidential election did n't go your way , a free flight out of the country could still be yours . Be sure to check your email at the address you provided when you registered with Election Protection in the coming days to find out if you 've won . Feeling left out because your candidate got elected ? No problem . You can still grab a flight to the country of your choice at jetblue.com",1,"##  congratulations team elephant ! while the presidential election did n't go your way , a free flight out of the country could still be yours . be sure to check your email at the address you provided when you registered with election protection in the coming days to find out if you 've won . feeling left out because your candidate got elected ? no problem . you can still grab a flight to the country of your choice at jetblue.com",434.0,82.0,18.0,0.24,"[('presidential', 'election', 0.6043894), ('election', 'candidate', 0.50569105), ('election', 'election', 1.0), ('election', 'vote', 0.602672), ('election', 'voters', 0.5857161), ('country', 'country', 1.0), ('country', 'nation', 0.7242872), ('country', 'world', 0.59803855), ('election', 'candidate', 0.50569105), ('election', 'election', 1.0), ('election', 'vote', 0.602672), ('election', 'voters', 0.5857161), ('candidate', 'candidate', 1.0), ('candidate', 'election', 0.50569105), ('elected', 'election', 0.56267977), ('country', 'country', 1.0), ('country', 'nation', 0.7242872), ('country', 'world', 0.59803855)]",
96,643.0,3922,1433736,,,,,,,,"Gay Americans pay taxes , gay Americans support the tax code 's support of staright marriage . Straigt married Americans are able to have Social Security survivors benefits . Why should taxpaying gay Americans be denied amrriage and denied the ability to have Social Security survivors benefits -- when employed gay Americans pay into the Social Security system ? Why should gay Americans support the marriage of stright people via our tax code and but straight Americans not support the marriage of gay people via our tax code ?",1,"gay americans pay taxes , gay americans support the tax code 's support of staright marriage . straigt married americans are able to have social security survivors benefits . why should taxpaying gay americans be denied amrriage and denied the ability to have social security survivors benefits -- when employed gay americans pay into the social security system ? why should gay americans support the marriage of stright people via our tax code and but straight americans not support the marriage of gay people via our tax code ?",529.0,89.0,23.0,0.2771084337349397,"[('gay', 'sex', 0.53366035), ('taxes', 'tax', 0.84042203), ('gay', 'sex', 0.53366035), ('support', 'support', 1.0), ('tax', 'tax', 1.0), ('support', 'support', 1.0), ('marriage', 'marriage', 0.99999994), ('married', 'marriage', 0.63832283), ('security', 'security', 1.0), ('benefits', 'benefits', 1.0), ('gay', 'sex', 0.53366035), ('security', 'security', 1.0), ('benefits', 'benefits', 1.0), ('gay', 'sex', 0.53366035), ('security', 'security', 1.0), ('gay', 'sex', 0.53366035), ('support', 'support', 1.0), ('marriage', 'marriage', 0.99999994), ('tax', 'tax', 1.0), ('support', 'support', 1.0), ('marriage', 'marriage', 0.99999994), ('gay', 'sex', 0.53366035), ('tax', 'tax', 1.0)]",
34,771.0,8199,336086,,,,,,,,"Every county should have at least one , and many have more "" in-person absentee "" locations - usually at the county building , where you can go in , sign the application , and then vote on the spot . Speaking for Arlington , this can be on a voting machine just like on E-day ( I think that paper ballot is also an option , but I 'm not 100% sure ) . I know that Arlington has 3 locations , Fairfax has 8 , Alexandria 2 . Check your local county registrar of voters website for the details .",1,"every county should have at least one , and many have more "" in-person absentee "" locations - usually at the county building , where you can go in , sign the application , and then vote on the spot . speaking for arlington , this can be on a voting machine just like on e-day ( i think that paper ballot is also an option , but i 'm not % sure ) . i know that arlington has  locations , fairfax has  , alexandria  . check your local county registrar of voters website for the details .",485.0,99.0,12.0,0.1428571428571428,"[('vote', 'election', 0.602672), ('vote', 'vote', 1.0), ('vote', 'voters', 0.5841916), ('voting', 'election', 0.5065524), ('voting', 'vote', 0.72739744), ('voting', 'voters', 0.52248776), ('ballot', 'election', 0.5498452), ('ballot', 'vote', 0.6215823), ('ballot', 'voters', 0.60776913), ('voters', 'election', 0.5857161), ('voters', 'vote', 0.5841916), ('voters', 'voters', 1.0)]",
899,450.0,8985,665062,,,,,,,,"In @ @ @ @ @ @ @ @ @ @ pass a budget -- and the budget bill passed there earlier received 59 . Democrats control 51 seats , while Republicans hold 29 seats .",1,"in @ @ @ @ @ @ @ @ @ @ pass a budget -- and the budget bill passed there earlier received  . democrats control  seats , while republicans hold  seats .",151.0,33.0,17.0,0.8947368421052632,"[('budget', 'budget', 0.99999994), ('budget', 'cuts', 0.5091997), ('budget', 'deficit', 0.5496122), ('budget', 'fiscal', 0.59004045), ('budget', 'funding', 0.5415), ('budget', 'spending', 0.56915724), ('budget', 'budget', 0.99999994), ('budget', 'cuts', 0.5091997), ('budget', 'deficit', 0.5496122), ('budget', 'fiscal', 0.59004045), ('budget', 'funding', 0.5415), ('budget', 'spending', 0.56915724), ('democrats', 'democrats', 0.99999994), ('democrats', 'republican', 0.60743797), ('control', 'control', 1.0), ('republicans', 'democrats', 0.6657833), ('republicans', 'republican', 0.7488651)]",
563,625.0,4125,1610603,,,,,,,,"After the 2000 election , I read 3 books , published in 1971/1972 , dealing with the inquiry into the Electoral College that grew out of the very close 1960 election . The great constitutional law scholar Alexander Bickel wrote one of the books , "" De ? ja ? vu : Reform and Continuity ; The Electoral College , the Convention , and the Party System . "" Here 's the PDF of the article I wrote about it .",1,"after the  election , i read  books , published in / , dealing with the inquiry into the electoral college that grew out of the very close  election . the great constitutional law scholar alexander bickel wrote one of the books , "" de ? ja ? vu : reform and continuity ; the electoral college , the convention , and the party system . "" here 's the pdf of the article i wrote about it .",386.0,78.0,20.0,0.3125,"[('election', 'candidate', 0.50569105), ('election', 'election', 1.0), ('election', 'vote', 0.602672), ('election', 'voters', 0.5857161), ('inquiry', 'investigation', 0.78016704), ('electoral', 'election', 0.7147979), ('college', 'school', 0.6081898), ('election', 'candidate', 0.50569105), ('election', 'election', 1.0), ('election', 'vote', 0.602672), ('election', 'voters', 0.5857161), ('constitutional', 'law', 0.517506), ('law', 'law', 1.0), ('law', 'legislation', 0.58004606), ('law', 'rule', 0.5247162), ('reform', 'legislation', 0.57821727), ('reform', 'reform', 1.0), ('electoral', 'election', 0.7147979), ('college', 'school', 0.6081898), ('party', 'parties', 0.67454803)]",
706,561.0,4886,962947,,,,,,,,"Joseph is correct , the prevaccine measles mortality rate was closer to 350 than 150 . I was off by 200 deaths per year . I corroborate this by sourcing the US Census Bureau population and mortality data 1959-1962 , when the measles death rate was 0.2 per 100,000 . Given the US population for the years 1959 @ @ @ @ @ @ @ @ @ @ ; 1960 -- 354 deaths ; 1961 -- 360 deaths and 1962 -- 366 deaths .",1,"joseph is correct , the prevaccine measles mortality rate was closer to  than  . i was off by  deaths per year . i corroborate this by sourcing the us census bureau population and mortality data - , when the measles death rate was . per , . given the us population for the years  @ @ @ @ @ @ @ @ @ @ ;  --  deaths ;  --  deaths and  --  deaths .",345.0,74.0,13.0,0.2549019607843137,"[('measles', 'disease', 0.5284195), ('deaths', 'death', 0.6453005), ('deaths', 'killing', 0.54949254), ('measles', 'disease', 0.5284195), ('death', 'death', 1.0), ('death', 'killing', 0.576015), ('death', 'murder', 0.6415225), ('deaths', 'death', 0.6453005), ('deaths', 'killing', 0.54949254), ('deaths', 'death', 0.6453005), ('deaths', 'killing', 0.54949254), ('deaths', 'death', 0.6453005), ('deaths', 'killing', 0.54949254)]",
171,927.0,5388,666131,,,,,,,,"MetLife Auto &; Home is a brand of Metropolitan Property and Casualty Insurance Company and its affiliates . Metropolitan Property and Casualty Insurance Company @ @ @ @ @ @ @ @ @ @ and casualty insurance providers , with more than 2.7 million policies in force . MetLife Auto &; Home is also a part of MetLife , Inc . ( NYS : MET ) , a leading global provider of insurance , annuities , and employee benefit programs , serving 90 million customers in over 50 countries . For more information , visit www.metlife.com .",1,"metlife auto &; home is a brand of metropolitan property and casualty insurance company and its affiliates . metropolitan property and casualty insurance company @ @ @ @ @ @ @ @ @ @ and casualty insurance providers , with more than . million policies in force . metlife auto &; home is also a part of metlife , inc . ( nys : met ) , a leading global provider of insurance , annuities , and employee benefit programs , serving  million customers in over  countries . for more information , visit www.metlife.com .",512.0,95.0,11.0,0.1594202898550724,"[('property', 'land', 0.5981505), ('insurance', 'insurance', 1.0), ('property', 'land', 0.5981505), ('insurance', 'insurance', 1.0), ('insurance', 'insurance', 1.0), ('policies', 'policy', 0.76456714), ('force', 'force', 1.0), ('global', 'world', 0.5744006), ('insurance', 'insurance', 1.0), ('annuities', 'insurance', 0.5886872), ('benefit', 'benefits', 0.63760716)]",
114,857.0,713,1455015,,,,,,,,"Existence of security and law enforcement threats in the country ( terrorist activities , organized crime , money laundering , human and drug trafficking , etc. ) , and efforts to address such threats ;",1,"existence of security and law enforcement threats in the country ( terrorist activities , organized crime , money laundering , human and drug trafficking , etc. ) , and efforts to address such threats ;",202.0,35.0,16.0,0.5925925925925926,"[('security', 'security', 1.0), ('law', 'law', 1.0), ('law', 'legislation', 0.58004606), ('law', 'rule', 0.5247162), ('enforcement', 'enforcement', 1.0), ('threats', 'threat', 0.75809443), ('country', 'country', 1.0), ('country', 'nation', 0.7242872), ('country', 'world', 0.59803855), ('crime', 'crime', 1.0), ('crime', 'criminal', 0.50458133), ('crime', 'murder', 0.53367186), ('crime', 'violence', 0.53571737), ('money', 'money', 1.0), ('drug', 'drug', 1.0), ('threats', 'threat', 0.75809443)]",
420,946.0,9598,45913,,,,,,,,"After he followed previous speakers in pointing to the power of legislation to "" comply with the needs of the times "" , British lawyer and fellow EP committee co-chairman Gordon Hausmann responded that "" legal action can only be taken if there is a law -- in many EU countries there are no such laws "" , adding anti-Semitism could often only be addressed legally through the criminal courts .",1,"after he followed previous speakers in pointing to the power of legislation to "" comply with the needs of the times "" , british lawyer and fellow ep committee co-chairman gordon hausmann responded that "" legal action can only be taken if there is a law -- in many eu countries there are no such laws "" , adding anti-semitism could often only be addressed legally through the criminal courts .",392.0,71.0,16.0,0.2388059701492537,"[('power', 'power', 1.0), ('legislation', 'bill', 0.81843793), ('legislation', 'law', 0.58004606), ('legislation', 'lawmakers', 0.553626), ('legislation', 'legislation', 1.0), ('legislation', 'reform', 0.57821727), ('lawyer', 'judge', 0.50698256), ('law', 'law', 1.0), ('law', 'legislation', 0.58004606), ('law', 'rule', 0.5247162), ('laws', 'law', 0.7399262), ('laws', 'legislation', 0.5993766), ('criminal', 'crime', 0.50458133), ('criminal', 'criminal', 1.0), ('courts', 'court', 0.72129905), ('courts', 'judge', 0.526229)]",
137,672.0,9403,244218,,,,,,,,"As Mike Ramsey says , the Constitution discusses the issue with three related sentences of Article I , Section 3. ( 1 ) "" The Vice President of the United States shall be President of the Senate , but shall have no vote , unless they be equally divided . "" ( 2 ) "" The Senate shall have the sole Power to try all Impeachments. "" ( 3 ) "" When the President of the United States is tried , the Chief Justice shall preside .",1,"as mike ramsey says , the constitution discusses the issue with three related sentences of article i , section . (  ) "" the vice president of the united states shall be president of the senate , but shall have no vote , unless they be equally divided . "" (  ) "" the senate shall have the sole power to try all impeachments. "" (  ) "" when the president of the united states is tried , the chief justice shall preside .",417.0,84.0,13.0,0.1857142857142857,"[('constitution', 'law', 0.5401366), ('sentences', 'prison', 0.6273886), ('president', 'president', 1.0), ('president', 'president', 1.0), ('senate', 'senate', 1.0), ('vote', 'election', 0.602672), ('vote', 'vote', 1.0), ('vote', 'voters', 0.5841916), ('senate', 'senate', 1.0), ('power', 'power', 1.0), ('president', 'president', 1.0), ('chief', 'president', 0.5507432), ('justice', 'justice', 1.0)]",
95,1096.0,5711,1282720,,,,,,,,"The Small Arms Treaty and the U.N . ' s project on International Small Arms Control Standards seek to impose global restrictions on gun ownership that would apply to Americans and the citizens of every country that ratified the agreements . Secretary of State Hillary Clinton has pledged to support the treaty , an excuse for governments everywhere to empower themselves and limit their citizens instead of the other way around .",1,"the small arms treaty and the u.n . ' s project on international small arms control standards seek to impose global restrictions on gun ownership that would apply to americans and the citizens of every country that ratified the agreements . secretary of state hillary clinton has pledged to support the treaty , an excuse for governments everywhere to empower themselves and limit their citizens instead of the other way around .",429.0,72.0,15.0,0.2205882352941176,"[('arms', 'weapons', 0.54239786), ('arms', 'weapons', 0.54239786), ('control', 'control', 1.0), ('global', 'world', 0.5744006), ('restrictions', 'ban', 0.61776996), ('restrictions', 'restrictions', 1.0), ('gun', 'gun', 1.0), ('gun', 'weapons', 0.54864347), ('country', 'country', 1.0), ('country', 'nation', 0.7242872), ('country', 'world', 0.59803855), ('hillary', 'democrats', 0.5172168), ('support', 'support', 1.0), ('governments', 'government', 0.6521534), ('limit', 'restrictions', 0.5305728)]",
178,1074.0,1668,1485357,,,,,,,,"In 1999 , the year he completed his studies , Mr. Atta organized an Islamic prayer group through the university students ' union . German police officials now believe the group might have provided useful cover to recruit other students .",1,"in  , the year he completed his studies , mr. atta organized an islamic prayer group through the university students ' union . german police officials now believe the group might have provided useful cover to recruit other students .",233.0,40.0,11.0,0.3055555555555556,"[('prayer', 'church', 0.51397145), ('university', 'school', 0.50807446), ('students', 'school', 0.63015234), ('union', 'labor', 0.5315647), ('union', 'strike', 0.5092126), ('union', 'union', 1.0), ('police', 'investigators', 0.52164876), ('police', 'police', 1.0), ('officials', 'investigators', 0.50950015), ('officials', 'officials', 0.99999994), ('students', 'school', 0.63015234)]",
880,1094.0,3311,561601,,,,,,,,"But there are ways for students of all ages to earn college degrees without racking @ @ @ @ @ @ @ @ @ @ Bill , are well-known , and have been around for generations . Others , including law school programs that wipe away graduates ' student loans in return for work in the public interest , may be less well-known but just as helpful .",1,"but there are ways for students of all ages to earn college degrees without racking @ @ @ @ @ @ @ @ @ @ bill , are well-known , and have been around for generations . others , including law school programs that wipe away graduates ' student loans in return for work in the public interest , may be less well-known but just as helpful .",335.0,68.0,11.0,0.2115384615384615,"[('students', 'school', 0.63015234), ('ages', 'age', 0.6211772), ('college', 'school', 0.6081898), ('law', 'law', 1.0), ('law', 'legislation', 0.58004606), ('law', 'rule', 0.5247162), ('school', 'education', 0.50553805), ('school', 'school', 0.99999994), ('student', 'school', 0.6055627), ('loans', 'banks', 0.53648436), ('loans', 'debt', 0.5687963)]",
646,427.0,5245,1208363,,,,,,,,"A Florida judge on Friday denied Rep. Allen West 's ( R-Fla. ) request to recount early votes in St. Lucie County , dealing another setback to the congressman 's effort to overcome an apparent defeat in last Tuesday 's election . Read full article &gt;&gt;",1,"a florida judge on friday denied rep. allen west 's ( r-fla. ) request to recount early votes in st. lucie county , dealing another setback to the congressman 's effort to overcome an apparent defeat in last tuesday 's election . read full article &gt;&gt;",256.0,46.0,10.0,0.238095238095238,"[('judge', 'court', 0.69727296), ('judge', 'judge', 1.0), ('recount', 'election', 0.56524295), ('votes', 'election', 0.50482404), ('votes', 'vote', 0.767614), ('votes', 'voters', 0.529137), ('election', 'candidate', 0.50569105), ('election', 'election', 1.0), ('election', 'vote', 0.602672), ('election', 'voters', 0.5857161)]",
772,906.0,3020,1436672,,,,,,,,"Higher oil prices in the Midwest ? But others , including environmentalists who oppose the pipeline mainly because extracting oil from tar sands releases more greenhouse gases than other methods of harvesting oil , also argue the pipeline will do little or nothing to boost US energy security and will actually lead to higher oil prices in the Midwest .",1,"higher oil prices in the midwest ? but others , including environmentalists who oppose the pipeline mainly because extracting oil from tar sands releases more greenhouse gases than other methods of harvesting oil , also argue the pipeline will do little or nothing to boost us energy security and will actually lead to higher oil prices in the midwest .",353.0,60.0,12.0,0.2142857142857142,"[('oil', 'gas', 0.7105981), ('oil', 'oil', 1.0), ('prices', 'prices', 1.0), ('oil', 'gas', 0.7105981), ('oil', 'oil', 1.0), ('oil', 'gas', 0.7105981), ('oil', 'oil', 1.0), ('energy', 'gas', 0.50853217), ('security', 'security', 1.0), ('oil', 'gas', 0.7105981), ('oil', 'oil', 1.0), ('prices', 'prices', 1.0)]",
585,813.0,5949,953547,,,,,,,,""" Now , when the electoral campaign and process are over , there is a time to start the work in order to unite the country and develop it . And it is also very important to create the reconciliation forum in the Parliament and in the country "" , stressed the head of the OSCE mission in Ukraine , reminding also about the state of affairs when the prominent oppositional leaders , Yulia Tymoshenko and Yury Lutsenko , are imprisoned and were banned from running in the parliamentary elections .",1,""" now , when the electoral campaign and process are over , there is a time to start the work in order to unite the country and develop it . and it is also very important to create the reconciliation forum in the parliament and in the country "" , stressed the head of the osce mission in ukraine , reminding also about the state of affairs when the prominent oppositional leaders , yulia tymoshenko and yury lutsenko , are imprisoned and were banned from running in the parliamentary elections .",494.0,91.0,19.0,0.2289156626506024,"[('electoral', 'election', 0.7147979), ('campaign', 'campaign', 1.0), ('country', 'country', 1.0), ('country', 'nation', 0.7242872), ('country', 'world', 0.59803855), ('reconciliation', 'peace', 0.5533439), ('parliament', 'congress', 0.5068923), ('parliament', 'government', 0.5268454), ('parliament', 'senate', 0.5120271), ('country', 'country', 1.0), ('country', 'nation', 0.7242872), ('country', 'world', 0.59803855), ('leaders', 'leadership', 0.5006184), ('leaders', 'officials', 0.54851913), ('imprisoned', 'prison', 0.665435), ('banned', 'ban', 0.68402386), ('elections', 'election', 0.86722374), ('elections', 'vote', 0.566956), ('elections', 'voters', 0.5204255)]",
398,101.0,9378,1161113,,,,,,,,"The possibility of voter fraud has frequently served as the ideological @ @ @ @ @ @ @ @ @ @ the integrity of elections ca n't be preserved without requiring would-be voters to verify their identity at polling places . Reports on actual incidents appear to counter this contention , however , as figures suggest voter fraud is a highly infrequent occurrence .",1,"the possibility of voter fraud has frequently served as the ideological @ @ @ @ @ @ @ @ @ @ the integrity of elections ca n't be preserved without requiring would-be voters to verify their identity at polling places . reports on actual incidents appear to counter this contention , however , as figures suggest voter fraud is a highly infrequent occurrence .",358.0,64.0,13.0,0.26,"[('voter', 'election', 0.5171277), ('voter', 'voters', 0.7541878), ('elections', 'election', 0.86722374), ('elections', 'vote', 0.566956), ('elections', 'voters', 0.5204255), ('voters', 'election', 0.5857161), ('voters', 'vote', 0.5841916), ('voters', 'voters', 1.0), ('polling', 'election', 0.5539907), ('polling', 'poll', 0.66768235), ('polling', 'voters', 0.54405624), ('voter', 'election', 0.5171277), ('voter', 'voters', 0.7541878)]",
145,350.0,993,1444105,,,,,,,,"The lead investigator(s) must have the experience , dedication , and tenacity to direct all aspects of the investigation . They should also , with management 's support , have the ability to select a cadre of investigators and support personnel and assign such personnel as the investigation dictates . In serial murder investigations , the lead investigators must handle all crime scene activities and related leads , as each incident may be interwoven . @ @ @ @ @ @ @ @ @ @ lead control investigator to ensure relevant information is distributed to the entire task force .",1,"the lead investigator(s) must have the experience , dedication , and tenacity to direct all aspects of the investigation . they should also , with management 's support , have the ability to select a cadre of investigators and support personnel and assign such personnel as the investigation dictates . in serial murder investigations , the lead investigators must handle all crime scene activities and related leads , as each incident may be interwoven . @ @ @ @ @ @ @ @ @ @ lead control investigator to ensure relevant information is distributed to the entire task force .",574.0,100.0,31.0,0.3875,"[('investigators', 'investigation', 0.5993347), ('investigators', 'investigators', 1.0), ('investigators', 'officials', 0.50950015), ('investigators', 'police', 0.52164876), ('investigation', 'investigation', 1.0), ('investigation', 'investigators', 0.5993347), ('support', 'support', 1.0), ('investigators', 'investigation', 0.5993347), ('investigators', 'investigators', 1.0), ('investigators', 'officials', 0.50950015), ('investigators', 'police', 0.52164876), ('support', 'support', 1.0), ('investigation', 'investigation', 1.0), ('investigation', 'investigators', 0.5993347), ('murder', 'crime', 0.53367186), ('murder', 'death', 0.6415225), ('murder', 'killing', 0.63495654), ('murder', 'murder', 1.0), ('investigations', 'investigation', 0.8337495), ('investigations', 'investigators', 0.50859654), ('investigators', 'investigation', 0.5993347), ('investigators', 'investigators', 1.0), ('investigators', 'officials', 0.50950015), ('investigators', 'police', 0.52164876), ('crime', 'crime', 1.0), ('crime', 'criminal', 0.50458133), ('crime', 'murder', 0.53367186), ('crime', 'violence', 0.53571737), ('control', 'control', 1.0), ('investigator', 'investigators', 0.6678825), ('force', 'force', 1.0)]",
295,81.0,3562,94443,,,,,,,,( CNSNews.com ) - An economic analyst invited by the State Department to brief a group of foreign journalists on the U.S. economy on Election Day responded to a question from a reporter from the Egyptian newspaper Al Wafd by predicting that U.S. Treasury securities -- the means by which the U.S. government finances its debt--will be downgraded again .,1,( cnsnews.com ) - an economic analyst invited by the state department to brief a group of foreign journalists on the u.s. economy on election day responded to a question from a reporter from the egyptian newspaper al wafd by predicting that u.s. treasury securities -- the means by which the u.s. government finances its debt--will be downgraded again .,353.0,60.0,11.0,0.1964285714285714,"[('economic', 'economy', 0.7219074), ('journalists', 'media', 0.53533655), ('economy', 'economy', 1.0), ('election', 'candidate', 0.50569105), ('election', 'election', 1.0), ('election', 'vote', 0.602672), ('election', 'voters', 0.5857161), ('treasury', 'finance', 0.51148933), ('government', 'administration', 0.5462369), ('government', 'government', 1.0), ('finances', 'debt', 0.50658655)]",
818,967.0,5721,617923,,,,,,,,"This is silly . At current production levels , relying solely on good old "" North American "" oil would leave us more than 30 percent short of what we now consume , and no amount of drilling and despoiling could close that gap . Moreover , the price of oil is a global price -- a barrel costs the same whether it 's extracted in North Dakota or the North Sea .",1,"this is silly . at current production levels , relying solely on good old "" north american "" oil would leave us more than  percent short of what we now consume , and no amount of drilling and despoiling could close that gap . moreover , the price of oil is a global price -- a barrel costs the same whether it 's extracted in north dakota or the north sea .",357.0,72.0,10.0,0.1538461538461538,"[('oil', 'gas', 0.7105981), ('oil', 'oil', 1.0), ('gap', 'deficit', 0.527986), ('price', 'prices', 0.74903214), ('oil', 'gas', 0.7105981), ('oil', 'oil', 1.0), ('global', 'world', 0.5744006), ('price', 'prices', 0.74903214), ('barrel', 'oil', 0.5492316), ('costs', 'prices', 0.5252757)]",
668,1040.0,9507,1340829,,,,,,,,"In 2009 , Senate Democrats passed a budget . In 2010 , they marked one up in the Budget Committee , but did n't bring it to the floor . Beginning in 2011 -- so , in this Congress -- they just stopped bothering with the whole budget thing altogether .",1,"in  , senate democrats passed a budget . in  , they marked one up in the budget committee , but did n't bring it to the floor . beginning in  -- so , in this congress -- they just stopped bothering with the whole budget thing altogether .",238.0,48.0,22.0,0.5641025641025641,"[('senate', 'senate', 1.0), ('democrats', 'democrats', 0.99999994), ('democrats', 'republican', 0.60743797), ('budget', 'budget', 0.99999994), ('budget', 'cuts', 0.5091997), ('budget', 'deficit', 0.5496122), ('budget', 'fiscal', 0.59004045), ('budget', 'funding', 0.5415), ('budget', 'spending', 0.56915724), ('budget', 'budget', 0.99999994), ('budget', 'cuts', 0.5091997), ('budget', 'deficit', 0.5496122), ('budget', 'fiscal', 0.59004045), ('budget', 'funding', 0.5415), ('budget', 'spending', 0.56915724), ('congress', 'congress', 1.0), ('budget', 'budget', 0.99999994), ('budget', 'cuts', 0.5091997), ('budget', 'deficit', 0.5496122), ('budget', 'fiscal', 0.59004045), ('budget', 'funding', 0.5415), ('budget', 'spending', 0.56915724)]",
61,481.0,2484,176733,,,,,,,,The link between high oil prices and VMT is indirect . Our recent growth was in housing as oil prices roses and housing rose we had to drive but did not have to buy a new house thus the consumer pulled back on spending for a new house . The housing bubble popped first oil prices kept increasing and VMT turned down in 2006 .,1,the link between high oil prices and vmt is indirect . our recent growth was in housing as oil prices roses and housing rose we had to drive but did not have to buy a new house thus the consumer pulled back on spending for a new house . the housing bubble popped first oil prices kept increasing and vmt turned down in  .,321.0,64.0,11.0,0.180327868852459,"[('oil', 'gas', 0.7105981), ('oil', 'oil', 1.0), ('prices', 'prices', 1.0), ('oil', 'gas', 0.7105981), ('oil', 'oil', 1.0), ('prices', 'prices', 1.0), ('spending', 'budget', 0.56915724), ('spending', 'spending', 1.0), ('oil', 'gas', 0.7105981), ('oil', 'oil', 1.0), ('prices', 'prices', 1.0)]",
666,527.0,459,537466,,,,,,,,Sorry but I could n't even read your one email . I got to the part about republicans could n't get off their butts to vote . The right **28;8372;TOOLONG that did n't vote did so because they could not again vote for a false conservative of a bought and paid off republican party .,1,sorry but i could n't even read your one email . i got to the part about republicans could n't get off their butts to vote . the right **;;toolong that did n't vote did so because they could not again vote for a false conservative of a bought and paid off republican party .,274.0,55.0,15.0,0.2884615384615384,"[('republicans', 'democrats', 0.6657833), ('republicans', 'republican', 0.7488651), ('vote', 'election', 0.602672), ('vote', 'vote', 1.0), ('vote', 'voters', 0.5841916), ('vote', 'election', 0.602672), ('vote', 'vote', 1.0), ('vote', 'voters', 0.5841916), ('vote', 'election', 0.602672), ('vote', 'vote', 1.0), ('vote', 'voters', 0.5841916), ('conservative', 'conservative', 1.0), ('republican', 'democrats', 0.60743797), ('republican', 'republican', 1.0), ('party', 'parties', 0.67454803)]",
153,856.0,4268,1251916,,,,,,,,"No offense , but are the many natives who 's bodies and ways of life were destructed in the bikini attol armed ? Were the victims of the accidental ire bombing that destroyed Nagasaki armed ? Are the farmers &; their families presently being starved by the US ' foreign policies while being threatened by the very Taliban the military 's policies of arming war lords created armed ? Were the members of a wedding party of over 60 fairly recently gunned down by a drone armed ?",1,"no offense , but are the many natives who 's bodies and ways of life were destructed in the bikini attol armed ? were the victims of the accidental ire bombing that destroyed nagasaki armed ? are the farmers &; their families presently being starved by the us ' foreign policies while being threatened by the very taliban the military 's policies of arming war lords created armed ? were the members of a wedding party of over  fairly recently gunned down by a drone armed ?",474.0,87.0,11.0,0.1341463414634146,"[('offense', 'defense', 0.5541691), ('offense', 'offensive', 0.5992408), ('victims', 'victim', 0.67437744), ('bombing', 'attack', 0.57776964), ('policies', 'policy', 0.76456714), ('military', 'army', 0.6824313), ('military', 'military', 1.0), ('policies', 'policy', 0.76456714), ('war', 'war', 1.0), ('wedding', 'marriage', 0.56612694), ('party', 'parties', 0.67454803)]",
835,637.0,5744,680856,,,,,,,,"According to the Constitution 's 7th Amendment : "" In suits at common law . . . the right of trial by jury shall be preserved ; and no fact , tried by a jury , shall be otherwise re-examined in any court of the United States than according to the rules of the common law . """,1,"according to the constitution 's th amendment : "" in suits at common law . . . the right of trial by jury shall be preserved ; and no fact , tried by a jury , shall be otherwise re-examined in any court of the united states than according to the rules of the common law . """,273.0,58.0,19.0,0.38,"[('constitution', 'law', 0.5401366), ('amendment', 'bill', 0.69470596), ('amendment', 'legislation', 0.6887385), ('law', 'law', 1.0), ('law', 'legislation', 0.58004606), ('law', 'rule', 0.5247162), ('trial', 'trial', 1.0), ('jury', 'judge', 0.6222299), ('jury', 'trial', 0.56444585), ('jury', 'judge', 0.6222299), ('jury', 'trial', 0.56444585), ('court', 'court', 1.0), ('court', 'judge', 0.69727296), ('rules', 'law', 0.5177953), ('rules', 'restrictions', 0.5421726), ('rules', 'rule', 0.6459378), ('law', 'law', 1.0), ('law', 'legislation', 0.58004606), ('law', 'rule', 0.5247162)]",
314,641.0,1062,145669,,,,,,,,"Three major U.S. Senate investigations have documented La Cosa Nostra 's involvement in labor racketeering . One of these , the McClellan Committee , in the late-1950s , found systemic racketeering in both the International Brotherhood of Teamsters and the Hotel Employees and Restaurant Employees International Union .",1,"three major u.s. senate investigations have documented la cosa nostra 's involvement in labor racketeering . one of these , the mcclellan committee , in the late-s , found systemic racketeering in both the international brotherhood of teamsters and the hotel employees and restaurant employees international union .",315.0,48.0,11.0,0.2558139534883721,"[('senate', 'senate', 1.0), ('investigations', 'investigation', 0.8337495), ('investigations', 'investigators', 0.50859654), ('labor', 'labor', 1.0), ('labor', 'union', 0.5315647), ('racketeering', 'criminal', 0.5246314), ('racketeering', 'criminal', 0.5246314), ('teamsters', 'union', 0.5327946), ('union', 'labor', 0.5315647), ('union', 'strike', 0.5092126), ('union', 'union', 1.0)]",
712,29.0,8653,500178,,,,,,,,"SECTION 2 OFFICERS LIABLE TO . The governor and other state and judicial officers , except judges and justices of courts not of record , shall be liable to impeachment for high crimes or misdemeanors , or malfeasance in office , but judgment in such cases shall extend only to removal from office @ @ @ @ @ @ @ @ @ @ or profit , in the state . The party , whether convicted or acquitted , shall , nevertheless , be liable to prosecution , trial , judgment and punishment according to law .",1,"section  officers liable to . the governor and other state and judicial officers , except judges and justices of courts not of record , shall be liable to impeachment for high crimes or misdemeanors , or malfeasance in office , but judgment in such cases shall extend only to removal from office @ @ @ @ @ @ @ @ @ @ or profit , in the state . the party , whether convicted or acquitted , shall , nevertheless , be liable to prosecution , trial , judgment and punishment according to law .",488.0,95.0,20.0,0.2816901408450704,"[('officers', 'police', 0.72437155), ('governor', 'lawmakers', 0.5393322), ('judicial', 'justice', 0.58764845), ('officers', 'police', 0.72437155), ('judges', 'judge', 0.6271926), ('justices', 'court', 0.5146692), ('justices', 'judge', 0.57948005), ('courts', 'court', 0.72129905), ('courts', 'judge', 0.526229), ('crimes', 'crime', 0.74681056), ('crimes', 'criminal', 0.545379), ('crimes', 'murder', 0.5264058), ('party', 'parties', 0.67454803), ('convicted', 'prison', 0.65211326), ('prosecution', 'criminal', 0.5806577), ('prosecution', 'trial', 0.6002069), ('trial', 'trial', 1.0), ('law', 'law', 1.0), ('law', 'legislation', 0.58004606), ('law', 'rule', 0.5247162)]",
41,958.0,3273,1632144,,,,,,,,"William Galvin , Massachusetts secretary of the Commonwealth , predicted record voter turnout yesterday . According to the City of Boston 's unofficial election results , Boston boasted 387,142 registered voters in 255 precincts , from which 248,955 total votes were recorded . When all was said and done , 78.8 percent of Boston voters checked the box for Obama-Biden , while 19.4 percent did so for Romney -- Ryan . Additionally , 74.1 percent of Boston voters opted for Elizabeth Warren while 25.8 percent voted for Scott Brown .",1,"william galvin , massachusetts secretary of the commonwealth , predicted record voter turnout yesterday . according to the city of boston 's unofficial election results , boston boasted , registered voters in  precincts , from which , total votes were recorded . when all was said and done , . percent of boston voters checked the box for obama-biden , while . percent did so for romney -- ryan . additionally , . percent of boston voters opted for elizabeth warren while . percent voted for scott brown .",505.0,89.0,20.0,0.2816901408450704,"[('voter', 'election', 0.5171277), ('voter', 'voters', 0.7541878), ('election', 'candidate', 0.50569105), ('election', 'election', 1.0), ('election', 'vote', 0.602672), ('election', 'voters', 0.5857161), ('voters', 'election', 0.5857161), ('voters', 'vote', 0.5841916), ('voters', 'voters', 1.0), ('precincts', 'voters', 0.50763875), ('votes', 'election', 0.50482404), ('votes', 'vote', 0.767614), ('votes', 'voters', 0.529137), ('voters', 'election', 0.5857161), ('voters', 'vote', 0.5841916), ('voters', 'voters', 1.0), ('voters', 'election', 0.5857161), ('voters', 'vote', 0.5841916), ('voters', 'voters', 1.0), ('voted', 'vote', 0.6484754)]",
318,1006.0,3935,379248,,,,,,,,"How are Germans pushing for continued trade surpluses ? This is a bizarre statement . Germany had perennial trade surpluses before the euro . Like Sweden , Switzerland , Korea , etc. , their culture and economic structure results in trade surpluses . Also , what you call Germany forcing austerity on the periphery is Germany demanding that countries receiving a German supported bailout make extensive reforms . What 's the politically feasible alternative for German politicians ?",1,"how are germans pushing for continued trade surpluses ? this is a bizarre statement . germany had perennial trade surpluses before the euro . like sweden , switzerland , korea , etc. , their culture and economic structure results in trade surpluses . also , what you call germany forcing austerity on the periphery is germany demanding that countries receiving a german supported bailout make extensive reforms . what 's the politically feasible alternative for german politicians ?",482.0,78.0,13.0,0.1940298507462686,"[('surpluses', 'deficit', 0.5479257), ('surpluses', 'deficit', 0.5479257), ('euro', 'dollar', 0.60616684), ('culture', 'society', 0.5302674), ('economic', 'economy', 0.7219074), ('surpluses', 'deficit', 0.5479257), ('supported', 'support', 0.60093963), ('reforms', 'legislation', 0.5094546), ('reforms', 'reform', 0.8384366), ('politicians', 'democrats', 0.5317054), ('politicians', 'government', 0.5145743), ('politicians', 'lawmakers', 0.5712386), ('politicians', 'politics', 0.5705571)]",
655,96.0,6337,183765,,,,,,,,"The director of DFAS and a top Lockheed Martin executive are expected to appear Wednesday morning at a hearing called by Kucinich , chairman of the domestic policy subcommittee of the House Oversight and Government Reform Committee . Kucinich is expected to ask the Pentagon 's inspector general , who also has been asked to appear , to look into the matter .",1,"the director of dfas and a top lockheed martin executive are expected to appear wednesday morning at a hearing called by kucinich , chairman of the domestic policy subcommittee of the house oversight and government reform committee . kucinich is expected to ask the pentagon 's inspector general , who also has been asked to appear , to look into the matter .",359.0,63.0,10.0,0.1724137931034483,"[('director', 'president', 0.53861916), ('executive', 'president', 0.6182477), ('chairman', 'president', 0.6708745), ('policy', 'policy', 1.0), ('policy', 'strategy', 0.525799), ('oversight', 'authority', 0.5246924), ('government', 'administration', 0.5462369), ('government', 'government', 1.0), ('reform', 'legislation', 0.57821727), ('reform', 'reform', 1.0)]",
638,420.0,98,447771,,,,,,,,"The media landscape has also changed , which added to the decline of war coverage . Media outlets have been consolidated under large public companies , and the "" news "" now must justify its very existence , and especially its costs , in the name of profits . Thus , we now have "" news "" that is more entertainment than true journalism . The main point now is to drive the ears and eyeballs of audiences to media outlets in an effort to sell more advertising . The very nature of our democracy suffers as a result .",1,"the media landscape has also changed , which added to the decline of war coverage . media outlets have been consolidated under large public companies , and the "" news "" now must justify its very existence , and especially its costs , in the name of profits . thus , we now have "" news "" that is more entertainment than true journalism . the main point now is to drive the ears and eyeballs of audiences to media outlets in an effort to sell more advertising . the very nature of our democracy suffers as a result .",514.0,100.0,11.0,0.1222222222222222,"[('media', 'media', 1.0), ('war', 'war', 1.0), ('media', 'media', 1.0), ('companies', 'banks', 0.5019373), ('news', 'news', 1.0), ('costs', 'prices', 0.5252757), ('news', 'news', 1.0), ('main', 'primary', 0.5129422), ('media', 'media', 1.0), ('democracy', 'democrats', 0.52689075), ('democracy', 'peace', 0.51082647)]",
306,544.0,5152,1020509,,,,,,,,"I have more students every year . We are seeing record numbers of kids who are coming to school hungry , in foster care due to child abuse issues , parents working two jobs and kids left home alone at night , wearing the same outfit every day ( kids wearing sandals in the snow ) , and other signs of a nation that is turning a blind eye to the needs of those in the lower and middle classes .",1,"i have more students every year . we are seeing record numbers of kids who are coming to school hungry , in foster care due to child abuse issues , parents working two jobs and kids left home alone at night , wearing the same outfit every day ( kids wearing sandals in the snow ) , and other signs of a nation that is turning a blind eye to the needs of those in the lower and middle classes .",393.0,81.0,11.0,0.1506849315068493,"[('students', 'school', 0.63015234), ('school', 'education', 0.50553805), ('school', 'school', 0.99999994), ('abuse', 'abuse', 1.0), ('abuse', 'violence', 0.5029986), ('issues', 'concerns', 0.59313965), ('parents', 'school', 0.5244654), ('jobs', 'job', 0.62629366), ('nation', 'country', 0.7242872), ('nation', 'nation', 1.0), ('nation', 'world', 0.57605803)]",
75,705.0,1847,186496,,,,,,,,"Is there any effort to make the jobs of these elected officials ' less secure ' . Even here in California , no particular politician seems to get attacked . If only some elected officials found their tenure threatoned , I believe marijuana decriminalization , medical and otherwise-would rapidly advance .",1,"is there any effort to make the jobs of these elected officials ' less secure ' . even here in california , no particular politician seems to get attacked . if only some elected officials found their tenure threatoned , i believe marijuana decriminalization , medical and otherwise-would rapidly advance .",305.0,51.0,12.0,0.2666666666666666,"[('jobs', 'job', 0.62629366), ('elected', 'election', 0.56267977), ('officials', 'investigators', 0.50950015), ('officials', 'officials', 0.99999994), ('politician', 'candidate', 0.53296655), ('politician', 'politics', 0.56953), ('attacked', 'attack', 0.55535966), ('elected', 'election', 0.56267977), ('officials', 'investigators', 0.50950015), ('officials', 'officials', 0.99999994), ('marijuana', 'drug', 0.5028342), ('medical', 'health', 0.5395452)]",
431,245.0,2190,1560972,,,,,,,,"Sharp political conflict developed , and two separate parties , the Federalists and the Democratic-Republicans , began to form . Jefferson gradually assumed leadership of the Republicans , who sympathized with the revolutionary cause in France . Attacking Federalist policies , he opposed a strong centralized Government and championed the rights of states .",1,"sharp political conflict developed , and two separate parties , the federalists and the democratic-republicans , began to form . jefferson gradually assumed leadership of the republicans , who sympathized with the revolutionary cause in france . attacking federalist policies , he opposed a strong centralized government and championed the rights of states .",358.0,54.0,10.0,0.217391304347826,"[('political', 'politics', 0.6718931), ('conflict', 'war', 0.55061877), ('parties', 'parties', 0.99999994), ('leadership', 'leadership', 1.0), ('republicans', 'democrats', 0.6657833), ('republicans', 'republican', 0.7488651), ('attacking', 'attack', 0.5615357), ('policies', 'policy', 0.76456714), ('government', 'administration', 0.5462369), ('government', 'government', 1.0)]",
669,605.0,3604,948221,,,,,,,,"It is one thing to disagree with someone , it is quite another to attack their integrity . This is not the first time that Dr Siegel has been attacked ! The other time I defended him they attempted to get him fired from his job at the Boston University School of Public Health . Again my post at "" Ban the Ban "" is gone and I ca n't find his post from that period , but it did happen . But to put the good doctors words in perspective .",1,"it is one thing to disagree with someone , it is quite another to attack their integrity . this is not the first time that dr siegel has been attacked ! the other time i defended him they attempted to get him fired from his job at the boston university school of public health . again my post at "" ban the ban "" is gone and i ca n't find his post from that period , but it did happen . but to put the good doctors words in perspective .",436.0,92.0,11.0,0.1294117647058823,"[('attack', 'attack', 1.0), ('attacked', 'attack', 0.55535966), ('job', 'job', 1.0), ('university', 'school', 0.50807446), ('school', 'education', 0.50553805), ('school', 'school', 0.99999994), ('health', 'health', 1.0), ('ban', 'ban', 1.0), ('ban', 'restrictions', 0.61776996), ('ban', 'ban', 1.0), ('ban', 'restrictions', 0.61776996)]",
684,939.0,668,1645124,,,,,,,,"What is won by the oppression of these people 's beliefs ? If a government can force them to do something like this , what unpalatable thing might it serve you in the future ? Why would n't we rather let those who wish to opt out , do so ? Using the force of law in a case like this is a disgrace , and a dangerous precedent . Given that this government may do this , we are no longer privy to using the term "" Land of the Free "" .",1,"what is won by the oppression of these people 's beliefs ? if a government can force them to do something like this , what unpalatable thing might it serve you in the future ? why would n't we rather let those who wish to opt out , do so ? using the force of law in a case like this is a disgrace , and a dangerous precedent . given that this government may do this , we are no longer privy to using the term "" land of the free "" .",431.0,94.0,10.0,0.1176470588235294,"[('government', 'administration', 0.5462369), ('government', 'government', 1.0), ('force', 'force', 1.0), ('force', 'force', 1.0), ('law', 'law', 1.0), ('law', 'legislation', 0.58004606), ('law', 'rule', 0.5247162), ('government', 'administration', 0.5462369), ('government', 'government', 1.0), ('land', 'land', 0.99999994)]",
795,722.0,1551,58796,,,,,,,,"Also , Army commanders have differing views about how vigorously the war must be prosecuted in Iraqi cities and towns . "" How bad do you want to do it ? We have the capability to surround a city , cut off the water , cut off the electricity . We do n't want to do that , "" said one general . "" It 's all about having military success , not about attacking the civilian population . But you have to break Hussein 's will , to make him understand that he will not win . """,1,"also , army commanders have differing views about how vigorously the war must be prosecuted in iraqi cities and towns . "" how bad do you want to do it ? we have the capability to surround a city , cut off the water , cut off the electricity . we do n't want to do that , "" said one general . "" it 's all about having military success , not about attacking the civilian population . but you have to break hussein 's will , to make him understand that he will not win . """,469.0,99.0,14.0,0.160919540229885,"[('army', 'army', 1.0), ('army', 'military', 0.6824313), ('commanders', 'military', 0.57684755), ('war', 'war', 1.0), ('prosecuted', 'criminal', 0.54155016), ('bad', 'poor', 0.5352231), ('cut', 'cuts', 0.6245189), ('cut', 'cuts', 0.6245189), ('electricity', 'gas', 0.5078238), ('electricity', 'power', 0.58075684), ('military', 'army', 0.6824313), ('military', 'military', 1.0), ('attacking', 'attack', 0.5615357), ('civilian', 'military', 0.66374177)]",
801,744.0,3744,594886,,,,,,,,"An employee at a software development consulting firm that was contracted by Iberdrola USA , the parent company of both NYSEG and RG &E,; allowed the information systems of clients to be accessed by an unauthorized party . Customer Social Security numbers , birth dates , and in some cases , financial institution account numbers were exposed . A total of 878,000 NYSEG customers and 367,000 RG &E; electricity customers were affected . An unknown number of additional customers from both companies who signed up for gas services , but not electricity services were also affected .",1,"an employee at a software development consulting firm that was contracted by iberdrola usa , the parent company of both nyseg and rg &e,; allowed the information systems of clients to be accessed by an unauthorized party . customer social security numbers , birth dates , and in some cases , financial institution account numbers were exposed . a total of , nyseg customers and , rg &e; electricity customers were affected . an unknown number of additional customers from both companies who signed up for gas services , but not electricity services were also affected .",569.0,97.0,10.0,0.1162790697674418,"[('party', 'parties', 0.67454803), ('security', 'security', 1.0), ('financial', 'fiscal', 0.50823987), ('electricity', 'gas', 0.5078238), ('electricity', 'power', 0.58075684), ('companies', 'banks', 0.5019373), ('gas', 'gas', 1.0), ('gas', 'oil', 0.7105981), ('electricity', 'gas', 0.5078238), ('electricity', 'power', 0.58075684)]",
94,425.0,3251,442222,,,,,,,,"The GOP on the very @ @ @ @ @ @ @ @ @ @ 2009 , Frank Luntz , Newton Gingrich , Tom Colburn , Eric Cantor and 18 other GOPers met for 4 plus hours to plan and plot a political Coup ' d tat against pres Obama who had just inherited a Nation in the harshest economic meltdown ... near depression since the great depression . Those same forces have not stopped . They are still going on strong ...... obstructing and getting totally rewarded by the national media and the rightwing electorate . <h> Loading comments ...",1,"the gop on the very @ @ @ @ @ @ @ @ @ @  , frank luntz , newton gingrich , tom colburn , eric cantor and  other gopers met for  plus hours to plan and plot a political coup ' d tat against pres obama who had just inherited a nation in the harshest economic meltdown ... near depression since the great depression . those same forces have not stopped . they are still going on strong ...... obstructing and getting totally rewarded by the national media and the rightwing electorate .  loading comments ...",505.0,97.0,14.0,0.1818181818181818,"[('gop', 'democrats', 0.5756108), ('plan', 'strategy', 0.5891837), ('political', 'politics', 0.6718931), ('nation', 'country', 0.7242872), ('nation', 'nation', 1.0), ('nation', 'world', 0.57605803), ('economic', 'economy', 0.7219074), ('meltdown', 'crisis', 0.67899895), ('forces', 'army', 0.58733), ('forces', 'force', 0.519529), ('media', 'media', 1.0), ('rightwing', 'conservative', 0.54849327), ('electorate', 'election', 0.5620242), ('electorate', 'voters', 0.7411989)]",
349,473.0,6174,522162,,,,,,,,"The Fight For Access to Higher Education in Iran NIAC Insight - October 11 , 2011 In particular , members of the Baha'i Faith ( Iran 's largest religious minority ) have been denied access to higher education , essentially blocking their ability to pursue a professional career . Some will attempt to flee the country to attend University ...",1,"the fight for access to higher education in iran niac insight - october  ,  in particular , members of the baha'i faith ( iran 's largest religious minority ) have been denied access to higher education , essentially blocking their ability to pursue a professional career . some will attempt to flee the country to attend university ...",336.0,58.0,12.0,0.2352941176470588,"[('fight', 'fighting', 0.79230136), ('education', 'education', 1.0), ('education', 'school', 0.50553805), ('faith', 'religion', 0.53862715), ('religious', 'church', 0.52823746), ('religious', 'religion', 0.72264564), ('education', 'education', 1.0), ('education', 'school', 0.50553805), ('country', 'country', 1.0), ('country', 'nation', 0.7242872), ('country', 'world', 0.59803855), ('university', 'school', 0.50807446)]",
312,59.0,3967,810406,,,,,,,,"Mr. Obama also benefitted from his long run of extraordinary good luck . Hurricane Sandy devastated the Northeast a week before Election Day , letting him rise for a few days above the partisanship that has defined his first term . The storm changed the campaign conversation and blunted Mr. Romney 's momentum . The exit polls show that late-deciders went for the incumbent this year when they typically break for the challenger .",1,"mr. obama also benefitted from his long run of extraordinary good luck . hurricane sandy devastated the northeast a week before election day , letting him rise for a few days above the partisanship that has defined his first term . the storm changed the campaign conversation and blunted mr. romney 's momentum . the exit polls show that late-deciders went for the incumbent this year when they typically break for the challenger .",431.0,74.0,14.0,0.2028985507246377,"[('election', 'candidate', 0.50569105), ('election', 'election', 1.0), ('election', 'vote', 0.602672), ('election', 'voters', 0.5857161), ('partisanship', 'politics', 0.5735563), ('campaign', 'campaign', 1.0), ('conversation', 'debate', 0.5250445), ('polls', 'election', 0.6596775), ('polls', 'poll', 0.7592546), ('polls', 'vote', 0.54250556), ('polls', 'voters', 0.61303115), ('incumbent', 'candidate', 0.5468435), ('incumbent', 'election', 0.57315534), ('challenger', 'candidate', 0.62880147)]",
405,364.0,3156,81241,,,,,,,,"In one week , Columbus , Ohio police shot two different men who were allegedly high on bath salts . A SWAT officer shot and killed Kevin Boozer on Tuesday , May 22 after he held a knife to his girlfriend 's neck . Relatives claimed bath salts had made Boozer violent . Several days prior , another suspect believed to be under the influence of bath salts allegedly fired at police when they interrupted him while he was breaking into his own house . Police fired @ @ @ @ @ @ @ @ @ @ Miami Herald/AP Photo",1,"in one week , columbus , ohio police shot two different men who were allegedly high on bath salts . a swat officer shot and killed kevin boozer on tuesday , may  after he held a knife to his girlfriend 's neck . relatives claimed bath salts had made boozer violent . several days prior , another suspect believed to be under the influence of bath salts allegedly fired at police when they interrupted him while he was breaking into his own house . police fired @ @ @ @ @ @ @ @ @ @ miami herald/ap photo",502.0,99.0,16.0,0.1975308641975308,"[('police', 'investigators', 0.52164876), ('police', 'police', 1.0), ('shot', 'shooting', 0.646509), ('bath', 'bathroom', 0.52589774), ('shot', 'shooting', 0.646509), ('killed', 'killing', 0.7126882), ('knife', 'gun', 0.56242114), ('bath', 'bathroom', 0.52589774), ('violent', 'violence', 0.62438154), ('suspect', 'police', 0.5110452), ('suspect', 'victim', 0.5963094), ('bath', 'bathroom', 0.52589774), ('police', 'investigators', 0.52164876), ('police', 'police', 1.0), ('police', 'investigators', 0.52164876), ('police', 'police', 1.0)]",
468,830.0,371,1281082,,,,,,,,"The @ @ @ @ @ @ @ @ @ @ new laws that hinder voters from voting , such as Voter ID laws and laws to end early voting , which has made it easier for working citizens who have a difficult time voting on election day , to vote ahead of time because of their work schedule .",1,"the @ @ @ @ @ @ @ @ @ @ new laws that hinder voters from voting , such as voter id laws and laws to end early voting , which has made it easier for working citizens who have a difficult time voting on election day , to vote ahead of time because of their work schedule .",270.0,60.0,27.0,0.5869565217391305,"[('laws', 'law', 0.7399262), ('laws', 'legislation', 0.5993766), ('voters', 'election', 0.5857161), ('voters', 'vote', 0.5841916), ('voters', 'voters', 1.0), ('voting', 'election', 0.5065524), ('voting', 'vote', 0.72739744), ('voting', 'voters', 0.52248776), ('voter', 'election', 0.5171277), ('voter', 'voters', 0.7541878), ('laws', 'law', 0.7399262), ('laws', 'legislation', 0.5993766), ('laws', 'law', 0.7399262), ('laws', 'legislation', 0.5993766), ('voting', 'election', 0.5065524), ('voting', 'vote', 0.72739744), ('voting', 'voters', 0.52248776), ('voting', 'election', 0.5065524), ('voting', 'vote', 0.72739744), ('voting', 'voters', 0.52248776), ('election', 'candidate', 0.50569105), ('election', 'election', 1.0), ('election', 'vote', 0.602672), ('election', 'voters', 0.5857161), ('vote', 'election', 0.602672), ('vote', 'vote', 1.0), ('vote', 'voters', 0.5841916)]",
500,219.0,1618,1663472,,,,,,,,"The Justice Department has been brought low in the eyes of the world by crass political manipulation . We see that in the Civil Rights Division , in a series of @ @ @ @ @ @ @ @ @ @ political operatives in the White House , by an employment process that brought in "" loyal Bushies . "" But we also see that in the program of torture and official cruelty . This is the subordination of the Rule of Law to the will of one man .",1,"the justice department has been brought low in the eyes of the world by crass political manipulation . we see that in the civil rights division , in a series of @ @ @ @ @ @ @ @ @ @ political operatives in the white house , by an employment process that brought in "" loyal bushies . "" but we also see that in the program of torture and official cruelty . this is the subordination of the rule of law to the will of one man .",423.0,90.0,11.0,0.1486486486486486,"[('justice', 'justice', 1.0), ('political', 'politics', 0.6718931), ('political', 'politics', 0.6718931), ('employment', 'unemployment', 0.5667618), ('official', 'officials', 0.542246), ('cruelty', 'abuse', 0.51439047), ('rule', 'law', 0.5247162), ('rule', 'rule', 1.0), ('law', 'law', 1.0), ('law', 'legislation', 0.58004606), ('law', 'rule', 0.5247162)]",
245,109.0,4592,1352299,,,,,,,,The agenda for the next few weeks : Revisit defense cuts that some analysts warn could cripple the military . Decide whether to renew tax cuts passed when George W. Bush was president . Approve short-term legislation to keep the government running for another six months . Hit the campaign trail and try to get re-elected .,1,the agenda for the next few weeks : revisit defense cuts that some analysts warn could cripple the military . decide whether to renew tax cuts passed when george w. bush was president . approve short-term legislation to keep the government running for another six months . hit the campaign trail and try to get re-elected .,323.0,57.0,18.0,0.3461538461538461,"[('defense', 'defense', 1.0), ('cuts', 'budget', 0.5091997), ('cuts', 'cuts', 1.0), ('military', 'army', 0.6824313), ('military', 'military', 1.0), ('tax', 'tax', 1.0), ('cuts', 'budget', 0.5091997), ('cuts', 'cuts', 1.0), ('president', 'president', 1.0), ('approve', 'vote', 0.51630557), ('legislation', 'bill', 0.81843793), ('legislation', 'law', 0.58004606), ('legislation', 'lawmakers', 0.553626), ('legislation', 'legislation', 1.0), ('legislation', 'reform', 0.57821727), ('government', 'administration', 0.5462369), ('government', 'government', 1.0), ('campaign', 'campaign', 1.0)]",
745,1004.0,6620,1428873,,,,,,,,"A new survey from Public Policy Polling released on Monday found that Walker 's support has eroded among Wisconsin voters . In a hypothetical rematch with his 2010 Democratic opponent , Milwaukee @ @ @ @ @ @ @ @ @ @ they 'd opt for Barrett , while 45 percent picked Walker . That 's a flip of the actual 2010 result , which saw Walker beat Barrett , 52 to 45 percent .",1,"a new survey from public policy polling released on monday found that walker 's support has eroded among wisconsin voters . in a hypothetical rematch with his  democratic opponent , milwaukee @ @ @ @ @ @ @ @ @ @ they 'd opt for barrett , while  percent picked walker . that 's a flip of the actual  result , which saw walker beat barrett ,  to  percent .",354.0,70.0,12.0,0.2264150943396226,"[('survey', 'poll', 0.69647384), ('policy', 'policy', 1.0), ('policy', 'strategy', 0.525799), ('polling', 'election', 0.5539907), ('polling', 'poll', 0.66768235), ('polling', 'voters', 0.54405624), ('support', 'support', 1.0), ('voters', 'election', 0.5857161), ('voters', 'vote', 0.5841916), ('voters', 'voters', 1.0), ('democratic', 'democrats', 0.55152744), ('democratic', 'republican', 0.505419)]",
546,452.0,4996,894973,,,,,,,,"Excluding payroll taxes , the bottom 20 percent of income earners have been , on net , facing a negative average federal tax rate -- that is , when factoring out the money they pay toward a future benefit ( or , in other words , treating payroll taxes consistent with the original intent of Social Security as retirement insurance ) the bottom 20 percent of income earners actually receive money from the federal tax system rather than paying into it .",1,"excluding payroll taxes , the bottom  percent of income earners have been , on net , facing a negative average federal tax rate -- that is , when factoring out the money they pay toward a future benefit ( or , in other words , treating payroll taxes consistent with the original intent of social security as retirement insurance ) the bottom  percent of income earners actually receive money from the federal tax system rather than paying into it .",448.0,80.0,13.0,0.1857142857142857,"[('taxes', 'tax', 0.84042203), ('income', 'tax', 0.5878002), ('federal', 'government', 0.5094332), ('tax', 'tax', 1.0), ('money', 'money', 1.0), ('benefit', 'benefits', 0.63760716), ('taxes', 'tax', 0.84042203), ('security', 'security', 1.0), ('insurance', 'insurance', 1.0), ('income', 'tax', 0.5878002), ('money', 'money', 1.0), ('federal', 'government', 0.5094332), ('tax', 'tax', 1.0)]",
382,772.0,2662,775779,,,,,,,,"The majority of the military has their insurance with USAA . It is only for veterans and their families . GEICO insurance use to be for anyone employed by the Federal Government . It is now for everyone . The military has TRI-Care for it 's health insurance . USAA covers auto , homeowners and everything else except health ins . They even have checking/savings , credit cards and advise on retirement as well .",1,"the majority of the military has their insurance with usaa . it is only for veterans and their families . geico insurance use to be for anyone employed by the federal government . it is now for everyone . the military has tri-care for it 's health insurance . usaa covers auto , homeowners and everything else except health ins . they even have checking/savings , credit cards and advise on retirement as well .",411.0,75.0,12.0,0.1818181818181818,"[('military', 'army', 0.6824313), ('military', 'military', 1.0), ('insurance', 'insurance', 1.0), ('insurance', 'insurance', 1.0), ('federal', 'government', 0.5094332), ('government', 'administration', 0.5462369), ('government', 'government', 1.0), ('military', 'army', 0.6824313), ('military', 'military', 1.0), ('health', 'health', 1.0), ('insurance', 'insurance', 1.0), ('health', 'health', 1.0)]",
499,335.0,7888,959964,,,,,,,,"Recent polls suggest Republican nominee Mitt Romney is narrowing in on US President Barack Obama , but the incumbent is n't the only one posing a challenge to the GOP . Libertarian candidate Gary Johnson is also giving Republicans a run for their money . HTML tag into your web page HTML :",1,"recent polls suggest republican nominee mitt romney is narrowing in on us president barack obama , but the incumbent is n't the only one posing a challenge to the gop . libertarian candidate gary johnson is also giving republicans a run for their money . html tag into your web page html :",289.0,53.0,17.0,0.3469387755102041,"[('polls', 'election', 0.6596775), ('polls', 'poll', 0.7592546), ('polls', 'vote', 0.54250556), ('polls', 'voters', 0.61303115), ('republican', 'democrats', 0.60743797), ('republican', 'republican', 1.0), ('nominee', 'candidate', 0.59014064), ('president', 'president', 1.0), ('incumbent', 'candidate', 0.5468435), ('incumbent', 'election', 0.57315534), ('gop', 'democrats', 0.5756108), ('libertarian', 'conservative', 0.6088057), ('candidate', 'candidate', 1.0), ('candidate', 'election', 0.50569105), ('republicans', 'democrats', 0.6657833), ('republicans', 'republican', 0.7488651), ('money', 'money', 1.0)]",
870,994.0,1654,1351441,,,,,,,,"California , which imports over 25% of its electricity from out of state , is in no position to lose half ( ! ) of its entire nuclear power capacity . But that 's exactly what happened earlier this year , @ @ @ @ @ @ @ @ @ @ unexpectedly went offline . The loss only worsens the broad energy deficit that has made California the most dependent state in the country on expensive , out-of-state power .",1,"california , which imports over % of its electricity from out of state , is in no position to lose half ( ! ) of its entire nuclear power capacity . but that 's exactly what happened earlier this year , @ @ @ @ @ @ @ @ @ @ unexpectedly went offline . the loss only worsens the broad energy deficit that has made california the most dependent state in the country on expensive , out-of-state power .",398.0,80.0,10.0,0.1694915254237288,"[('electricity', 'gas', 0.5078238), ('electricity', 'power', 0.58075684), ('power', 'power', 1.0), ('energy', 'gas', 0.50853217), ('deficit', 'budget', 0.5496122), ('deficit', 'deficit', 1.0), ('country', 'country', 1.0), ('country', 'nation', 0.7242872), ('country', 'world', 0.59803855), ('power', 'power', 1.0)]",
263,159.0,9027,330338,,,,,,,,"The Chicago Teachers Union on Monday morning kicked off what it says will be a week of informational picketing at schools , while Chicago Public Schools also began ramping up preparations for a potential teachers strike . ( WBEZ )",1,"the chicago teachers union on monday morning kicked off what it says will be a week of informational picketing at schools , while chicago public schools also began ramping up preparations for a potential teachers strike . ( wbez )",230.0,40.0,14.0,0.3888888888888889,"[('teachers', 'education', 0.52093196), ('teachers', 'school', 0.6158268), ('union', 'labor', 0.5315647), ('union', 'strike', 0.5092126), ('union', 'union', 1.0), ('picketing', 'union', 0.5139204), ('schools', 'education', 0.5620153), ('schools', 'school', 0.74119085), ('schools', 'education', 0.5620153), ('schools', 'school', 0.74119085), ('teachers', 'education', 0.52093196), ('teachers', 'school', 0.6158268), ('strike', 'strike', 1.0), ('strike', 'union', 0.5092126)]",
355,557.0,1539,1185441,,,,,,,,"While the country has vastly more debt today , both in absolute terms and relative to the economy 's @ @ @ @ @ @ @ @ @ @ reached its maximum above 10% in 2009 and has been shrinking since . This points to the fact that the huge , immediate budget imbalance has a great deal to do with the severe depth of the 2008- ' 09 recession .",1,"while the country has vastly more debt today , both in absolute terms and relative to the economy 's @ @ @ @ @ @ @ @ @ @ reached its maximum above % in  and has been shrinking since . this points to the fact that the huge , immediate budget imbalance has a great deal to do with the severe depth of the - '  recession .",319.0,69.0,14.0,0.2592592592592592,"[('country', 'country', 1.0), ('country', 'nation', 0.7242872), ('country', 'world', 0.59803855), ('debt', 'debt', 1.0), ('economy', 'economy', 1.0), ('budget', 'budget', 0.99999994), ('budget', 'cuts', 0.5091997), ('budget', 'deficit', 0.5496122), ('budget', 'fiscal', 0.59004045), ('budget', 'funding', 0.5415), ('budget', 'spending', 0.56915724), ('imbalance', 'deficit', 0.50244117), ('recession', 'crisis', 0.59829676), ('recession', 'economy', 0.63359797)]",
430,739.0,382,213990,,,,,,,,Why do TV script writers promote the idea that it is unreasonable to ask law enforcement officers to establish identity ? ... It is troubling that television crime dramas imply that law enforcement officers should never be questioned .,1,why do tv script writers promote the idea that it is unreasonable to ask law enforcement officers to establish identity ? ... it is troubling that television crime dramas imply that law enforcement officers should never be questioned .,235.0,39.0,14.0,0.3888888888888889,"[('law', 'law', 1.0), ('law', 'legislation', 0.58004606), ('law', 'rule', 0.5247162), ('enforcement', 'enforcement', 1.0), ('officers', 'police', 0.72437155), ('crime', 'crime', 1.0), ('crime', 'criminal', 0.50458133), ('crime', 'murder', 0.53367186), ('crime', 'violence', 0.53571737), ('law', 'law', 1.0), ('law', 'legislation', 0.58004606), ('law', 'rule', 0.5247162), ('enforcement', 'enforcement', 1.0), ('officers', 'police', 0.72437155)]",
826,17.0,7567,216000,,,,,,,,"The recent death of Iranian dissident blogger Sattar Beheshti in police custody was a sad event . All human life is precious . "" If anyone kills a person unless in retribution for murder or spreading corruption in the land -- it is as if he kills all humanity , "" states the Quran . An investigation by the Tehran prosecutor , the head of Tehran police and the head of Tehran prisons was ordered by Iranian parliament and Beheshti 's interrogators were hauled on the carpet .",1,"the recent death of iranian dissident blogger sattar beheshti in police custody was a sad event . all human life is precious . "" if anyone kills a person unless in retribution for murder or spreading corruption in the land -- it is as if he kills all humanity , "" states the quran . an investigation by the tehran prosecutor , the head of tehran police and the head of tehran prisons was ordered by iranian parliament and beheshti 's interrogators were hauled on the carpet .",475.0,88.0,21.0,0.2592592592592592,"[('death', 'death', 1.0), ('death', 'killing', 0.576015), ('death', 'murder', 0.6415225), ('police', 'investigators', 0.52164876), ('police', 'police', 1.0), ('kills', 'killing', 0.5346949), ('murder', 'crime', 0.53367186), ('murder', 'death', 0.6415225), ('murder', 'killing', 0.63495654), ('murder', 'murder', 1.0), ('land', 'land', 0.99999994), ('kills', 'killing', 0.5346949), ('investigation', 'investigation', 1.0), ('investigation', 'investigators', 0.5993347), ('prosecutor', 'judge', 0.5588292), ('police', 'investigators', 0.52164876), ('police', 'police', 1.0), ('prisons', 'prison', 0.644019), ('parliament', 'congress', 0.5068923), ('parliament', 'government', 0.5268454), ('parliament', 'senate', 0.5120271)]",
743,496.0,5108,1473309,,,,,,,,"The "" Islamist "" military units fighting in the rural areas surrounding Aleppo and Idlib are not part of the Free Syrian Army ( FSA ) . The FSA is the largest armed faction among rebel groups , yet also the least coordinated . FSA officials say that while they collaborate with these Islamist units , they do not have any influence over these groups . Furthermore , many here are keen to keep the nature of these groups a secret , including details pertaining to their religious affiliation , their politics and their manpower . <h> About this Article",1,"the "" islamist "" military units fighting in the rural areas surrounding aleppo and idlib are not part of the free syrian army ( fsa ) . the fsa is the largest armed faction among rebel groups , yet also the least coordinated . fsa officials say that while they collaborate with these islamist units , they do not have any influence over these groups . furthermore , many here are keen to keep the nature of these groups a secret , including details pertaining to their religious affiliation , their politics and their manpower .  about this article",548.0,99.0,10.0,0.1136363636363636,"[('military', 'army', 0.6824313), ('military', 'military', 1.0), ('fighting', 'fighting', 1.0), ('army', 'army', 1.0), ('army', 'military', 0.6824313), ('officials', 'investigators', 0.50950015), ('officials', 'officials', 0.99999994), ('religious', 'church', 0.52823746), ('religious', 'religion', 0.72264564), ('politics', 'politics', 0.99999994)]",
591,635.0,6974,1002517,,,,,,,,"McCain was as poor as you say , but he is also ballyhooed as a Genuine War Hero for his time as a prisoner of war . Romney has the virtues that you mention , but is too easily portrayed as a Greedy Vulture Capitalist . Most voters , no matter whom they might favor , are not well schooled about politicians ' real records . Often they ca n't see through propaganda .",1,"mccain was as poor as you say , but he is also ballyhooed as a genuine war hero for his time as a prisoner of war . romney has the virtues that you mention , but is too easily portrayed as a greedy vulture capitalist . most voters , no matter whom they might favor , are not well schooled about politicians ' real records . often they ca n't see through propaganda .",366.0,74.0,11.0,0.1666666666666666,"[('poor', 'poor', 1.0), ('war', 'war', 1.0), ('prisoner', 'prison', 0.579885), ('war', 'war', 1.0), ('voters', 'election', 0.5857161), ('voters', 'vote', 0.5841916), ('voters', 'voters', 1.0), ('politicians', 'democrats', 0.5317054), ('politicians', 'government', 0.5145743), ('politicians', 'lawmakers', 0.5712386), ('politicians', 'politics', 0.5705571)]",
35,172.0,8940,701920,,,,,,,,"Reducing the Teacher to student ratios in grades K-3 , an age in which experts say fundamental learning needs to take place to produce results rippling into the higher grades . Right now the the ratio is 25.23 students per teacher in those grades . The 2011-13 budget calls for reducing that ratio to 1-to-24.1 . The McCleary ruling orders that ratio to be reduced to 17 students in grades K-3 by 2017-2018 .",1,"reducing the teacher to student ratios in grades k- , an age in which experts say fundamental learning needs to take place to produce results rippling into the higher grades . right now the the ratio is . students per teacher in those grades . the - budget calls for reducing that ratio to -to-. . the mccleary ruling orders that ratio to be reduced to  students in grades k- by - .",382.0,73.0,14.0,0.208955223880597,"[('teacher', 'school', 0.6382406), ('student', 'school', 0.6055627), ('age', 'age', 0.99999994), ('experts', 'officials', 0.5285279), ('students', 'school', 0.63015234), ('teacher', 'school', 0.6382406), ('budget', 'budget', 0.99999994), ('budget', 'cuts', 0.5091997), ('budget', 'deficit', 0.5496122), ('budget', 'fiscal', 0.59004045), ('budget', 'funding', 0.5415), ('budget', 'spending', 0.56915724), ('ruling', 'ruling', 1.0), ('students', 'school', 0.63015234)]",
456,528.0,4019,1446317,,,,,,,,"LIASSON : Republicans , while offering an olive branch to the president in the form of greater @ @ @ @ @ @ @ @ @ @ even on the richest Americans should not go up . Liberal groups are just as adamant that no changes be made to Social Security or Medicare - something the president has been open to in the past . But today , labor leaders like AFL-CIO president Rich Trumka did n't want to talk about their differences with the White House .",1,"liasson : republicans , while offering an olive branch to the president in the form of greater @ @ @ @ @ @ @ @ @ @ even on the richest americans should not go up . liberal groups are just as adamant that no changes be made to social security or medicare - something the president has been open to in the past . but today , labor leaders like afl-cio president rich trumka did n't want to talk about their differences with the white house .",439.0,88.0,12.0,0.1666666666666666,"[('republicans', 'democrats', 0.6657833), ('republicans', 'republican', 0.7488651), ('president', 'president', 1.0), ('liberal', 'conservative', 0.7633196), ('liberal', 'democrats', 0.5507172), ('security', 'security', 1.0), ('president', 'president', 1.0), ('labor', 'labor', 1.0), ('labor', 'union', 0.5315647), ('leaders', 'leadership', 0.5006184), ('leaders', 'officials', 0.54851913), ('president', 'president', 1.0)]",
683,1002.0,3092,1333883,,,,,,,,"Chicago ca n't really afford to pay the highest teacher salaries in the U.S. , and so there are rumors of school closings . This brought out protesters @ @ @ @ @ @ @ @ @ @ this gathering for the Chicago teachers union would admit to being teachers to interviewer Jeremy Segal of Rebel Pundit . Note : EAG stands for Education Action Group , a reform group based in Michigan . The film highlights various protesters who are known socialist and communist activists .",1,"chicago ca n't really afford to pay the highest teacher salaries in the u.s. , and so there are rumors of school closings . this brought out protesters @ @ @ @ @ @ @ @ @ @ this gathering for the chicago teachers union would admit to being teachers to interviewer jeremy segal of rebel pundit . note : eag stands for education action group , a reform group based in michigan . the film highlights various protesters who are known socialist and communist activists .",464.0,87.0,16.0,0.2285714285714285,"[('teacher', 'school', 0.6382406), ('school', 'education', 0.50553805), ('school', 'school', 0.99999994), ('teachers', 'education', 0.52093196), ('teachers', 'school', 0.6158268), ('union', 'labor', 0.5315647), ('union', 'strike', 0.5092126), ('union', 'union', 1.0), ('teachers', 'education', 0.52093196), ('teachers', 'school', 0.6158268), ('education', 'education', 1.0), ('education', 'school', 0.50553805), ('reform', 'legislation', 0.57821727), ('reform', 'reform', 1.0), ('socialist', 'democrats', 0.5256965), ('socialist', 'republican', 0.52607477)]",
281,847.0,1139,575382,,,,,,,,"Second , Edison was spending his own time and his own funds , and using resources society did not find to have inherent value . Therefore , society had essentially no legitimate grounds for telling Edison what to do with any of the above . Third , society did not fund Edison over other options . Fourth , Edison made no promises to society in exchange for its resources . His failures were largely irrelevant in that regard . <h> Alternatives",1,"second , edison was spending his own time and his own funds , and using resources society did not find to have inherent value . therefore , society had essentially no legitimate grounds for telling edison what to do with any of the above . third , society did not fund edison over other options . fourth , edison made no promises to society in exchange for its resources . his failures were largely irrelevant in that regard .  alternatives",440.0,80.0,10.0,0.1428571428571428,"[('spending', 'budget', 0.56915724), ('spending', 'spending', 1.0), ('funds', 'funding', 0.65487075), ('funds', 'money', 0.70552033), ('society', 'society', 1.0), ('society', 'society', 1.0), ('society', 'society', 1.0), ('fund', 'funding', 0.54371524), ('fund', 'money', 0.578971), ('society', 'society', 1.0)]",
739,161.0,326,571438,,,,,,,,"A letter ( PDF ) sent to the Senate in August by a left-right coalition including the ACLU , Americans for Tax Reform , the Electronic Frontier Foundation , and FreedomWorks warns of precisely that . "" If a person assumes a fictitious identity at a party , there is no federal crime , "" the letter says . "" Yet if they assume that same identity on a social network that prohibits pseudonyms , there may again be a CFAA violation @ @ @ @ @ @ @ @ @ @ """,1,"a letter ( pdf ) sent to the senate in august by a left-right coalition including the aclu , americans for tax reform , the electronic frontier foundation , and freedomworks warns of precisely that . "" if a person assumes a fictitious identity at a party , there is no federal crime , "" the letter says . "" yet if they assume that same identity on a social network that prohibits pseudonyms , there may again be a cfaa violation @ @ @ @ @ @ @ @ @ @ """,450.0,93.0,11.0,0.1506849315068493,"[('senate', 'senate', 1.0), ('tax', 'tax', 1.0), ('reform', 'legislation', 0.57821727), ('reform', 'reform', 1.0), ('frontier', 'border', 0.5766279), ('party', 'parties', 0.67454803), ('federal', 'government', 0.5094332), ('crime', 'crime', 1.0), ('crime', 'criminal', 0.50458133), ('crime', 'murder', 0.53367186), ('crime', 'violence', 0.53571737)]",
462,177.0,6300,1012164,,,,,,,,"In contrast , Governor Romney has promised to appoint "" wise , experienced and restrained judges . "" In a recent interview with the NRA , Romney said , "" The Second Amendment is essential to our free society . I strongly support the right of all law-abiding Americans to exercise their constitutionally protected right to own firearms and to use them for lawful purposes , including self-defense ; the protection of family and property ; hunting and recreational shooting . "" Governor Romney also recognizes that hunting and related industries create a vast amount of jobs .",1,"in contrast , governor romney has promised to appoint "" wise , experienced and restrained judges . "" in a recent interview with the nra , romney said , "" the second amendment is essential to our free society . i strongly support the right of all law-abiding americans to exercise their constitutionally protected right to own firearms and to use them for lawful purposes , including self-defense ; the protection of family and property ; hunting and recreational shooting . "" governor romney also recognizes that hunting and related industries create a vast amount of jobs .",574.0,98.0,12.0,0.1379310344827586,"[('governor', 'lawmakers', 0.5393322), ('judges', 'judge', 0.6271926), ('amendment', 'bill', 0.69470596), ('amendment', 'legislation', 0.6887385), ('society', 'society', 1.0), ('support', 'support', 1.0), ('firearms', 'gun', 0.7284993), ('firearms', 'weapons', 0.673525), ('property', 'land', 0.5981505), ('shooting', 'shooting', 1.0), ('governor', 'lawmakers', 0.5393322), ('jobs', 'job', 0.62629366)]",
161,986.0,7911,55689,,,,,,,,"The report recommends a constitutional amendment limiting outside spending by corporations and the wealthy . The U.S. Supreme Court held in 2010 in Citizens United vs . Federal Election Commission that companies and unions have a First Amendment right to make unlimited campaign contributions . <h> Updated 11:05 p.m. , Thursday , August 2 , 2012",1,"the report recommends a constitutional amendment limiting outside spending by corporations and the wealthy . the u.s. supreme court held in  in citizens united vs . federal election commission that companies and unions have a first amendment right to make unlimited campaign contributions .  updated : p.m. , thursday , august  , ",330.0,52.0,17.0,0.3777777777777777,"[('constitutional', 'law', 0.517506), ('amendment', 'bill', 0.69470596), ('amendment', 'legislation', 0.6887385), ('spending', 'budget', 0.56915724), ('spending', 'spending', 1.0), ('court', 'court', 1.0), ('court', 'judge', 0.69727296), ('federal', 'government', 0.5094332), ('election', 'candidate', 0.50569105), ('election', 'election', 1.0), ('election', 'vote', 0.602672), ('election', 'voters', 0.5857161), ('companies', 'banks', 0.5019373), ('unions', 'union', 0.81581175), ('amendment', 'bill', 0.69470596), ('amendment', 'legislation', 0.6887385), ('campaign', 'campaign', 1.0)]",
264,673.0,4132,655203,,,,,,,,"Another problem is that it is hard to see a liberal policy enacted by SWAT teams , except probably for gun laws : it is hard to picture them entering a restaurant that uses trans fats or the home of a @ @ @ @ @ @ @ @ @ @ , or a factory that does n't mean environmental standards . Otoh , it 's very easy to picture a conservative policy so enforced , be it sodomy laws , immigration restrictions , or they-might-be-terrorists .",1,"another problem is that it is hard to see a liberal policy enacted by swat teams , except probably for gun laws : it is hard to picture them entering a restaurant that uses trans fats or the home of a @ @ @ @ @ @ @ @ @ @ , or a factory that does n't mean environmental standards . otoh , it 's very easy to picture a conservative policy so enforced , be it sodomy laws , immigration restrictions , or they-might-be-terrorists .",427.0,87.0,18.0,0.2647058823529412,"[('liberal', 'conservative', 0.7633196), ('liberal', 'democrats', 0.5507172), ('policy', 'policy', 1.0), ('policy', 'strategy', 0.525799), ('enacted', 'legislation', 0.51773286), ('gun', 'gun', 1.0), ('gun', 'weapons', 0.54864347), ('laws', 'law', 0.7399262), ('laws', 'legislation', 0.5993766), ('fats', 'fat', 0.59726346), ('conservative', 'conservative', 1.0), ('policy', 'policy', 1.0), ('policy', 'strategy', 0.525799), ('laws', 'law', 0.7399262), ('laws', 'legislation', 0.5993766), ('immigration', 'immigration', 1.0), ('restrictions', 'ban', 0.61776996), ('restrictions', 'restrictions', 1.0)]",
347,782.0,9812,806334,,,,,,,,"Marco Roscini and I have just recently published an edited volume that provides exactly this sort of analysis of the fragmentation of secondary rules in the context of WMD nonproliferation treaties . The contributors to the volume looked at a number of different secondary rules in the law of treaties and the law of state responsibility , to determine whether there was evidence of specific secondary rules present in non-proliferation law that depart from or conflict with general international legal rules , or with specific secondary rules present in other special regimes .",1,"marco roscini and i have just recently published an edited volume that provides exactly this sort of analysis of the fragmentation of secondary rules in the context of wmd nonproliferation treaties . the contributors to the volume looked at a number of different secondary rules in the law of treaties and the law of state responsibility , to determine whether there was evidence of specific secondary rules present in non-proliferation law that depart from or conflict with general international legal rules , or with specific secondary rules present in other special regimes .",578.0,93.0,25.0,0.2808988764044944,"[('rules', 'law', 0.5177953), ('rules', 'restrictions', 0.5421726), ('rules', 'rule', 0.6459378), ('rules', 'law', 0.5177953), ('rules', 'restrictions', 0.5421726), ('rules', 'rule', 0.6459378), ('law', 'law', 1.0), ('law', 'legislation', 0.58004606), ('law', 'rule', 0.5247162), ('law', 'law', 1.0), ('law', 'legislation', 0.58004606), ('law', 'rule', 0.5247162), ('rules', 'law', 0.5177953), ('rules', 'restrictions', 0.5421726), ('rules', 'rule', 0.6459378), ('law', 'law', 1.0), ('law', 'legislation', 0.58004606), ('law', 'rule', 0.5247162), ('conflict', 'war', 0.55061877), ('rules', 'law', 0.5177953), ('rules', 'restrictions', 0.5421726), ('rules', 'rule', 0.6459378), ('rules', 'law', 0.5177953), ('rules', 'restrictions', 0.5421726), ('rules', 'rule', 0.6459378)]",
662,934.0,2606,1398040,,,,,,,,"19 reconciliation bills were signed between 1981 and 2005 , 11 of which were signed by Republican presidents , five of which were signed by Democratic presidents , three of which were vetoed by Democratic presidents , and none of which were vetoed by Republican presidents .",1," reconciliation bills were signed between  and  ,  of which were signed by republican presidents , five of which were signed by democratic presidents , three of which were vetoed by democratic presidents , and none of which were vetoed by republican presidents .",262.0,43.0,15.0,0.3947368421052631,"[('reconciliation', 'peace', 0.5533439), ('bills', 'bill', 0.7105905), ('bills', 'legislation', 0.5277479), ('republican', 'democrats', 0.60743797), ('republican', 'republican', 1.0), ('presidents', 'president', 0.55963624), ('democratic', 'democrats', 0.55152744), ('democratic', 'republican', 0.505419), ('presidents', 'president', 0.55963624), ('democratic', 'democrats', 0.55152744), ('democratic', 'republican', 0.505419), ('presidents', 'president', 0.55963624), ('republican', 'democrats', 0.60743797), ('republican', 'republican', 1.0), ('presidents', 'president', 0.55963624)]",
18,333.0,883,521188,,,,,,,,"We face many challenges as a country , challenges involving the economy , education , foreign policy , and more . No matter what we would like to think , these are challenges that will remain with us long into the future , and we need to prepare each generation to confront the challenges and opportunities that face us as a nation . @ @ @ @ @ @ @ @ @ @ ; it must be taught .",1,"we face many challenges as a country , challenges involving the economy , education , foreign policy , and more . no matter what we would like to think , these are challenges that will remain with us long into the future , and we need to prepare each generation to confront the challenges and opportunities that face us as a nation . @ @ @ @ @ @ @ @ @ @ ; it must be taught .",375.0,79.0,11.0,0.1864406779661017,"[('country', 'country', 1.0), ('country', 'nation', 0.7242872), ('country', 'world', 0.59803855), ('economy', 'economy', 1.0), ('education', 'education', 1.0), ('education', 'school', 0.50553805), ('policy', 'policy', 1.0), ('policy', 'strategy', 0.525799), ('nation', 'country', 0.7242872), ('nation', 'nation', 1.0), ('nation', 'world', 0.57605803)]",
810,414.0,3423,863588,,,,,,,,"No one has forgotton John Teterissa ! Although many does n't agree his actions , many understands why they did it . Does n't mean that Indonesia can get away from crimes against humanity ! Now Indonesia is exposing as a country with a good investment climat , I wonder which leading world politicians will ever have the guts to stand up against these Indonesian crimes ! It @ @ @ @ @ @ @ @ @ @ performance in Timor Leste ! John Ketong seng lupa ..... !",1,"no one has forgotton john teterissa ! although many does n't agree his actions , many understands why they did it . does n't mean that indonesia can get away from crimes against humanity ! now indonesia is exposing as a country with a good investment climat , i wonder which leading world politicians will ever have the guts to stand up against these indonesian crimes ! it @ @ @ @ @ @ @ @ @ @ performance in timor leste ! john ketong seng lupa ..... !",452.0,89.0,13.0,0.1857142857142857,"[('crimes', 'crime', 0.74681056), ('crimes', 'criminal', 0.545379), ('crimes', 'murder', 0.5264058), ('country', 'country', 1.0), ('country', 'nation', 0.7242872), ('country', 'world', 0.59803855), ('politicians', 'democrats', 0.5317054), ('politicians', 'government', 0.5145743), ('politicians', 'lawmakers', 0.5712386), ('politicians', 'politics', 0.5705571), ('crimes', 'crime', 0.74681056), ('crimes', 'criminal', 0.545379), ('crimes', 'murder', 0.5264058)]",
653,840.0,683,869730,,,,,,,,"My point here is to say that the argument that higher taxes are a disincentive is very wrong . The argument we should be making against taxes is that the government does a very , very poor job of effectively distributing our tax dollars where they are needed . Lets stick to reality rather than trying to make dogmatic proclamations that are incorrect .",1,"my point here is to say that the argument that higher taxes are a disincentive is very wrong . the argument we should be making against taxes is that the government does a very , very poor job of effectively distributing our tax dollars where they are needed . lets stick to reality rather than trying to make dogmatic proclamations that are incorrect .",353.0,64.0,10.0,0.1666666666666666,"[('taxes', 'tax', 0.84042203), ('taxes', 'tax', 0.84042203), ('government', 'administration', 0.5462369), ('government', 'government', 1.0), ('poor', 'poor', 1.0), ('job', 'job', 1.0), ('tax', 'tax', 1.0), ('dollars', 'dollar', 0.5699709), ('dollars', 'money', 0.62885237), ('incorrect', 'inaccuracies', 0.5201037)]",
389,560.0,1861,382346,,,,,,,,"We want to live in a country where ordinary people have the right to own guns and deaths by firearms are near zero , but we are a far cry from that level of maturity . For a country that takes pride in representative democracy , innocent until proven guilty , an infallible belief in the letter of the law and the sharing and compromising of ideas , we sure are quick to open our holsters.",1,"we want to live in a country where ordinary people have the right to own guns and deaths by firearms are near zero , but we are a far cry from that level of maturity . for a country that takes pride in representative democracy , innocent until proven guilty , an infallible belief in the letter of the law and the sharing and compromising of ideas , we sure are quick to open our holsters.",389.0,76.0,17.0,0.2394366197183098,"[('country', 'country', 1.0), ('country', 'nation', 0.7242872), ('country', 'world', 0.59803855), ('guns', 'gun', 0.7835824), ('guns', 'weapons', 0.6692915), ('deaths', 'death', 0.6453005), ('deaths', 'killing', 0.54949254), ('firearms', 'gun', 0.7284993), ('firearms', 'weapons', 0.673525), ('country', 'country', 1.0), ('country', 'nation', 0.7242872), ('country', 'world', 0.59803855), ('democracy', 'democrats', 0.52689075), ('democracy', 'peace', 0.51082647), ('law', 'law', 1.0), ('law', 'legislation', 0.58004606), ('law', 'rule', 0.5247162)]",
375,223.0,2332,385118,,,,,,,,"* Refer to specific members of the peace movement and their ideas . Obama could use his bully pulpit in the Senate to illuminate the peace movement and its leaders ( so the leaders can get some media attention ) . As it is , Cindy Sheehan is still the only person in the peace movement that the mainstream media covers at all . And none of the Presidential candidates ever mentions anyone in the peace movement .",1,"* refer to specific members of the peace movement and their ideas . obama could use his bully pulpit in the senate to illuminate the peace movement and its leaders ( so the leaders can get some media attention ) . as it is , cindy sheehan is still the only person in the peace movement that the mainstream media covers at all . and none of the presidential candidates ever mentions anyone in the peace movement .",412.0,78.0,16.0,0.2285714285714285,"[('peace', 'peace', 1.0), ('pulpit', 'church', 0.53467077), ('senate', 'senate', 1.0), ('peace', 'peace', 1.0), ('leaders', 'leadership', 0.5006184), ('leaders', 'officials', 0.54851913), ('leaders', 'leadership', 0.5006184), ('leaders', 'officials', 0.54851913), ('media', 'media', 1.0), ('peace', 'peace', 1.0), ('media', 'media', 1.0), ('presidential', 'election', 0.6043894), ('candidates', 'candidate', 0.79427433), ('candidates', 'election', 0.507066), ('candidates', 'voters', 0.5279368), ('peace', 'peace', 1.0)]",
574,85.0,5676,431686,,,,,,,,"A cross-support mechanism has been in place since 2004 , and covers all the entities of the group . Under this mechanism , each member 's commitments are backed by the equity of all group entities , including non-controlling interests . CIFE benefits from this @ @ @ @ @ @ @ @ @ @ solidarity requirements exist through the group 's status as a "" rseau "" ( equivalent to a network under French banking law ) , under which its central body -- CIFD -- has the power to enforce any measure that it deems necessary .",1,"a cross-support mechanism has been in place since  , and covers all the entities of the group . under this mechanism , each member 's commitments are backed by the equity of all group entities , including non-controlling interests . cife benefits from this @ @ @ @ @ @ @ @ @ @ solidarity requirements exist through the group 's status as a "" rseau "" ( equivalent to a network under french banking law ) , under which its central body -- cifd -- has the power to enforce any measure that it deems necessary .",507.0,98.0,10.0,0.1298701298701298,"[('benefits', 'benefits', 1.0), ('banking', 'banks', 0.6438172), ('banking', 'finance', 0.5080173), ('law', 'law', 1.0), ('law', 'legislation', 0.58004606), ('law', 'rule', 0.5247162), ('power', 'power', 1.0), ('enforce', 'enforcement', 0.61580557), ('measure', 'bill', 0.5858489), ('measure', 'legislation', 0.55200386)]",
209,31.0,6341,1205045,,,,,,,,"The ONLY thing necessary is an honest media . The bankers @ @ @ @ @ @ @ @ @ @ the people "" were told the truth in the first place . Owning the media is the key to the whole show . "" They "" understood that back in the mid 1800 's and started buying up the press back then . The Fed would n't exist , no world wars , no wars at all , peace and prosperity abound . Owning the press is the key to the whole show .",1,"the only thing necessary is an honest media . the bankers @ @ @ @ @ @ @ @ @ @ the people "" were told the truth in the first place . owning the media is the key to the whole show . "" they "" understood that back in the mid  's and started buying up the press back then . the fed would n't exist , no world wars , no wars at all , peace and prosperity abound . owning the press is the key to the whole show .",405.0,94.0,10.0,0.1333333333333333,"[('media', 'media', 1.0), ('bankers', 'banks', 0.5982455), ('media', 'media', 1.0), ('press', 'media', 0.6013203), ('press', 'news', 0.519518), ('wars', 'war', 0.74846596), ('wars', 'war', 0.74846596), ('peace', 'peace', 1.0), ('press', 'media', 0.6013203), ('press', 'news', 0.519518)]",
714,175.0,9176,1392651,,,,,,,,"B Y HIS SECRET bombing of Cambodia , President Nixon unquestionably exceeded his powers as commander-in-chief , for not even the most tortured interpretation of Article II , Section 2 could support a war begun and pursued in secrecy . He also violated Sections 7 and 8 of Article @ @ @ @ @ @ @ @ @ @ make appropriations and declare war . For the "" power of the purse "" to have any meaning , the Congress must know how the money it appropriates is spent .",1,"b y his secret bombing of cambodia , president nixon unquestionably exceeded his powers as commander-in-chief , for not even the most tortured interpretation of article ii , section  could support a war begun and pursued in secrecy . he also violated sections  and  of article @ @ @ @ @ @ @ @ @ @ make appropriations and declare war . for the "" power of the purse "" to have any meaning , the congress must know how the money it appropriates is spent .",451.0,87.0,11.0,0.1571428571428571,"[('bombing', 'attack', 0.57776964), ('president', 'president', 1.0), ('powers', 'authority', 0.5363727), ('support', 'support', 1.0), ('war', 'war', 1.0), ('appropriations', 'budget', 0.6024722), ('appropriations', 'funding', 0.59344184), ('war', 'war', 1.0), ('power', 'power', 1.0), ('congress', 'congress', 1.0), ('money', 'money', 1.0)]",
37,1099.0,4094,844600,,,,,,,,"The old Democrat Party is dead , when Sen. Pell died the party died . The New Democrat Party is one we do n't recognize , it has become a Choom Utopia with Monopoly Money Printing and lavish White House Dinners and Concerts , over 110 days of playing Golf , 21 days of Basketball and countless days of expensive vacations , and Billions flying around on Air Force Choom .",1,"the old democrat party is dead , when sen. pell died the party died . the new democrat party is one we do n't recognize , it has become a choom utopia with monopoly money printing and lavish white house dinners and concerts , over  days of playing golf ,  days of basketball and countless days of expensive vacations , and billions flying around on air force choom .",366.0,69.0,13.0,0.2096774193548387,"[('democrat', 'democrats', 0.756922), ('democrat', 'republican', 0.63158494), ('party', 'parties', 0.67454803), ('dead', 'death', 0.5076038), ('dead', 'killing', 0.5605281), ('died', 'death', 0.5448643), ('party', 'parties', 0.67454803), ('died', 'death', 0.5448643), ('democrat', 'democrats', 0.756922), ('democrat', 'republican', 0.63158494), ('party', 'parties', 0.67454803), ('money', 'money', 1.0), ('force', 'force', 1.0)]",
811,330.0,9340,1371105,,,,,,,,"The Tax Reform Act was the most comprehensive tax-reform legislation in modern American history , achieved only after years of failed attempts . The historic effort began without much fanfare . In his State of the Union address in 1984 , President Ronald Reagan called merely for a study of the problem , with a report to be submitted after the election . Congressional Democrats did not think he was serious about reform . Walter Mondale , his challenger in the election , showed no interest in making tax reform an issue .",1,"the tax reform act was the most comprehensive tax-reform legislation in modern american history , achieved only after years of failed attempts . the historic effort began without much fanfare . in his state of the union address in  , president ronald reagan called merely for a study of the problem , with a report to be submitted after the election . congressional democrats did not think he was serious about reform . walter mondale , his challenger in the election , showed no interest in making tax reform an issue .",520.0,92.0,29.0,0.3536585365853658,"[('tax', 'tax', 1.0), ('reform', 'legislation', 0.57821727), ('reform', 'reform', 1.0), ('legislation', 'bill', 0.81843793), ('legislation', 'law', 0.58004606), ('legislation', 'lawmakers', 0.553626), ('legislation', 'legislation', 1.0), ('legislation', 'reform', 0.57821727), ('union', 'labor', 0.5315647), ('union', 'strike', 0.5092126), ('union', 'union', 1.0), ('president', 'president', 1.0), ('election', 'candidate', 0.50569105), ('election', 'election', 1.0), ('election', 'vote', 0.602672), ('election', 'voters', 0.5857161), ('congressional', 'lawmakers', 0.57537544), ('democrats', 'democrats', 0.99999994), ('democrats', 'republican', 0.60743797), ('reform', 'legislation', 0.57821727), ('reform', 'reform', 1.0), ('challenger', 'candidate', 0.62880147), ('election', 'candidate', 0.50569105), ('election', 'election', 1.0), ('election', 'vote', 0.602672), ('election', 'voters', 0.5857161), ('tax', 'tax', 1.0), ('reform', 'legislation', 0.57821727), ('reform', 'reform', 1.0)]",
1189,1305.0,547,547,"If the llamas of Peru spoke Spanish, and one asked the other, ''xbfCxf3mo se llama?'', would he get confused?",,,,,,,"If the llamas of Peru spoke Spanish, and one asked the other, ''xbfCxf3mo se llama?'', would he get confused?",0,,,,,,,-0.4763792436
1256,1828.0,1279,1279,"Btw, what's ""WPC MOS"", and where/when was it decided that we don't use volume indicators? Why is this, and how do we distinguish between different volumes of series when mentioning issue numbers?",,,,,,,"Btw, what's ""WPC MOS"", and where/when was it decided that we don't use volume indicators? Why is this, and how do we distinguish between different volumes of series when mentioning issue numbers?",0,,,,,,,-0.6580288836
1370,1523.0,929,929,"Who plays white? In X vs. Y, is X white?",,,,,,,"Who plays white? In X vs. Y, is X white?",0,,,,,,,-0.3013210088
1853,1354.0,1411,1411,"Agian, wishful thinking is one thing, fantasyland, now back to reality, Can you provide me ONE journal, ONE book that mentioned the term ""palestinians"" before 1960's??? Why not?",,,,,,,"Agian, wishful thinking is one thing, fantasyland, now back to reality, Can you provide me ONE journal, ONE book that mentioned the term ""palestinians"" before 1960's??? Why not?",0,,,,,,,-1.751730669
1444,1969.0,235,235,Are you saying that Racepacket attempted to contact Laura's employer? When and where did this happen?,,,,,,,Are you saying that Racepacket attempted to contact Laura's employer? When and where did this happen?,0,,,,,,,-0.5421532081
1697,1377.0,3647,3647,That sounds to POVish to me <url>. What do you think?,,,,,,,That sounds to POVish to me <url>. What do you think?,0,,,,,,,-0.03763043329
1232,1789.0,2037,2037,"To be perfectly honest, I really have no idea what you're talking about. Would it not be simpler to just ''add'' a link to the template (if that is indeed what you mean) than to create a potentially offensive and almost certain to be rapidly deleted category?",,,,,,,"To be perfectly honest, I really have no idea what you're talking about. Would it not be simpler to just ''add'' a link to the template (if that is indeed what you mean) than to create a potentially offensive and almost certain to be rapidly deleted category?",0,,,,,,,-0.7953784045000001
1496,1215.0,1872,1872,The <url> contained a number of British Army cavalry units from formation. Does this make it an <url> division rather than a (British) Indian division?,,,,,,,The <url> contained a number of British Army cavalry units from formation. Does this make it an <url> division rather than a (British) Indian division?,0,,,,,,,-0.3022551856
1467,1572.0,667,667,"Why can't we do like IMDB and have multiple ratings? Is it that simple, or am I crazy?",,,,,,,"Why can't we do like IMDB and have multiple ratings? Is it that simple, or am I crazy?",0,,,,,,,-1.076848816
1724,2186.0,2534,2534,Who deleted it? Would I be violating due process if I undeleted it?,,,,,,,Who deleted it? Would I be violating due process if I undeleted it?,0,,,,,,,-0.2499120807
1346,1607.0,1154,1154,"What about ''Race, Ethnicity and Migration in Modern Japan'' (Weiner 2004)? Or any of the dozens of books you can find on Google by searching Ainu+Honshu?",,,,,,,"What about ''Race, Ethnicity and Migration in Modern Japan'' (Weiner 2004)? Or any of the dozens of books you can find on Google by searching Ainu+Honshu?",0,,,,,,,-1.056308241
998,1780.0,485,485,"I don't know, the only thing I can think of is that I changed his name to ""Psycho Derek"" for Wikipedia:CommonName purposes. Or he's in guest stars?",,,,,,,"I don't know, the only thing I can think of is that I changed his name to ""Psycho Derek"" for Wikipedia:CommonName purposes. Or he's in guest stars?",0,,,,,,,-0.2203393039
1414,1707.0,2901,2901,"You mean the links that are being edit warred over? I can, but first can you explain what the edit war was all about and what the point of the links are?",,,,,,,"You mean the links that are being edit warred over? I can, but first can you explain what the edit war was all about and what the point of the links are?",0,,,,,,,-0.5483311504999999
1687,2035.0,3604,3604,"<person>, with whom you discussed linkspam in 2006, has returned. Could you offer your views on his talkpage?",,,,,,,"<person>, with whom you discussed linkspam in 2006, has returned. Could you offer your views on his talkpage?",0,,,,,,,-0.0296367853
1316,1385.0,35,35,"You know, occasionally, Momoricks will send me a note telling how one of my snarkier edit summaries made her laugh. Is that the case for the triple-misspell revert I did?",,,,,,,"You know, occasionally, Momoricks will send me a note telling how one of my snarkier edit summaries made her laugh. Is that the case for the triple-misspell revert I did?",0,,,,,,,-0.1236807848
973,1130.0,1920,1920,"Right, I was demonstrating that one could merge <person> with <person>, that option would not appear on players that were not Dual players. Did anything actually break?",,,,,,,"Right, I was demonstrating that one could merge <person> with <person>, that option would not appear on players that were not Dual players. Did anything actually break?",0,,,,,,,-0.2188986601999999
1847,2118.0,2446,2446,"I was aware of that part of <url>, but I don't see its relevance here. Do you say that considering the audience is an arbitrary standard?",,,,,,,"I was aware of that part of <url>, but I don't see its relevance here. Do you say that considering the audience is an arbitrary standard?",0,,,,,,,-0.2009865763
1841,1280.0,2704,2704,The above templated message explains pretty clearly why the image was deleted. Do you have any specific questions about this image or our policy on replaceable non-free content?,,,,,,,The above templated message explains pretty clearly why the image was deleted. Do you have any specific questions about this image or our policy on replaceable non-free content?,0,,,,,,,-0.2249472407999999
1540,2138.0,3075,3075,"I am puzzled that you just deleted the file 'harry potter stamps'. This file seems to have existed for two years without deletion, so perhaps you could explain the grounds for speedy deletion?",,,,,,,"I am puzzled that you just deleted the file 'harry potter stamps'. This file seems to have existed for two years without deletion, so perhaps you could explain the grounds for speedy deletion?",0,,,,,,,-0.7917812672
1547,1598.0,1536,1536,Just move <url> to <url>. And shouldn't the clean-up parameter be added to <url> also to make it work?,,,,,,,Just move <url> to <url>. And shouldn't the clean-up parameter be added to <url> also to make it work?,0,,,,,,,-0.8442826036
1322,1466.0,3083,3083,well it wasn't exactly a joke. am I the only one who notice they share the same melody?,,,,,,,well it wasn't exactly a joke. am I the only one who notice they share the same melody?,0,,,,,,,-0.5516185102000001
1562,2025.0,1835,1835,???You wat?,,,,,,,???You wat?,0,,,,,,,-1.794476356
1215,1476.0,2666,2666,"If it's a military box, how do you put the v-d-e in the corner? Or are those box types exempt?",,,,,,,"If it's a military box, how do you put the v-d-e in the corner? Or are those box types exempt?",0,,,,,,,-0.3767822104
958,1358.0,1931,1931,Hardly. Does the <url> exercise executive control over Northern Ireland?,,,,,,,Hardly. Does the <url> exercise executive control over Northern Ireland?,0,,,,,,,-0.8111713965999999
1518,1516.0,2490,2490,"Hello. Who are you, and when are we to have met or communicated in the past?",,,,,,,"Hello. Who are you, and when are we to have met or communicated in the past?",0,,,,,,,-0.1062103291
1655,1767.0,2468,2468,Double standards? Biased administrators?,,,,,,,Double standards? Biased administrators?,0,,,,,,,-0.7979115934000001
1854,1731.0,1799,1799,"I know <url> is one, what about <url>? Shouldn't it also be a primary topic or are there actual rules which discourage practice of ""all caps""?",,,,,,,"I know <url> is one, what about <url>? Shouldn't it also be a primary topic or are there actual rules which discourage practice of ""all caps""?",0,,,,,,,-0.1817866261
1321,1738.0,2308,2308,"<font color=""green"">'''Replied'''</font>Yep, that list seems to include ALL ships launched that year, so that work out just fine. By the way, what exactly is the notability of this ship?",,,,,,,"<font color=""green"">'''Replied'''</font>Yep, that list seems to include ALL ships launched that year, so that work out just fine. By the way, what exactly is the notability of this ship?",0,,,,,,,-0.003614502115
1166,1768.0,3414,3414,"<url> and <url> are both accounts which have vandalised the article, and both have been created solely for vandalism. I believe they're one and the same; do you know an admin that can take action?",,,,,,,"<url> and <url> are both accounts which have vandalised the article, and both have been created solely for vandalism. I believe they're one and the same; do you know an admin that can take action?",0,,,,,,,-0.1559058832
1778,2011.0,1213,1213,"Ridding the project from copyvio images, which could result in expensive legal battles and put the whole project at risk? You think that we should risk putting the work of thousands of editors to risk because of some image?",,,,,,,"Ridding the project from copyvio images, which could result in expensive legal battles and put the whole project at risk? You think that we should risk putting the work of thousands of editors to risk because of some image?",0,,,,,,,-1.333993295
1281,1743.0,919,919,"You speedily deleted a JPatrickBedell redirect with R3, but there's a number of reliable sources that mention it. Can I repost the redirect, or if controversial, where would the discussion be?",,,,,,,"You speedily deleted a JPatrickBedell redirect with R3, but there's a number of reliable sources that mention it. Can I repost the redirect, or if controversial, where would the discussion be?",0,,,,,,,-0.3163178178
1038,1597.0,2476,2476,Why not try adding sources from time to time? If you won't who do you expect to do so?,,,,,,,Why not try adding sources from time to time? If you won't who do you expect to do so?,0,,,,,,,-1.675829321
1435,1976.0,987,987,"Actually, the page is still up, and I'm still getting a deluge of obscene phone calls and emails in an effort to punish me for constructive editing on Wikipedia consistent with Wikipedia policies and guidelines. Is <url> and <url> a policy or isn't it?",,,,,,,"Actually, the page is still up, and I'm still getting a deluge of obscene phone calls and emails in an effort to punish me for constructive editing on Wikipedia consistent with Wikipedia policies and guidelines. Is <url> and <url> a policy or isn't it?",0,,,,,,,-0.7110763914
1109,1795.0,721,721,He has been indef blocked once again. I wonder how long it will take him to come back this time?,,,,,,,He has been indef blocked once again. I wonder how long it will take him to come back this time?,0,,,,,,,-1.154873422
1026,1997.0,168,168,"You've seen the RR crossing sign, such as Image:Highway-Rail_Grade_Crossing_Advance_Warning_sign.svg. How about this idea for a ""3RR crossing"" sign?",,,,,,,"You've seen the RR crossing sign, such as Image:Highway-Rail_Grade_Crossing_Advance_Warning_sign.svg. How about this idea for a ""3RR crossing"" sign?",0,,,,,,,-0.3811005412
1831,2072.0,2768,2768,Wassat? LeaveVissToYou?,,,,,,,Wassat? LeaveVissToYou?,0,,,,,,,-0.9385847249
1894,1419.0,3053,3053,But he's still a WHU registered player with a squad number. Is that really the right thing to do?,,,,,,,But he's still a WHU registered player with a squad number. Is that really the right thing to do?,0,,,,,,,-0.6227506394
1799,1878.0,266,266,"WHADDAFUCK YA GONNA DO TO ME, HUH BITCH!?????????",,,,,,,"WHADDAFUCK YA GONNA DO TO ME, HUH BITCH!?????????",0,,,,,,,-2.760507281
1391,1938.0,2046,2046,There are many articles without an infobox image because nobody has found a free alternative. Wasn't there one of Singer at Comic-Con ages ago?,,,,,,,There are many articles without an infobox image because nobody has found a free alternative. Wasn't there one of Singer at Comic-Con ages ago?,0,,,,,,,-0.4122255158
1577,1829.0,2424,2424,"What you linked to looks good, but what was I supposed to compare it with again? Got a link?",,,,,,,"What you linked to looks good, but what was I supposed to compare it with again? Got a link?",0,,,,,,,-0.1140506025
1602,1557.0,3518,3518,"So you are still sidestepping the question. Please answer it directly: please answer my question, clearly: are you saying is that you cannot use the wiki to edit cooperatively with other people on the same text, or are you saying that you can use the wiki as it was intended and edit a single text cooperatively?",,,,,,,"So you are still sidestepping the question. Please answer it directly: please answer my question, clearly: are you saying is that you cannot use the wiki to edit cooperatively with other people on the same text, or are you saying that you can use the wiki as it was intended and edit a single text cooperatively?",0,,,,,,,-0.4637258193999999
1466,1427.0,1191,1191,What's up with all those tweaky changes? Just salting redirects?,,,,,,,What's up with all those tweaky changes? Just salting redirects?,0,,,,,,,-1.508035812
1868,2180.0,3745,3745,"If you're not going to reply then I will undo the edit. Again, why have ""Fictional martial artists"" over the sub-cat ""Anime and manga martial artists"" and not use alphabetical order?",,,,,,,"If you're not going to reply then I will undo the edit. Again, why have ""Fictional martial artists"" over the sub-cat ""Anime and manga martial artists"" and not use alphabetical order?",0,,,,,,,-0.7239580073999999
1000,1591.0,1945,1945,Anyway why put up with all this carelessness? Why are sockpuppets and trolls being enabled?,,,,,,,Anyway why put up with all this carelessness? Why are sockpuppets and trolls being enabled?,0,,,,,,,-0.9880183082
1318,1946.0,1558,1558,There is current discussion pertaining to this at the Women's History project page <url>. Would you mind not templating BLPs until a consensus has been reached?,,,,,,,There is current discussion pertaining to this at the Women's History project page <url>. Would you mind not templating BLPs until a consensus has been reached?,0,,,,,,,-0.1761688586
1233,1686.0,822,822,Welcome to wikipedia? Does <url> and <url> look like unreferenced uselessness to you?,,,,,,,Welcome to wikipedia? Does <url> and <url> look like unreferenced uselessness to you?,0,,,,,,,-0.8906032909999999
1834,1393.0,3254,3254,See my comment on the talk page. How did this ever get to DYK?,,,,,,,See my comment on the talk page. How did this ever get to DYK?,0,,,,,,,-0.4492086226
1815,1330.0,236,236,"Hey, did you ever read over the material I laid out for you - content as well as ideas for organization of an article? Any feedback?",,,,,,,"Hey, did you ever read over the material I laid out for you - content as well as ideas for organization of an article? Any feedback?",0,,,,,,,-0.09645595686
951,1712.0,1466,1466,"I see that you're consistantly reverting vadalism on this page, as well as me. Should we get someone to lock it for awhile?",,,,,,,"I see that you're consistantly reverting vadalism on this page, as well as me. Should we get someone to lock it for awhile?",0,,,,,,,-0.1157490593999999
1343,2198.0,1061,1061,Why do you contend that New Atheism and Atheism 3.0 are unrelated? They are so intermingled that people have difficulty discerning which is which?,,,,,,,Why do you contend that New Atheism and Atheism 3.0 are unrelated? They are so intermingled that people have difficulty discerning which is which?,0,,,,,,,-0.9627902605
1675,1614.0,3840,3840,So you don't like people pointing out the errors you make? Or do you have any actual arguments to counter my post?,,,,,,,So you don't like people pointing out the errors you make? Or do you have any actual arguments to counter my post?,0,,,,,,,-2.013382974
1382,1934.0,3258,3258,"I am the uploader of the hubble pictures. What do I put for the author, description, and the other information?",,,,,,,"I am the uploader of the hubble pictures. What do I put for the author, description, and the other information?",0,,,,,,,-0.1330559447
1135,1538.0,3480,3480,I haven't. What are you referring to?,,,,,,,I haven't. What are you referring to?,0,,,,,,,-1.15033553
1380,1933.0,887,887,"Sorry, almost forgot. After calling me a ""child"" ""uneducated"" and making remarks to the effect of ""shouldn't be allowed to post on edit Wikipedia"" what grounds have you got to stand on to say I've made personal attacks against you by suggesting vandalism?",,,,,,,"Sorry, almost forgot. After calling me a ""child"" ""uneducated"" and making remarks to the effect of ""shouldn't be allowed to post on edit Wikipedia"" what grounds have you got to stand on to say I've made personal attacks against you by suggesting vandalism?",0,,,,,,,-1.152793459
1554,2182.0,1182,1182,"You wrote ""speedy keep"" for Patrick Bouvier Kennedy. Should you do it again?",,,,,,,"You wrote ""speedy keep"" for Patrick Bouvier Kennedy. Should you do it again?",0,,,,,,,-0.2676346084
1345,1236.0,2045,2045,Ok I've moved <url> back to <url>. Oleg you want to write something on the talk page about the move?,,,,,,,Ok I've moved <url> back to <url>. Oleg you want to write something on the talk page about the move?,0,,,,,,,-0.1744209453
1352,1288.0,1163,1163,"I understand your point about MJ being very close and having competent editors, but do you not think those of us who understand the source problems, etc. that the Reagan page is having should try and explain them to those editors (that is, try to educate them)?",,,,,,,"I understand your point about MJ being very close and having competent editors, but do you not think those of us who understand the source problems, etc. that the Reagan page is having should try and explain them to those editors (that is, try to educate them)?",0,,,,,,,-0.5962755336
1691,2034.0,2180,2180,Help how? Do you mean disambiguating links like this:<url>?,,,,,,,Help how? Do you mean disambiguating links like this:<url>?,0,,,,,,,-0.3474354235
1052,1195.0,3223,3223,"Yes, I'd say split it. But, where's the controversial opinion?",,,,,,,"Yes, I'd say split it. But, where's the controversial opinion?",0,,,,,,,-0.3915536288
1100,1988.0,3206,3206,"Hello Theraic, I did not start talking about your IP address I have no idea how people do that and did think it is NOT necessary anyway your obviously have a good point of view. I think you must have mixed up my words with those of HeartofDog?",,,,,,,"Hello Theraic, I did not start talking about your IP address I have no idea how people do that and did think it is NOT necessary anyway your obviously have a good point of view. I think you must have mixed up my words with those of HeartofDog?",0,,,,,,,-0.3211778755
1560,1584.0,698,698,<url>? Do the guidelines disapprove of these kinds of dabs?,,,,,,,<url>? Do the guidelines disapprove of these kinds of dabs?,0,,,,,,,-0.2710899831
1264,1684.0,3696,3696,I am looking to get <url> to <url> status. What do I need to include?,,,,,,,I am looking to get <url> to <url> status. What do I need to include?,0,,,,,,,-0.07701046507
1084,1786.0,1220,1220,"I note you also removed the statement that ""Hurrell had been involved in previous altercations"". Why?",,,,,,,"I note you also removed the statement that ""Hurrell had been involved in previous altercations"". Why?",0,,,,,,,-0.05824343876
1508,1769.0,1786,1786,"I'll carry on keeping a watching eye on <url>. As a matter of interest, why do you nowiki your signature?",,,,,,,"I'll carry on keeping a watching eye on <url>. As a matter of interest, why do you nowiki your signature?",0,,,,,,,-0.09145914173
1899,2061.0,3102,3102,When i upload <url> I get <url> can you fix it? Also why is <url> showing the old logo?,,,,,,,When i upload <url> I get <url> can you fix it? Also why is <url> showing the old logo?,0,,,,,,,-0.3282452357
1033,1984.0,3245,3245,"You said: ""I am just upset that you are harassing a person who seems to be trying to better himself and his relationship with fellow wikipedians."" First, I'm harrassing no-one, and it would be better if you didn't make such accusations. Secondly, what evidence do you see that SS is trying to do anything of the kind?",,,,,,,"You said: ""I am just upset that you are harassing a person who seems to be trying to better himself and his relationship with fellow wikipedians."" First, I'm harrassing no-one, and it would be better if you didn't make such accusations. Secondly, what evidence do you see that SS is trying to do anything of the kind?",0,,,,,,,-0.5985775960999999
1571,1814.0,745,745,"---- Though I thought I would note that you have now exceeded <big>'''500'''</big> edits while on ""wikibreak"" and that is over less than 10 days, May I ask what kind of break is that???",,,,,,,"---- Though I thought I would note that you have now exceeded <big>'''500'''</big> edits while on ""wikibreak"" and that is over less than 10 days, May I ask what kind of break is that???",0,,,,,,,-0.7000191558
1585,1267.0,2739,2739,Liked that <url> I tore into that spammer? Got a box with a gun?,,,,,,,Liked that <url> I tore into that spammer? Got a box with a gun?,0,,,,,,,-1.1862769359999998
1498,1803.0,1886,1886,I've had enough of this. What would you think about filing a RfC?,,,,,,,I've had enough of this. What would you think about filing a RfC?,0,,,,,,,-0.7838761865
1521,1830.0,2084,2084,"Hi, what does this mean - if I am to be a named party in the case I at least need ot understand what it is about, please explain - """"Feuding and BLPs"" a case to examine meta behavioral issues and reconcile the applicable principles??? - what do you perceive this is related to?",,,,,,,"Hi, what does this mean - if I am to be a named party in the case I at least need ot understand what it is about, please explain - """"Feuding and BLPs"" a case to examine meta behavioral issues and reconcile the applicable principles??? - what do you perceive this is related to?",0,,,,,,,-0.08225369179
1254,1166.0,999,999,"I have a question for an audio editing expert. Do you personally know a lot about the science of waves, or do you just deal with the program Audacity?",,,,,,,"I have a question for an audio editing expert. Do you personally know a lot about the science of waves, or do you just deal with the program Audacity?",0,,,,,,,-0.08199661639
1681,1758.0,3709,3709,"Who is going to contact all of the users? Is a bot being set to do that in the event it's necessary, or is it being done manually?",,,,,,,"Who is going to contact all of the users? Is a bot being set to do that in the event it's necessary, or is it being done manually?",0,,,,,,,-0.1468443167
1196,1231.0,2944,2944,"So you reverted my edit, rstoring a badly written sentence that includes a point that is neither germane to the topic nor supported by a citation. Yeah, that really helped, didn't it?",,,,,,,"So you reverted my edit, rstoring a badly written sentence that includes a point that is neither germane to the topic nor supported by a citation. Yeah, that really helped, didn't it?",0,,,,,,,-3.0086093760000003
962,1325.0,2431,2431,Posted to <url>. What category are you talking about?,,,,,,,Posted to <url>. What category are you talking about?,0,,,,,,,-0.2261149891
1432,1435.0,3392,3392,"I don't really get it. In your terminology, is there someone practicing Germanic paganism who is not a neopagan?",,,,,,,"I don't really get it. In your terminology, is there someone practicing Germanic paganism who is not a neopagan?",0,,,,,,,-0.4948256296
1161,1515.0,1274,1274,"Yes I am. I am in 8V, you?",,,,,,,"Yes I am. I am in 8V, you?",0,,,,,,,-0.01446620371
1844,1281.0,128,128,"I dunno, but this one reeks of that banned user <url> - same mark-as-minor edits, same targets. Care for a look at this?",,,,,,,"I dunno, but this one reeks of that banned user <url> - same mark-as-minor edits, same targets. Care for a look at this?",0,,,,,,,-0.2480191956
1832,1122.0,265,265,What's wrong with the standard NBA style for the userbox template? Why can't the Thunder's box look LIKE EVERY OTHER TEAM'S?,,,,,,,What's wrong with the standard NBA style for the userbox template? Why can't the Thunder's box look LIKE EVERY OTHER TEAM'S?,0,,,,,,,-0.9104035416
999,1922.0,2050,2050,Hi. With only a little over one day remaiming and <url> not editing and not contributing to the case as yet are there to be any known deviations from the standard procedure?,,,,,,,Hi. With only a little over one day remaiming and <url> not editing and not contributing to the case as yet are there to be any known deviations from the standard procedure?,0,,,,,,,-0.4802879525999999
1558,1438.0,3736,3736,"in this case the noun has to be capitalised, so ""Erdene Zuu monastery"" would be ""Erdene Zuu Monastery"". And why did you move <url>, what other monastery with this name exists?",,,,,,,"in this case the noun has to be capitalised, so ""Erdene Zuu monastery"" would be ""Erdene Zuu Monastery"". And why did you move <url>, what other monastery with this name exists?",0,,,,,,,-0.7361464997
1027,1423.0,1693,1693,"OK, we are talking about two remaining articles here. The categories serve absolutely no categorization purpose, so why are you being stubborn about it?",,,,,,,"OK, we are talking about two remaining articles here. The categories serve absolutely no categorization purpose, so why are you being stubborn about it?",0,,,,,,,-1.667824706
1583,2190.0,1739,1739,Another sock down. How many more to go?,,,,,,,Another sock down. How many more to go?,0,,,,,,,-0.5129522463
1671,1503.0,3683,3683,"But if there is no evidence that it has been downgraded, shouldn't it be kept as a Cat. 2?",,,,,,,"But if there is no evidence that it has been downgraded, shouldn't it be kept as a Cat. 2?",0,,,,,,,-0.2269724075
1860,1287.0,1226,1226,"<url> is a validly notable topic which has been ruthlessly suppressed at WP, probably because of egoism rather than religionist POV warriors but possibly both. Can you advise me on how to go about appealling deletions?",,,,,,,"<url> is a validly notable topic which has been ruthlessly suppressed at WP, probably because of egoism rather than religionist POV warriors but possibly both. Can you advise me on how to go about appealling deletions?",0,,,,,,,-0.5411167433
1153,1550.0,1935,1935,"I have just noticed that today a Wikipedia administrator added a POV tag in the u201cPsychohistoryu201d article, which you have contributed to edit. Perhaps someone should do a little work to balance the article and remove the tag?",,,,,,,"I have just noticed that today a Wikipedia administrator added a POV tag in the u201cPsychohistoryu201d article, which you have contributed to edit. Perhaps someone should do a little work to balance the article and remove the tag?",0,,,,,,,-0.4800387190999999
1606,1490.0,3225,3225,Does this <url> mean that individuals (e.g. Salvador Abascal) should be removed from category:antisemitism and its child categories?,,,,,,,Does this <url> mean that individuals (e.g. Salvador Abascal) should be removed from category:antisemitism and its child categories?,0,,,,,,,-0.2313111889999999
1300,1568.0,2727,2727,"Here's a question for you: I have seen ""kvatrutafl"" identified as <url>. Is this accurate, and do you know any good sources of information about kvatrutafl (or about backgammon in medieval Iceland and Scandinavia)?",,,,,,,"Here's a question for you: I have seen ""kvatrutafl"" identified as <url>. Is this accurate, and do you know any good sources of information about kvatrutafl (or about backgammon in medieval Iceland and Scandinavia)?",0,,,,,,,-0.05406706327
1354,1276.0,1480,1480,Vandalism is putting a live AFD template back? You're a smart one ain't you?,,,,,,,Vandalism is putting a live AFD template back? You're a smart one ain't you?,0,,,,,,,-1.426465108
1147,1890.0,1269,1269,Why do you ask me questions to which you already know the answers? Is it a rhetorical device?,,,,,,,Why do you ask me questions to which you already know the answers? Is it a rhetorical device?,0,,,,,,,-1.312010417
1317,1182.0,2561,2561,"of <url> as those were just plain old copyedit (replacing begining of paragraph ""he""'s with the name and a template fix). I'm assuming you were on the cell phone again?",,,,,,,"of <url> as those were just plain old copyedit (replacing begining of paragraph ""he""'s with the name and a template fix). I'm assuming you were on the cell phone again?",0,,,,,,,-1.023646638
1141,1474.0,3344,3344,"This IP - 188.50.98.153, its intention seems to be language fundamentalism, gave a level-3 warning....Any way to protect this article so that only established users can edit it??",,,,,,,"This IP - 188.50.98.153, its intention seems to be language fundamentalism, gave a level-3 warning....Any way to protect this article so that only established users can edit it??",0,,,,,,,-0.2654939788
1289,1893.0,974,974,"Here, let me parse it out for you:''I regret that because Gravitor and Carfiend's behavior consists of acting in tandem (in the manner of meat or sock puppets), refuse to discuss disputed content on the talk page, and continally provoke revert wars that some administrative intervention is likely required. '' Is it clear now?",,,,,,,"Here, let me parse it out for you:''I regret that because Gravitor and Carfiend's behavior consists of acting in tandem (in the manner of meat or sock puppets), refuse to discuss disputed content on the talk page, and continally provoke revert wars that some administrative intervention is likely required. '' Is it clear now?",0,,,,,,,-1.6620716919999998
1246,2052.0,3754,3754,I don't understand Tasc0??,,,,,,,I don't understand Tasc0??,0,,,,,,,-0.8447780999
1850,1441.0,2537,2537,"Sorry, no admin powers. If serious bring to the admin noticeboard?",,,,,,,"Sorry, no admin powers. If serious bring to the admin noticeboard?",0,,,,,,,-0.1434893966
1273,1616.0,3311,3311,"So, how was my edit <url>? Thinking the page could use a few more tweaks?",,,,,,,"So, how was my edit <url>? Thinking the page could use a few more tweaks?",0,,,,,,,-0.09664263145
1530,2107.0,3462,3462,"Can you please explain what the two fields you added to the table at <url> are supposed to mean? What ""reaction""?",,,,,,,"Can you please explain what the two fields you added to the table at <url> are supposed to mean? What ""reaction""?",0,,,,,,,-0.2059329555
1197,1954.0,1209,1209,How are these inconsistent with the traditional account of the origins of the Torah involving redactions as late as Ezra? Why do we need bizarre hypotheses about documents being interwoven that are contrary to all known examples of how books are written?,,,,,,,How are these inconsistent with the traditional account of the origins of the Torah involving redactions as late as Ezra? Why do we need bizarre hypotheses about documents being interwoven that are contrary to all known examples of how books are written?,0,,,,,,,-0.9391035897
1462,1825.0,1449,1449,"No, I said that targetting images merely because of their uploader would be considered wikistalking- I explicitly said I did not want to accuse anyone of anything. Which images do you feel have been tagged incorrectly?",,,,,,,"No, I said that targetting images merely because of their uploader would be considered wikistalking- I explicitly said I did not want to accuse anyone of anything. Which images do you feel have been tagged incorrectly?",0,,,,,,,-0.1828241054
1698,1460.0,3191,3191,You're a troll. Why not go somewhere else?,,,,,,,You're a troll. Why not go somewhere else?,0,,,,,,,-2.255439315
1616,2132.0,418,418,"Wait, what's the COI? Was this on the fringe noticeboards?",,,,,,,"Wait, what's the COI? Was this on the fringe noticeboards?",0,,,,,,,-0.411545958
1686,1497.0,664,664,"It is fair use. And, I have no free alternative in the context of ""Sugoroku Mutou."" Now, why don't you find me a replacement picture in the context of ""Japanese names,"" and I will accept the removal of the picture?",,,,,,,"It is fair use. And, I have no free alternative in the context of ""Sugoroku Mutou."" Now, why don't you find me a replacement picture in the context of ""Japanese names,"" and I will accept the removal of the picture?",0,,,,,,,-0.7551606084999999
1106,2105.0,2480,2480,What you really need to do if you want an article on 'Do Anything Nice' is to establish its notability. Can you find multiple non-trivial mentions in reliable sources that refer to it?,,,,,,,What you really need to do if you want an article on 'Do Anything Nice' is to establish its notability. Can you find multiple non-trivial mentions in reliable sources that refer to it?,0,,,,,,,-0.1497300711999999
1491,1610.0,1447,1447,"Alright, the NPOV template is even worse, since it specifically points people to a talk page discussion which does not exist. Why are you adding these templates?",,,,,,,"Alright, the NPOV template is even worse, since it specifically points people to a talk page discussion which does not exist. Why are you adding these templates?",0,,,,,,,-0.7357488668000001
1589,2038.0,3266,3266,"I know, I looked it up and fixed the article, but it was annoying that you just changed one small thing making the page contradict itself. What's the use changing it if the reader will have no idea what's going on?",,,,,,,"I know, I looked it up and fixed the article, but it was annoying that you just changed one small thing making the page contradict itself. What's the use changing it if the reader will have no idea what's going on?",0,,,,,,,-0.8587531401
1520,1592.0,3770,3770,Subukan kong ipagtatanong-tanong ang pangalan ng lola mo sa mga kaibigan kong native dito. Sa Tuguegarao ba siya/sila mismo o sa ibang mga karatig-bayan?,,,,,,,Subukan kong ipagtatanong-tanong ang pangalan ng lola mo sa mga kaibigan kong native dito. Sa Tuguegarao ba siya/sila mismo o sa ibang mga karatig-bayan?,0,,,,,,,-0.6549886753
1470,1185.0,609,609,"SE, I've briefly blocked your bot because I see it's changing embedded links to footnotes again, against <url>. Did you discuss with anyone that you were doing this, or get permission to use it?",,,,,,,"SE, I've briefly blocked your bot because I see it's changing embedded links to footnotes again, against <url>. Did you discuss with anyone that you were doing this, or get permission to use it?",0,,,,,,,-1.185824815
1707,2013.0,2008,2008,What does the People People magazine say? Does it give Susan's birthday or just say she is 48?,,,,,,,What does the People People magazine say? Does it give Susan's birthday or just say she is 48?,0,,,,,,,-0.1619956102999999
1794,1213.0,487,487,Fair enough. So when can I change it back without getting blocked?,,,,,,,Fair enough. So when can I change it back without getting blocked?,0,,,,,,,-0.3953445942
1292,1409.0,1784,1784,"Um - no. And I take it you delieve all racist and fascist groups are ""right wing""?",,,,,,,"Um - no. And I take it you delieve all racist and fascist groups are ""right wing""?",0,,,,,,,-1.236645599
1622,2023.0,2009,2009,I believe that an opinion about AS belongs only to article about AS (and you are welcome to cite the MS opinion ''in proper context''). However an opinion about MS belongs only to article about MS. Is not this fair and logical?,,,,,,,I believe that an opinion about AS belongs only to article about AS (and you are welcome to cite the MS opinion ''in proper context''). However an opinion about MS belongs only to article about MS. Is not this fair and logical?,0,,,,,,,-0.4615485605
1576,1659.0,2970,2970,"Thanks, but why specifically? Because I know the difference between ''hale'' and ''hail''?",,,,,,,"Thanks, but why specifically? Because I know the difference between ''hale'' and ''hail''?",0,,,,,,,-0.4766670996
1388,1250.0,2835,2835,...just vandalized my page again. What level warning is appropriate?,,,,,,,...just vandalized my page again. What level warning is appropriate?,0,,,,,,,-0.7719346489
1468,1734.0,1063,1063,"Thanks, but I'd prefer to leave my talk page open to vandalism. No harm done if it's on a talk page, right?",,,,,,,"Thanks, but I'd prefer to leave my talk page open to vandalism. No harm done if it's on a talk page, right?",0,,,,,,,-0.255321134
1255,1594.0,2798,2798,????????????,,,,,,,????????????,0,,,,,,,-0.9496017807
1176,2078.0,3055,3055,"It would seem to me that this category provides no overall benefit to wiki and only serves as another list of organizations which seem to be targeted by the generally negative tone of LGAT articles. Would it make more sense, or be more proper, to include the relevant categories on the individual articles themselves, rather than have an LGAT category?",,,,,,,"It would seem to me that this category provides no overall benefit to wiki and only serves as another list of organizations which seem to be targeted by the generally negative tone of LGAT articles. Would it make more sense, or be more proper, to include the relevant categories on the individual articles themselves, rather than have an LGAT category?",0,,,,,,,-0.09776092975
1400,2014.0,2262,2262,I asked it before but I'm asking it again: Was it a Basque state? Can we say that?,,,,,,,I asked it before but I'm asking it again: Was it a Basque state? Can we say that?,0,,,,,,,-0.8210445562
1479,2075.0,1604,1604,"Hmm, see you just reverted back. What's the bot's job suppost to be?",,,,,,,"Hmm, see you just reverted back. What's the bot's job suppost to be?",0,,,,,,,-0.5881262907
1586,1391.0,3308,3308,"Stephan, I am Deborah Byrd, producer of the Earth & Sky radio series, and I'm looking for a reference for this statement of yours on the discussion page of the article about scientists who oppose the mainstream view of global warming (http://en.wikipedia.org/wiki/Scientists_opposing_the_mainstream_scientific_assessment_of_global_warming) ""We are not talking 51% or 60% or 75%, but rather 95%+ (or ""near unanimity in the peer reviewed published literature and in official statements by professional scientific organisations""). --Stephan Schulz 08:26, 18 November 2006 (UTC)"" How did you determine that there is 95% agreement in the peer reviewed published literature and in official statements by professional scientific organizations?",,,,,,,"Stephan, I am Deborah Byrd, producer of the Earth & Sky radio series, and I'm looking for a reference for this statement of yours on the discussion page of the article about scientists who oppose the mainstream view of global warming (http://en.wikipedia.org/wiki/Scientists_opposing_the_mainstream_scientific_assessment_of_global_warming) ""We are not talking 51% or 60% or 75%, but rather 95%+ (or ""near unanimity in the peer reviewed published literature and in official statements by professional scientific organisations""). --Stephan Schulz 08:26, 18 November 2006 (UTC)"" How did you determine that there is 95% agreement in the peer reviewed published literature and in official statements by professional scientific organizations?",0,,,,,,,-0.2320551847
1670,2169.0,1717,1717,Why are you uploading/changing badge files here? Surely you should just upload them to Commons then list the wikipedia version for deletion?,,,,,,,Why are you uploading/changing badge files here? Surely you should just upload them to Commons then list the wikipedia version for deletion?,0,,,,,,,-0.5229252097
1155,1901.0,2459,2459,I don't have the delete privilege assigned to my account. What are you talking about?,,,,,,,I don't have the delete privilege assigned to my account. What are you talking about?,0,,,,,,,-0.9375967193
1043,1357.0,879,879,"You added partisan colours for the early Chancellors (such as a conservative blue colour for Bismarck); as the early Chancellors were not attached to any political party, and the ""party"" given is merely an approximate indication of their political leanings, I'm not sure if this is a good idea. Also, why did you remove the partisan colour from the last part of the table (the Republic)?",,,,,,,"You added partisan colours for the early Chancellors (such as a conservative blue colour for Bismarck); as the early Chancellors were not attached to any political party, and the ""party"" given is merely an approximate indication of their political leanings, I'm not sure if this is a good idea. Also, why did you remove the partisan colour from the last part of the table (the Republic)?",0,,,,,,,-0.8003791466
1672,2194.0,1459,1459,"The template I want is the one that goes at the bottom of the article and produces a message that goes something like 'This article is a copy of the (X) article in the German wikipedia, version 21 December 2009 10:04.' What is that template?",,,,,,,"The template I want is the one that goes at the bottom of the article and produces a message that goes something like 'This article is a copy of the (X) article in the German wikipedia, version 21 December 2009 10:04.' What is that template?",0,,,,,,,-0.2195251919999999
1722,1527.0,1773,1773,On the third reading... Why not include an edit summary that tells me this? Why not revert my revert?,,,,,,,On the third reading... Why not include an edit summary that tells me this? Why not revert my revert?,0,,,,,,,-0.5029483912
1369,1759.0,3417,3417,I see on your user page you are claiming credit for creating '''The Cops''' article however wasn't it initally created by another user <url> on 26 January 2007 ??,,,,,,,I see on your user page you are claiming credit for creating '''The Cops''' article however wasn't it initally created by another user <url> on 26 January 2007 ??,0,,,,,,,-0.1830594672
1597,1877.0,2486,2486,<url>???,,,,,,,<url>???,0,,,,,,,-0.6564521931
1460,1209.0,1626,1626,"OK, maybe I only started noticing it after that incident. Do you have diffs for your earlier opinions?",,,,,,,"OK, maybe I only started noticing it after that incident. Do you have diffs for your earlier opinions?",0,,,,,,,-0.08801804325
1511,1633.0,2396,2396,Is it OK that I don't edit wikipedia? It's because lots of other people have done it but I don't want to so can I still go on?,,,,,,,Is it OK that I don't edit wikipedia? It's because lots of other people have done it but I don't want to so can I still go on?,0,,,,,,,-0.197242967
1262,1919.0,3705,3705,-- Bit confused by your DYK nom. Surely the world's first gasoline automobile was created by <url> four years earlier?,,,,,,,-- Bit confused by your DYK nom. Surely the world's first gasoline automobile was created by <url> four years earlier?,0,,,,,,,-0.7778692208
1484,1139.0,2630,2630,"Hi, You stated the editor is inactive, yet the editor is stalking me through MY CONTRIBUTIONS and reverting my entries and the editor left a message on the top of my TALK page, so why would you not block them ? You didn't even give them a warning ?",,,,,,,"Hi, You stated the editor is inactive, yet the editor is stalking me through MY CONTRIBUTIONS and reverting my entries and the editor left a message on the top of my TALK page, so why would you not block them ? You didn't even give them a warning ?",0,,,,,,,-1.412738892
1188,1489.0,2112,2112,"Ok, that seems acceptable. Did I remove something like that?",,,,,,,"Ok, that seems acceptable. Did I remove something like that?",0,,,,,,,-0.087306109
1013,1643.0,1108,1108,"What's your issue with noting the copyright registration date for this piece? Also, could you point me to the consensus you mentioned?",,,,,,,"What's your issue with noting the copyright registration date for this piece? Also, could you point me to the consensus you mentioned?",0,,,,,,,-0.7859047901
1886,1513.0,712,712,"And if you use Coulson you would probably have to say ""According to Coulson..."". Have you read <url> yet?",,,,,,,"And if you use Coulson you would probably have to say ""According to Coulson..."". Have you read <url> yet?",0,,,,,,,-0.5800880034
1457,2111.0,800,800,"You're back! And, am I ready for what?",,,,,,,"You're back! And, am I ready for what?",0,,,,,,,-0.3001365207
1211,1171.0,16,16,"Say what? And what does this have to do with ""Happy New Year"" and my pretty picture?",,,,,,,"Say what? And what does this have to do with ""Happy New Year"" and my pretty picture?",0,,,,,,,-1.6765745719999998
1372,1896.0,938,938,"""Get Up"" was released in Canada??",,,,,,,"""Get Up"" was released in Canada??",0,,,,,,,-0.5103022292
1301,1600.0,1685,1685,I asked you a question. Be educated and please respond: What does <url> has to do with <url>?,,,,,,,I asked you a question. Be educated and please respond: What does <url> has to do with <url>?,0,,,,,,,-2.282918154
1837,2130.0,982,982,"What do you mean by ""one edit war away""? And whats a siteban?",,,,,,,"What do you mean by ""one edit war away""? And whats a siteban?",0,,,,,,,-0.9091231349
996,2189.0,3646,3646,"In <url>, you said that ""the template which appears only on his music sub pages"". Do you regard <url> as a sub page?",,,,,,,"In <url>, you said that ""the template which appears only on his music sub pages"". Do you regard <url> as a sub page?",0,,,,,,,-0.09147246798
1771,1413.0,204,204,Please don't talk like a robot. What harm did it do?,,,,,,,Please don't talk like a robot. What harm did it do?,0,,,,,,,-1.255446025
1421,1457.0,3214,3214,"If the <url> was invented in 1983, how was it featured in a 1959 film? I've never seen the movie, but are you sure it wasn't some other carousel-type thing?",,,,,,,"If the <url> was invented in 1983, how was it featured in a 1959 film? I've never seen the movie, but are you sure it wasn't some other carousel-type thing?",0,,,,,,,-0.003697923988
985,1163.0,3678,3678,"The flag ""visible=yes"" means a comment on the page is made visible, not that the page is visible in search engines. Why did you remove flag?",,,,,,,"The flag ""visible=yes"" means a comment on the page is made visible, not that the page is visible in search engines. Why did you remove flag?",0,,,,,,,-0.6709653896
1732,1833.0,2299,2299,"Moonriddengirl, is there a specific reason to why they want to use the crop? Is it because there's attribution on it?",,,,,,,"Moonriddengirl, is there a specific reason to why they want to use the crop? Is it because there's attribution on it?",0,,,,,,,-0.1990999026
1708,1444.0,412,412,"Ok, so you have successfully logged in??",,,,,,,"Ok, so you have successfully logged in??",0,,,,,,,-0.3212854807
1331,1214.0,2385,2385,"Just curious, how are articles marked for your bot to update their statistics? Is there a tag, or is it any player in a certain category, or...?",,,,,,,"Just curious, how are articles marked for your bot to update their statistics? Is there a tag, or is it any player in a certain category, or...?",0,,,,,,,-0.2098349914999999
1159,1675.0,499,499,"Oh, yeah, I've heard of that--that was the issue the Colonel was (incorrectly) alluding to, right? Is that list to which your link sent me something that Steve had to create, or was it generated automatically?",,,,,,,"Oh, yeah, I've heard of that--that was the issue the Colonel was (incorrectly) alluding to, right? Is that list to which your link sent me something that Steve had to create, or was it generated automatically?",0,,,,,,,-0.1901827722
1550,2178.0,971,971,"I wasn't planning on it before I asked you about it. I figured, afterwards, why inquire if the template's really too long as it is?",,,,,,,"I wasn't planning on it before I asked you about it. I figured, afterwards, why inquire if the template's really too long as it is?",0,,,,,,,-0.3776760013
1224,2040.0,1628,1628,"Hi, J.delanoy, I was just wondering why you did <url>. If in your opinion that text shouldn't be there, why not just delete it completely?",,,,,,,"Hi, J.delanoy, I was just wondering why you did <url>. If in your opinion that text shouldn't be there, why not just delete it completely?",0,,,,,,,-0.2040234788
1852,1899.0,104,104,Keeping a list of everything bad user:XXX did in your user space is neither constructive nor appropriate. Perhaps we should both focus on the many positive things to do rather than the very occasional misbehavior?,,,,,,,Keeping a list of everything bad user:XXX did in your user space is neither constructive nor appropriate. Perhaps we should both focus on the many positive things to do rather than the very occasional misbehavior?,0,,,,,,,-0.09544599616
1295,2154.0,1155,1155,"Are you the owner of hacktolive.org? If not, what's your relationship to it?",,,,,,,"Are you the owner of hacktolive.org? If not, what's your relationship to it?",0,,,,,,,-0.5608040636
1186,2051.0,3765,3765,"Regarding <url>, the alumni should be alphabetized and Tom DeLonge did go there. Why would you undo my edit?",,,,,,,"Regarding <url>, the alumni should be alphabetized and Tom DeLonge did go there. Why would you undo my edit?",0,,,,,,,-1.642692159
1510,1370.0,3110,3110,It seems like the bot hasn't made any contributions in quite a while. Is something wrong?,,,,,,,It seems like the bot hasn't made any contributions in quite a while. Is something wrong?,0,,,,,,,-0.141321278
1293,2102.0,2099,2099,"Hi reinyday - I've been noticing your sig on WP:CFD... this is probably something you know all about but... you do know about being able to use four tildes (<nowiki>~~~~</nowiki>) to sign, don't you? Or have you done some fancy trick with your signature to stop it linking back to your user page?",,,,,,,"Hi reinyday - I've been noticing your sig on WP:CFD... this is probably something you know all about but... you do know about being able to use four tildes (<nowiki>~~~~</nowiki>) to sign, don't you? Or have you done some fancy trick with your signature to stop it linking back to your user page?",0,,,,,,,-0.8581684340000001
1290,2168.0,514,514,"Are you saying that Scotty was being ""hot-headed""? If so, can you please tell us what Scotty did that was ""hot-headed""?",,,,,,,"Are you saying that Scotty was being ""hot-headed""? If so, can you please tell us what Scotty did that was ""hot-headed""?",0,,,,,,,-0.8857619954000001
1594,1382.0,2152,2152,"The text of your warning <url> made me smile. Did you really think that if China got a new Prime Minister as of today, and a female one at that, it wouldn't be all over the news, and the link to this person would be red?",,,,,,,"The text of your warning <url> made me smile. Did you really think that if China got a new Prime Minister as of today, and a female one at that, it wouldn't be all over the news, and the link to this person would be red?",0,,,,,,,-1.408786191
1302,1848.0,1043,1043,"Actually, material in the lead must be discussed in the body. Contemporary economics haven't been discussed in the body, so how can they be discussed in the lead?",,,,,,,"Actually, material in the lead must be discussed in the body. Contemporary economics haven't been discussed in the body, so how can they be discussed in the lead?",0,,,,,,,-0.633440186
1181,2122.0,3280,3280,"I assume you mean the one that ends in .net? If a specific link appeared on this page, and then removed because whoever added it immediately realised it was a copyvio, I can see what we can salvage?",,,,,,,"I assume you mean the one that ends in .net? If a specific link appeared on this page, and then removed because whoever added it immediately realised it was a copyvio, I can see what we can salvage?",0,,,,,,,-0.03230857317
1032,1134.0,2121,2121,"Due to your edits to this template, <url> is now required on all transclusions. Are you running a bot to clean this up?",,,,,,,"Due to your edits to this template, <url> is now required on all transclusions. Are you running a bot to clean this up?",0,,,,,,,-0.8085962789
1789,1168.0,1334,1334,I will have to hunt out my albums and take a look. Do you mean something like a photographer's credit?,,,,,,,I will have to hunt out my albums and take a look. Do you mean something like a photographer's credit?,0,,,,,,,-0.01796242919
1897,1699.0,3376,3376,I have no clue. Isn't there a WikiProject on radio stations you can ask?,,,,,,,I have no clue. Isn't there a WikiProject on radio stations you can ask?,0,,,,,,,-0.7945308703
1880,1870.0,546,546,"The article might assert that the subject is notable, but the references are too weak to back up that assertion. Can I proceed with a prod or AfD?",,,,,,,"The article might assert that the subject is notable, but the references are too weak to back up that assertion. Can I proceed with a prod or AfD?",0,,,,,,,-0.3228205915
1715,1522.0,494,494,"#On the other hand, linking years of actual encyclopedic events to ""1949 in NASCAR"" or ""1950 in motor racing"" <s>gives us a tool for eventually building those year-in-topic articles</s> automatically builds those categories. Where some don't exist yet (like 1949 in both NASCAR and motor racing), are we better off adding the desired link and letting it be redlinked until the article is created, or just leaving it unlinked or wikilinked to the general year article such as <url>?",,,,,,,"#On the other hand, linking years of actual encyclopedic events to ""1949 in NASCAR"" or ""1950 in motor racing"" <s>gives us a tool for eventually building those year-in-topic articles</s> automatically builds those categories. Where some don't exist yet (like 1949 in both NASCAR and motor racing), are we better off adding the desired link and letting it be redlinked until the article is created, or just leaving it unlinked or wikilinked to the general year article such as <url>?",0,,,,,,,-0.3947560714
1035,1729.0,3612,3612,"Another thing: are <url>, <url> and <url> really ""former German states""? Let's talk about it, shall we?",,,,,,,"Another thing: are <url>, <url> and <url> really ""former German states""? Let's talk about it, shall we?",0,,,,,,,-0.1116610178
1601,1347.0,1284,1284,Are you kidding me? Do you even bother to click on <url> to see its fleet?,,,,,,,Are you kidding me? Do you even bother to click on <url> to see its fleet?,0,,,,,,,-2.29992196
1866,1504.0,2329,2329,"I'm glad you made things calculate automatically (and I trust you've tested it!). Shouldn't we update the <url> to not show the unneeded variables, then?",,,,,,,"I'm glad you made things calculate automatically (and I trust you've tested it!). Shouldn't we update the <url> to not show the unneeded variables, then?",0,,,,,,,-0.1498222310999999
1349,1732.0,459,459,"The image is only used on ONE page - the site of the film. What is the problem here, and how does it violate wikipedia policy?",,,,,,,"The image is only used on ONE page - the site of the film. What is the problem here, and how does it violate wikipedia policy?",0,,,,,,,-1.372644011
1394,1638.0,2257,2257,"Your request just slows down users, without changing what they see. Are you sure that is what you want?",,,,,,,"Your request just slows down users, without changing what they see. Are you sure that is what you want?",0,,,,,,,-0.0343682805199999
1680,1873.0,957,957,"Ah well, if you are going to have such a bizarre flight of fancy as far as to calling it an attack page then perhaps I will remove it. Maybe you should also look at how you interact with others?",,,,,,,"Ah well, if you are going to have such a bizarre flight of fancy as far as to calling it an attack page then perhaps I will remove it. Maybe you should also look at how you interact with others?",0,,,,,,,-1.970869147
1353,1629.0,3277,3277,"Umm, it was renamed to <url> as you proposed. Is there something wrong?",,,,,,,"Umm, it was renamed to <url> as you proposed. Is there something wrong?",0,,,,,,,-0.4340236422999999
1851,1912.0,2877,2877,"The problem remains that I don't know where to turn to educate myself further on the matter. For instance, where would I find the Tao-Green paper you mention in the article?",,,,,,,"The problem remains that I don't know where to turn to educate myself further on the matter. For instance, where would I find the Tao-Green paper you mention in the article?",0,,,,,,,-0.06116955373
1210,1811.0,2275,2275,"Wow, you have a lot of gall, given you removed the West Wing discussion from your Talk Page with the edit summary ""Archiving crap"". Perhaps if your going to make unnecessary comments on people's talk pages, you should hold yourself to the same standard?",,,,,,,"Wow, you have a lot of gall, given you removed the West Wing discussion from your Talk Page with the edit summary ""Archiving crap"". Perhaps if your going to make unnecessary comments on people's talk pages, you should hold yourself to the same standard?",0,,,,,,,-1.296771637
1404,1400.0,2062,2062,I have now created <url> and <url>. I wonder if a similar template may be warranted for listifying (CfL)?,,,,,,,I have now created <url> and <url>. I wonder if a similar template may be warranted for listifying (CfL)?,0,,,,,,,-0.1621359934
1537,2133.0,3028,3028,What would that do? Is that good?,,,,,,,What would that do? Is that good?,0,,,,,,,-0.3413590222
1187,1384.0,816,816,Thoughts? Preferences?,,,,,,,Thoughts? Preferences?,0,,,,,,,-0.3891368249
959,1167.0,158,158,The Olbermann thing is being discussed on the <url> talk page. Do you have anything to add?,,,,,,,The Olbermann thing is being discussed on the <url> talk page. Do you have anything to add?,0,,,,,,,-0.1042353776999999
1770,1625.0,3806,3806,"What do you mean ""personal attack""? Why don't site what my ""personal attack"" is?",,,,,,,"What do you mean ""personal attack""? Why don't site what my ""personal attack"" is?",0,,,,,,,-0.9967193757
1282,2112.0,1759,1759,It's amazing how selective our memory can be. How's the project going along?,,,,,,,It's amazing how selective our memory can be. How's the project going along?,0,,,,,,,-0.1255827409
1735,1436.0,1104,1104,Mailing lists are so last century. What about a private wiki?,,,,,,,Mailing lists are so last century. What about a private wiki?,0,,,,,,,-0.1705910038
1118,1254.0,3211,3211,"I very much disagree that the article that was deleted was advertising; I have never bought anything from his store as a matter of fact, but I do know that his is one of the most used online Judaica shops out there. What can I do to make the article acceptable?",,,,,,,"I very much disagree that the article that was deleted was advertising; I have never bought anything from his store as a matter of fact, but I do know that his is one of the most used online Judaica shops out there. What can I do to make the article acceptable?",0,,,,,,,-0.4006644619
1192,1632.0,1853,1853,Afterthought: where did you get your figure of 82500 tons pa??,,,,,,,Afterthought: where did you get your figure of 82500 tons pa??,0,,,,,,,-0.5536787783
1019,1312.0,1362,1362,"When I find 20 sources calling an Individual Armenian including TURKISH, the NYT and Time's article are presented in a dubious manner, how can I bey considered aggressive? It is the duty of every editor and admin to weed out Original research and dubious citations, no?",,,,,,,"When I find 20 sources calling an Individual Armenian including TURKISH, the NYT and Time's article are presented in a dubious manner, how can I bey considered aggressive? It is the duty of every editor and admin to weed out Original research and dubious citations, no?",0,,,,,,,-0.4242629025
1008,1140.0,705,705,How do you save it??,,,,,,,How do you save it??,0,,,,,,,-0.1809693212999999
1162,1191.0,1453,1453,"I'm looking at a new bot function that would post a ""So you tagged an article for rescue"" - type tag to those who added <person>. Is this a logical/do-able function of this bot or should I look to asking for one?",,,,,,,"I'm looking at a new bot function that would post a ""So you tagged an article for rescue"" - type tag to those who added <person>. Is this a logical/do-able function of this bot or should I look to asking for one?",0,,,,,,,-0.0002234481122
1178,1761.0,3783,3783,"Is this something that is needed, even though most of the links are still alive? Is there a WP: page describing this and how to do it?",,,,,,,"Is this something that is needed, even though most of the links are still alive? Is there a WP: page describing this and how to do it?",0,,,,,,,-0.09100344962
1049,1381.0,2178,2178,I am not equally confident about this pinning one: <person>. Hector again?,,,,,,,I am not equally confident about this pinning one: <person>. Hector again?,0,,,,,,,-0.7212557514
1030,1766.0,711,711,It's possible he may not be an english speaker. Do you know of a french version of that warning?,,,,,,,It's possible he may not be an english speaker. Do you know of a french version of that warning?,0,,,,,,,-0.2452618212
1658,1644.0,84,84,"I just occurred to me yesterday (while playing with the Bushnell 7x50 Marine binocs I got for my birthday), that the <url> section on rangefinding reticles might be worth its own article, if for no other reason than that rangefinding reticles are used on other optics, such as said binoculars (which have a compass and 5 milliradian graduated reticle) and some other specialized items, such as golf rangefinding monoculars, which use the standardized height of the flag as the known size item. So what do you think--is there enough content in the rangefinding section to make a standalone article, and do I provide enough argument to justify pulling it out, and adding links from <url> and <url>?",,,,,,,"I just occurred to me yesterday (while playing with the Bushnell 7x50 Marine binocs I got for my birthday), that the <url> section on rangefinding reticles might be worth its own article, if for no other reason than that rangefinding reticles are used on other optics, such as said binoculars (which have a compass and 5 milliradian graduated reticle) and some other specialized items, such as golf rangefinding monoculars, which use the standardized height of the flag as the known size item. So what do you think--is there enough content in the rangefinding section to make a standalone article, and do I provide enough argument to justify pulling it out, and adding links from <url> and <url>?",0,,,,,,,-0.2770202041
1859,1587.0,3661,3661,I thought that only section tags go into sections while the article tags go to the top of the page so they could serve it's purpose. Is there a Wikipedia guideline that can substantiate your revert?,,,,,,,I thought that only section tags go into sections while the article tags go to the top of the page so they could serve it's purpose. Is there a Wikipedia guideline that can substantiate your revert?,0,,,,,,,-0.574062532
1433,2089.0,983,983,"Your recent post to the straw poll at <url> may need some clarification. Did you intend ""support going to Arbcomm"" to be a vote for the ""Death"" entry?",,,,,,,"Your recent post to the straw poll at <url> may need some clarification. Did you intend ""support going to Arbcomm"" to be a vote for the ""Death"" entry?",0,,,,,,,-0.02012912579
1151,1745.0,3294,3294,"I see you reverted another image move back to below the accompanying text. Your summary was ""add to discussion"" - can you explain?",,,,,,,"I see you reverted another image move back to below the accompanying text. Your summary was ""add to discussion"" - can you explain?",0,,,,,,,-0.1529173694
1768,1867.0,583,583,"Hmm, there was a 7th <url> - but someone deleted him from <url> after removing the Prod. Is that kocher?",,,,,,,"Hmm, there was a 7th <url> - but someone deleted him from <url> after removing the Prod. Is that kocher?",0,,,,,,,-0.3365027540999999
997,2041.0,2411,2411,"And, by the way, shouldn't there have to be actual copyright VIOLATIONS (not just a lack of a machine-readable tag) to delete a photograph? Or are we so concerned with making our project bot-friendly that it doesn't matter if we lose really great images in the process?",,,,,,,"And, by the way, shouldn't there have to be actual copyright VIOLATIONS (not just a lack of a machine-readable tag) to delete a photograph? Or are we so concerned with making our project bot-friendly that it doesn't matter if we lose really great images in the process?",0,,,,,,,-0.397467092
1055,1871.0,2530,2530,"Blocked, templated. Next?",,,,,,,"Blocked, templated. Next?",0,,,,,,,-1.430648602
1171,1268.0,2147,2147,comment from a member of the Article Rescue Squadron? Do you know how to hide a human body?,,,,,,,comment from a member of the Article Rescue Squadron? Do you know how to hide a human body?,0,,,,,,,-0.7183869573999999
1272,2126.0,2838,2838,Thanks. Is Brazil4Linux doing anything particully bad right now?,,,,,,,Thanks. Is Brazil4Linux doing anything particully bad right now?,0,,,,,,,-0.1554091752
1892,1389.0,3426,3426,I'm looking for a diff by yours where you compared administrator corruption to what happened to students during the <url>. Do you happen to know where is that diff?,,,,,,,I'm looking for a diff by yours where you compared administrator corruption to what happened to students during the <url>. Do you happen to know where is that diff?,0,,,,,,,-0.2794148239
1330,1859.0,1038,1038,"One last thing, I noticed that Astro's gender is given as male. Is this erroneously placed?",,,,,,,"One last thing, I noticed that Astro's gender is given as male. Is this erroneously placed?",0,,,,,,,-0.2901162668
1198,1156.0,1376,1376,"Tom, that article is ready for publication, was written by someone else, and your changes aren't improving it. Did MER-C ask you to work on it?",,,,,,,"Tom, that article is ready for publication, was written by someone else, and your changes aren't improving it. Did MER-C ask you to work on it?",0,,,,,,,-1.830424881
1825,1788.0,1603,1603,"If you were falsely accused of vandalism, the best thing to do is to talk to the user who accused you, and explain why your edit was not vandalism. Which user accused you vandalism?",,,,,,,"If you were falsely accused of vandalism, the best thing to do is to talk to the user who accused you, and explain why your edit was not vandalism. Which user accused you vandalism?",0,,,,,,,-0.2760191775
1351,1142.0,105,105,I give a glimpse there now and then. What is up?,,,,,,,I give a glimpse there now and then. What is up?,0,,,,,,,-0.5144555998
1165,2197.0,3006,3006,"I'm getting a ""Metronome: q = 120"", but I've been in touch with them and they say they're in the process of fixing it. it IS 120, but should it be left out until there's no difference?",,,,,,,"I'm getting a ""Metronome: q = 120"", but I've been in touch with them and they say they're in the process of fixing it. it IS 120, but should it be left out until there's no difference?",0,,,,,,,-0.1623484434
1541,1579.0,3215,3215,Could you please clarify who the new users were exactly that you considered to be part of your 'sock farm'? Or did you not even bother to research before making such claims?,,,,,,,Could you please clarify who the new users were exactly that you considered to be part of your 'sock farm'? Or did you not even bother to research before making such claims?,0,,,,,,,-2.16494939
1862,1397.0,1373,1373,"I tagged it since most appears to be in Chinese, so I canu2019t understand it, but by what I can gather the user is trying to accuse the Chinese government of a cover up. I was wondering if it was true, a political attack, off topic or just needs to be translated in to English?",,,,,,,"I tagged it since most appears to be in Chinese, so I canu2019t understand it, but by what I can gather the user is trying to accuse the Chinese government of a cover up. I was wondering if it was true, a political attack, off topic or just needs to be translated in to English?",0,,,,,,,-0.0914004898499999
1271,1351.0,2871,2871,Don't stop editing. Maybe a request at <url> would be of use?,,,,,,,Don't stop editing. Maybe a request at <url> would be of use?,0,,,,,,,-0.1546498306
1455,1647.0,1018,1018,yes i'm the one who is ashish. are you also on ukmix?,,,,,,,yes i'm the one who is ashish. are you also on ukmix?,0,,,,,,,-0.1362512585999999
988,1880.0,3549,3549,"I've sent an email to NCBI about this. What sort of ""Board action"" were you referrring to?",,,,,,,"I've sent an email to NCBI about this. What sort of ""Board action"" were you referrring to?",0,,,,,,,-0.09326484892
1876,1430.0,2383,2383,"|style=""vertical-align: top; border-top: 1px solid gray;"" | For creating an article on a relatively obscure bridge with interesting information that remains in the current article, which has become the focus of the world for all the wrong reasons, I hereby award you this oddball barnstar. Who knew all this could happen?",,,,,,,"|style=""vertical-align: top; border-top: 1px solid gray;"" | For creating an article on a relatively obscure bridge with interesting information that remains in the current article, which has become the focus of the world for all the wrong reasons, I hereby award you this oddball barnstar. Who knew all this could happen?",0,,,,,,,-0.903926413
1441,1798.0,799,799,If you are beccoming a target again do you want semi prot for a while? How much activity is it getting?,,,,,,,If you are beccoming a target again do you want semi prot for a while? How much activity is it getting?,0,,,,,,,-0.2258013793
1667,1344.0,1751,1751,"Judo, Taekwondo, Boxing etc.?",,,,,,,"Judo, Taekwondo, Boxing etc.?",0,,,,,,,-0.2771262446999999
1569,1506.0,3497,3497,I don't know why claim that you reverted vandalism (rv edit summary) when to me they appeared to be good faith edits. What exactly was the vandalism?,,,,,,,I don't know why claim that you reverted vandalism (rv edit summary) when to me they appeared to be good faith edits. What exactly was the vandalism?,0,,,,,,,-0.8645698682999999
1742,2042.0,1239,1239,"The Daily Mail has republished pages from the manifesto in full, (<url>) including that of his personal data. Is this the ethical jump you need to use the info on Wikipedia?",,,,,,,"The Daily Mail has republished pages from the manifesto in full, (<url>) including that of his personal data. Is this the ethical jump you need to use the info on Wikipedia?",0,,,,,,,-0.1509222205
1536,2070.0,243,243,"p.s. I'd be right that you're a supporter of corporal punishment, I presume?",,,,,,,"p.s. I'd be right that you're a supporter of corporal punishment, I presume?",0,,,,,,,-1.361666345
1125,1157.0,3020,3020,"No, Wikipedia does not consider itself (or wikis in general) as a reliable source. Surely you know such a basic policy?",,,,,,,"No, Wikipedia does not consider itself (or wikis in general) as a reliable source. Surely you know such a basic policy?",0,,,,,,,-1.199537494
1711,1751.0,3844,3844,"Okay, I asked for help at <url>, was directed to <url>. What do you want to do?",,,,,,,"Okay, I asked for help at <url>, was directed to <url>. What do you want to do?",0,,,,,,,-0.3068603695
1848,1429.0,1219,1219,"If you feel you have a solid case, you can report it <url>. Just out of curiosity - can you provide a few examples (with links) of this behaviour?",,,,,,,"If you feel you have a solid case, you can report it <url>. Just out of curiosity - can you provide a few examples (with links) of this behaviour?",0,,,,,,,-0.07715444999
1036,1773.0,1621,1621,? What?,,,,,,,? What?,0,,,,,,,-1.179823729
1238,1266.0,319,319,"These edits were made after his latest block began.<url> Is accusing Arcom of topic banning him ""in absentia"" a personal attack against the members of Arbcom?",,,,,,,"These edits were made after his latest block began.<url> Is accusing Arcom of topic banning him ""in absentia"" a personal attack against the members of Arbcom?",0,,,,,,,-0.3644446607
1175,1742.0,3085,3085,"what do you think was the purpose of this Fesselballon? if it wasn't military, what was the point in shooting it down?",,,,,,,"what do you think was the purpose of this Fesselballon? if it wasn't military, what was the point in shooting it down?",0,,,,,,,-0.4225604147
1642,1286.0,3337,3337,"...cause I feel like a petulant kid, posting it. But: ""We have three volunteers: Awadewit, Mike Christie and Wrad."" Given that I, you know, proposed the countries idea, wasn't it obvious that I was volunteering?",,,,,,,"...cause I feel like a petulant kid, posting it. But: ""We have three volunteers: Awadewit, Mike Christie and Wrad."" Given that I, you know, proposed the countries idea, wasn't it obvious that I was volunteering?",0,,,,,,,-0.8141941779
1148,1709.0,657,657,"Also, why is this glorious photo of a <url> not used in any articles? Was there some argument about its copyright status?",,,,,,,"Also, why is this glorious photo of a <url> not used in any articles? Was there some argument about its copyright status?",0,,,,,,,-0.7227640205
1535,1534.0,1752,1752,I thought you admitted that breaking down by decade can be going too far in some cases. Are you telling me that five films cannot be presented in a single row?,,,,,,,I thought you admitted that breaking down by decade can be going too far in some cases. Are you telling me that five films cannot be presented in a single row?,0,,,,,,,-0.1733156524
1728,1260.0,3787,3787,"Xandar, this Elizabeth II RFC represents the form of RFC I would like to use for the Catholic Church article. What do you think?",,,,,,,"Xandar, this Elizabeth II RFC represents the form of RFC I would like to use for the Catholic Church article. What do you think?",0,,,,,,,-0.07656053175
1428,1626.0,2233,2233,"That looks better. I think I'm about done now, but old Theobald's still at FAC isn't he?",,,,,,,"That looks better. I think I'm about done now, but old Theobald's still at FAC isn't he?",0,,,,,,,-0.25583654
1075,1750.0,1408,1408,"My problem is that the Style Guide for cities causes several topics for this small village to be repeated somewhat, especially the railroad, Gas Boom, and stockyard. Any thoughts on this article's organization?",,,,,,,"My problem is that the Style Guide for cities causes several topics for this small village to be repeated somewhat, especially the railroad, Gas Boom, and stockyard. Any thoughts on this article's organization?",0,,,,,,,-0.8539415722
1765,1959.0,3353,3353,"So you see KV, just in case you missed the point, you are in the naughty chair in the naughty corner because of your own baloney, baloney that you bring yourself. Now, didn't you like that story?",,,,,,,"So you see KV, just in case you missed the point, you are in the naughty chair in the naughty corner because of your own baloney, baloney that you bring yourself. Now, didn't you like that story?",0,,,,,,,-2.2996176530000003
1453,1190.0,857,857,"Unfortunately, on the topic you have chosen, the excellence of what you are doing is far from the only issue. Are you producing an excellent article of a kind that should not actually be in Wikipedia but in some other more specialized project?",,,,,,,"Unfortunately, on the topic you have chosen, the excellence of what you are doing is far from the only issue. Are you producing an excellent article of a kind that should not actually be in Wikipedia but in some other more specialized project?",0,,,,,,,-0.105134058
1280,1531.0,1203,1203,Ditto? whats the deal?,,,,,,,Ditto? whats the deal?,0,,,,,,,-0.7421784440000001
966,2172.0,2943,2943,"And, btw, are you from Sevilla or its vicinity? How often do you visit Spain?",,,,,,,"And, btw, are you from Sevilla or its vicinity? How often do you visit Spain?",0,,,,,,,-0.1189482618999999
1890,1652.0,1358,1358,"On a more practical note: One either does or doesn't agree to take part in mediation. Which is it, please?",,,,,,,"On a more practical note: One either does or doesn't agree to take part in mediation. Which is it, please?",0,,,,,,,-1.130960408
1819,1462.0,2977,2977,"Was it you who deleted the section in Victor Garber's article about his sexuality and his partner? If yes, what was the reason?",,,,,,,"Was it you who deleted the section in Victor Garber's article about his sexuality and his partner? If yes, what was the reason?",0,,,,,,,-1.082810825
1787,1520.0,1119,1119,I'm wondering why you've removed this category from <url>'s page? Is he no longer part of the council?,,,,,,,I'm wondering why you've removed this category from <url>'s page? Is he no longer part of the council?,0,,,,,,,-0.4389611585
1695,1827.0,2316,2316,"When I try to edit the article <url> I'm refused to save my edit due to a ""Blacklisted Hyperlink"". What's wrong?",,,,,,,"When I try to edit the article <url> I'm refused to save my edit due to a ""Blacklisted Hyperlink"". What's wrong?",0,,,,,,,-0.4399701547999999
1570,1628.0,1989,1989,Don't you think you should remove the welcoming plate of cookies you left at User:Dococe page???,,,,,,,Don't you think you should remove the welcoming plate of cookies you left at User:Dococe page???,0,,,,,,,-1.588432596
1409,1164.0,217,217,"I don't think so, Giano. Can we just once attempt to let this pass by without calling for the heads of people?",,,,,,,"I don't think so, Giano. Can we just once attempt to let this pass by without calling for the heads of people?",0,,,,,,,-1.483220811
953,1359.0,3487,3487,"All my edits to clear Lloyd George disappeared from the running count. They haven't been undone, is this a bug?",,,,,,,"All my edits to clear Lloyd George disappeared from the running count. They haven't been undone, is this a bug?",0,,,,,,,-0.05704463232
1279,1669.0,2710,2710,Vi is out of the hospital. Did I mention that she was in?,,,,,,,Vi is out of the hospital. Did I mention that she was in?,0,,,,,,,-0.4824954279999999
1311,2140.0,3819,3819,"I'd assume it's a ban on this account, that was used by multiple people. I don't think you would be blocked because you at one point edited on this account, and as long as you don't use the same IP, I don't think you could be blocked, how whould anyone know?",,,,,,,"I'd assume it's a ban on this account, that was used by multiple people. I don't think you would be blocked because you at one point edited on this account, and as long as you don't use the same IP, I don't think you could be blocked, how whould anyone know?",0,,,,,,,-0.6875173126
1167,1368.0,1898,1898,"Aha, a ten Monitor ma swoja wlasna page do ktorej by mozna latwo linkowac? Moze by nawet mozna zrobic ""mu"" wlasne account?",,,,,,,"Aha, a ten Monitor ma swoja wlasna page do ktorej by mozna latwo linkowac? Moze by nawet mozna zrobic ""mu"" wlasne account?",0,,,,,,,-0.1047251242
1673,1544.0,2083,2083,That reference was not inserted by Yahoo. Which main page did you mean?,,,,,,,That reference was not inserted by Yahoo. Which main page did you mean?,0,,,,,,,-0.3073721188
676,879.0,3042,3042,Moved. would you like me to nominate you for adminship?,,,,,,,Moved. would you like me to nominate you for adminship?,1,,,,,,,0.7427200656999999
120,439.0,1692,1692,Noticed your nice ''<url>'' photograph. Perhaps you were on the Siruvani bird survey ?,,,,,,,Noticed your nice ''<url>'' photograph. Perhaps you were on the Siruvani bird survey ?,1,,,,,,,0.3324228846
785,987.0,2687,2687,"What should we write, then? Do we make note of the split-up around 1917 and omit the mention of 1931, or do we make note of the split-up around 1917 and mention that the marriage (may have) lasted until 1931?",,,,,,,"What should we write, then? Do we make note of the split-up around 1917 and omit the mention of 1931, or do we make note of the split-up around 1917 and mention that the marriage (may have) lasted until 1931?",1,,,,,,,0.3800218445
58,672.0,2886,2886,This one seems useful. Should we not turn those redlinks blue?,,,,,,,This one seems useful. Should we not turn those redlinks blue?,1,,,,,,,0.2258691219
143,47.0,1899,1899,"You left some comments at <url>, specifically about referencing. I've added some references to the sections you outlined and was wondering if it addressed your concerns enough for you to give the article your support?",,,,,,,"You left some comments at <url>, specifically about referencing. I've added some references to the sections you outlined and was wondering if it addressed your concerns enough for you to give the article your support?",1,,,,,,,0.4490681806
292,667.0,3436,3436,"Great- so bump up to around ten selected pictures (selective choices, obviously) and then you feel it is ready for FPOC? Is there anything you feel the portal is obviously lacking?",,,,,,,"Great- so bump up to around ten selected pictures (selective choices, obviously) and then you feel it is ready for FPOC? Is there anything you feel the portal is obviously lacking?",1,,,,,,,0.6908154939
888,896.0,1839,1839,"I actually know nothing about karate, but you look to be doing a good job with your work, and I'm just here to say sorry really that some of your articles got deleted. Which artiles got deleted?",,,,,,,"I actually know nothing about karate, but you look to be doing a good job with your work, and I'm just here to say sorry really that some of your articles got deleted. Which artiles got deleted?",1,,,,,,,1.182959003
816,421.0,141,141,Great job. Any chance of a full date of death for him?,,,,,,,Great job. Any chance of a full date of death for him?,1,,,,,,,0.5106109511
221,338.0,694,694,"Make that ""copyvio tag"". OK if I revert under those conditions?",,,,,,,"Make that ""copyvio tag"". OK if I revert under those conditions?",1,,,,,,,0.2308514143
228,54.0,1501,1501,"Can you respond to the comments I left on the S&M PR page please. If you are satisfied with the changes, can you tell me if it is qualifiable for FAN and if not for FAN, then for A class status?",,,,,,,"Can you respond to the comments I left on the S&M PR page please. If you are satisfied with the changes, can you tell me if it is qualifiable for FAN and if not for FAN, then for A class status?",1,,,,,,,0.5242800359
168,721.0,3021,3021,"Another thing, I been working on trying to improve the SVG graphics at the Commons. Except for the white color background, does everything else at <url> look decent?",,,,,,,"Another thing, I been working on trying to improve the SVG graphics at the Commons. Except for the white color background, does everything else at <url> look decent?",1,,,,,,,0.3790965379
433,702.0,945,945,I just did some edits on it. Feedback?,,,,,,,I just did some edits on it. Feedback?,1,,,,,,,0.08345766499
922,178.0,1980,1980,"I ""voted"" weak keep, based on what I've found. Can you comment?",,,,,,,"I ""voted"" weak keep, based on what I've found. Can you comment?",1,,,,,,,0.008860021498
37,387.0,2772,2772,"Yeah, but that suggests that pounds alone aren't included. Also, what would be the corresponding names for the other two templates?",,,,,,,"Yeah, but that suggests that pounds alone aren't included. Also, what would be the corresponding names for the other two templates?",1,,,,,,,0.3547550169
935,236.0,1218,1218,"I'm going to try and hurry the <url> article through both GA and FA to see if I can get it as the Featured Article on the Main Page in time for its 20-year anniversary on October 18, 2009. Care to help a little or a lot?",,,,,,,"I'm going to try and hurry the <url> article through both GA and FA to see if I can get it as the Featured Article on the Main Page in time for its 20-year anniversary on October 18, 2009. Care to help a little or a lot?",1,,,,,,,0.3812436545
453,560.0,2466,2466,I re-drew the captions on the tugboat diagram <url>. Do they render correctly for you now?,,,,,,,I re-drew the captions on the tugboat diagram <url>. Do they render correctly for you now?,1,,,,,,,0.03383397999
910,161.0,2132,2132,Hey thanks for reassessing the <url> article to B class. So what's need to be done to make it GA?,,,,,,,Hey thanks for reassessing the <url> article to B class. So what's need to be done to make it GA?,1,,,,,,,1.327308584
625,849.0,2624,2624,"This would make a great addition to DYK, you know. (<url> :) It's just under a thousand wordsu2014maybe more of your thesis would like to make it onto WP?",,,,,,,"This would make a great addition to DYK, you know. (<url> :) It's just under a thousand wordsu2014maybe more of your thesis would like to make it onto WP?",1,,,,,,,0.4537979766
173,283.0,612,612,Thanks for letting me know. btw on that page I found <person> but before adding that to the list I was wondering if the templatelist on the project should go so deep into detail or if it just stay Germany wide?,,,,,,,Thanks for letting me know. btw on that page I found <person> but before adding that to the list I was wondering if the templatelist on the project should go so deep into detail or if it just stay Germany wide?,1,,,,,,,0.5231105954999999
484,645.0,3588,3588,Im sorry to see that you withdrew. Maybe next time?,,,,,,,Im sorry to see that you withdrew. Maybe next time?,1,,,,,,,0.7211636237000001
181,6.0,2214,2214,I will endeavour to be (cant think of antonyms) non-combative and kind. Will you give me a particular example of what I wrote and what I should have written?,,,,,,,I will endeavour to be (cant think of antonyms) non-combative and kind. Will you give me a particular example of what I wrote and what I should have written?,1,,,,,,,0.3923480571
191,512.0,885,885,"Great Article RaveenS, Do u want me to add this to the template (Sri Lankan Conflict)? I think it should be included in the ''see also'' section what do you suggest?",,,,,,,"Great Article RaveenS, Do u want me to add this to the template (Sri Lankan Conflict)? I think it should be included in the ''see also'' section what do you suggest?",1,,,,,,,1.004494181
142,141.0,888,888,"02:33, 25 February 2008 24.47.208.127 (Talk) (58,755 bytes) (u2192Suicide: added external link to Marlborough Gallery (Marlborough Fine Art)) (undo)-------is this the place for a link to this gallery site? I don't know yet how to think on such matters--will you have a look?",,,,,,,"02:33, 25 February 2008 24.47.208.127 (Talk) (58,755 bytes) (u2192Suicide: added external link to Marlborough Gallery (Marlborough Fine Art)) (undo)-------is this the place for a link to this gallery site? I don't know yet how to think on such matters--will you have a look?",1,,,,,,,0.06484293241
434,933.0,2608,2608,I'm running out of ideas of useful edits to do. Have you got any ideas?,,,,,,,I'm running out of ideas of useful edits to do. Have you got any ideas?,1,,,,,,,0.1904624661
725,795.0,2581,2581,"<url> has vandalized <url> twice. If he should be blocked, could you please do so?",,,,,,,"<url> has vandalized <url> twice. If he should be blocked, could you please do so?",1,,,,,,,0.4123989725999999
527,1045.0,2194,2194,Have noted your rank edit. Do you want to add some sort of link to the ranks article so it can be accessed through the main F-FDTL page?,,,,,,,Have noted your rank edit. Do you want to add some sort of link to the ranks article so it can be accessed through the main F-FDTL page?,1,,,,,,,0.2613058001
802,267.0,1424,1424,"Also, i'd like to know what you think of William Harris. Is he affiliated with the Discovery Institute?",,,,,,,"Also, i'd like to know what you think of William Harris. Is he affiliated with the Discovery Institute?",1,,,,,,,0.368109013
546,415.0,537,537,"Those of us who've been here the whole time are pretty incredulous about it also. :) We miss your fine editing style and hope you come back sometime -- keep looking in on us now and then, at least?",,,,,,,"Those of us who've been here the whole time are pretty incredulous about it also. :) We miss your fine editing style and hope you come back sometime -- keep looking in on us now and then, at least?",1,,,,,,,1.13117027
216,503.0,1250,1250,"Hello Muhandes - just wanted to let you know I've changed this template, <url>. It looked like your last edit was a mistake?",,,,,,,"Hello Muhandes - just wanted to let you know I've changed this template, <url>. It looked like your last edit was a mistake?",1,,,,,,,0.1631628918
684,954.0,2936,2936,"I'm in Outer Mongolia from the 27th till the 10th, UB, Hovsgol, UB. Maybe we can meet?",,,,,,,"I'm in Outer Mongolia from the 27th till the 10th, UB, Hovsgol, UB. Maybe we can meet?",1,,,,,,,0.7123686798000001
255,1056.0,1515,1515,"No, I don't know of any way to measure the number of visitors to articles. Perhaps someone on the <url> can answer your question?",,,,,,,"No, I don't know of any way to measure the number of visitors to articles. Perhaps someone on the <url> can answer your question?",1,,,,,,,0.8506722262
744,811.0,3070,3070,"I see a ""remove protection"" tab on the <url>, which tells an admin that the article is protected. Are you still able to edit it?",,,,,,,"I see a ""remove protection"" tab on the <url>, which tells an admin that the article is protected. Are you still able to edit it?",1,,,,,,,0.4437644636
399,998.0,1975,1975,Please see <url>. Could you help with the list on the talk page?,,,,,,,Please see <url>. Could you help with the list on the talk page?,1,,,,,,,0.8983238070999999
402,994.0,2911,2911,These guys wanting that link to the leaked script on the page don't seem to be going away. You think a request for semi-protection is warranted yet?,,,,,,,These guys wanting that link to the leaked script on the page don't seem to be going away. You think a request for semi-protection is warranted yet?,1,,,,,,,0.267850131
917,100.0,2849,2849,"I had a quick scan through the <url> article, which while good seems to be to suffer from the negative effects of ""summary style"" when used on very large topics - namely that while the individual sections are good summaries of what they are describing, the ''overall'' article lacks a coherent flow, a narrative taking the reader from beginning to end. Does that make sense?",,,,,,,"I had a quick scan through the <url> article, which while good seems to be to suffer from the negative effects of ""summary style"" when used on very large topics - namely that while the individual sections are good summaries of what they are describing, the ''overall'' article lacks a coherent flow, a narrative taking the reader from beginning to end. Does that make sense?",1,,,,,,,0.2784147199
429,425.0,1136,1136,"By changing ''Category:New Zealand Mu0101ori people'' to ''Category:New Zealand Mu0101ori rugby union team players'' for many Kiwi rugby players -- such as <url>, <url> and <url> etc -- you have removed many Mu0101ori people from the only category that collates them together. Do you want to fix?",,,,,,,"By changing ''Category:New Zealand Mu0101ori people'' to ''Category:New Zealand Mu0101ori rugby union team players'' for many Kiwi rugby players -- such as <url>, <url> and <url> etc -- you have removed many Mu0101ori people from the only category that collates them together. Do you want to fix?",1,,,,,,,0.01049985034
404,131.0,781,781,"I put both in the first sentence, to show a range. Is that OK?",,,,,,,"I put both in the first sentence, to show a range. Is that OK?",1,,,,,,,0.5247334881
746,311.0,1000,1000,"How does it look? Also, did you read my inquiry <url>?",,,,,,,"How does it look? Also, did you read my inquiry <url>?",1,,,,,,,0.2451354838
348,558.0,1248,1248,"As for the Norwoods, both South Norwood and Upper Norwood are in Croydon, but West Norwood belongs to the LB of Lambeth. Does that help?",,,,,,,"As for the Norwoods, both South Norwood and Upper Norwood are in Croydon, but West Norwood belongs to the LB of Lambeth. Does that help?",1,,,,,,,0.3836668611
835,360.0,278,278,"Ok, would you mind if I created a UK specific category and shoved all the UK articles into there? I would suggest renaming the US category, and putting them both (and other countries) into 'Railway Companies' or similar?",,,,,,,"Ok, would you mind if I created a UK specific category and shoved all the UK articles into there? I would suggest renaming the US category, and putting them both (and other countries) into 'Railway Companies' or similar?",1,,,,,,,0.07673668721
947,349.0,876,876,How was the bell frogging? Where about did you go and what did you see?,,,,,,,How was the bell frogging? Where about did you go and what did you see?,1,,,,,,,0.4644585276
25,353.0,139,139,"Don't worry, I'm not going to give the new right out to people who'll abuse it. :) Where's the new policy page?",,,,,,,"Don't worry, I'm not going to give the new right out to people who'll abuse it. :) Where's the new policy page?",1,,,,,,,0.1189981942
667,354.0,1329,1329,"Which seems to be exactly in line with my point about album covers. If you were referring only to logos, could you please qualify why they should be treated differently?",,,,,,,"Which seems to be exactly in line with my point about album covers. If you were referring only to logos, could you please qualify why they should be treated differently?",1,,,,,,,0.1841179106
597,1028.0,370,370,"Hi, I borrowed your bit on Rauls Razor for my userpage. I hope thats okay?",,,,,,,"Hi, I borrowed your bit on Rauls Razor for my userpage. I hope thats okay?",1,,,,,,,0.7277206234999999
770,442.0,3288,3288,I wasn't sure what you mean by making the title a clickable link. Can you show me how to do that?,,,,,,,I wasn't sure what you mean by making the title a clickable link. Can you show me how to do that?,1,,,,,,,0.6924751915
539,752.0,1180,1180,"I'm always happy to give a second opinion on ID - you're welcome to put images on my talk page to discuss them. Regarding <url>, I would tend to go with ''<url>'', what do you think?",,,,,,,"I'm always happy to give a second opinion on ID - you're welcome to put images on my talk page to discuss them. Regarding <url>, I would tend to go with ''<url>'', what do you think?",1,,,,,,,1.200359217
504,17.0,2426,2426,"I agree with you in that this chapter has no place on <url>, moreover its inclusion there seems highly suspicious. Is there any way to see who added a particular word/sentence/paragraph without manually going through the history?",,,,,,,"I agree with you in that this chapter has no place on <url>, moreover its inclusion there seems highly suspicious. Is there any way to see who added a particular word/sentence/paragraph without manually going through the history?",1,,,,,,,0.6600347056
637,143.0,1214,1214,"A little while back, at the beginning of November, I had said that if you ever were considering adminship, that I would love to support and/or nominate you. Do you have any interest in pursuing it?",,,,,,,"A little while back, at the beginning of November, I had said that if you ever were considering adminship, that I would love to support and/or nominate you. Do you have any interest in pursuing it?",1,,,,,,,1.414798007
576,1014.0,1254,1254,"So what do you think they want, anyway? I mean does this boil down to the words ''murder'' and ''kidnapping'' along with ''Brigham did it cuz he looked like a duck and quacked like a duck'' or what?",,,,,,,"So what do you think they want, anyway? I mean does this boil down to the words ''murder'' and ''kidnapping'' along with ''Brigham did it cuz he looked like a duck and quacked like a duck'' or what?",1,,,,,,,0.2632253230999999
373,299.0,3121,3121,<url> is basically ready for FAC pending some copy edits. Could you take a look to see if anything additional needs to be done?,,,,,,,<url> is basically ready for FAC pending some copy edits. Could you take a look to see if anything additional needs to be done?,1,,,,,,,0.3902759483
844,688.0,3202,3202,"Jvhertum, Last year you made this change :http://en.wikipedia.org/w/index.php?title=A_Split-Second&action=historysubmit&diff=343316267&oldid=343252107 to the <url> article with the justification that ""A is part of the name"". This does not appear to be a valid reason to exclude it (<url> has a DEFAULTSORT of Beatles despite 'The' being part of the name), your thoughts ?",,,,,,,"Jvhertum, Last year you made this change :http://en.wikipedia.org/w/index.php?title=A_Split-Second&action=historysubmit&diff=343316267&oldid=343252107 to the <url> article with the justification that ""A is part of the name"". This does not appear to be a valid reason to exclude it (<url> has a DEFAULTSORT of Beatles despite 'The' being part of the name), your thoughts ?",1,,,,,,,0.3766246572
73,419.0,1455,1455,"Sure, show me the glossary of terms link. Also should the link be at the bottom vs the top, or perhaps not at all and instead be something linked-to from the main article of <url> ?",,,,,,,"Sure, show me the glossary of terms link. Also should the link be at the bottom vs the top, or perhaps not at all and instead be something linked-to from the main article of <url> ?",1,,,,,,,0.0850957721
469,824.0,3498,3498,"Don't worry about it. Take it easy, keep the ranting to a minimum and the productive editing to a maximum :) And you're still not convinced you should get an account?",,,,,,,"Don't worry about it. Take it easy, keep the ranting to a minimum and the productive editing to a maximum :) And you're still not convinced you should get an account?",1,,,,,,,0.6645519307
564,450.0,1983,1983,"Per the TFD debate, would you think it a reasonable solution to redirect this e.g. to <person>?",,,,,,,"Per the TFD debate, would you think it a reasonable solution to redirect this e.g. to <person>?",1,,,,,,,0.3336295904
683,900.0,2371,2371,"that hotcat lockup, was like an edit conflict, so i tried a backup and re-enter. thanks for the assistance, i'm using the old layout, so would the new view affect my hotcat category edits?",,,,,,,"that hotcat lockup, was like an edit conflict, so i tried a backup and re-enter. thanks for the assistance, i'm using the old layout, so would the new view affect my hotcat category edits?",1,,,,,,,0.2533175486
941,652.0,1652,1652,"I'm sorry, I don't know what article you are talking about. Can you please provide the exact name?",,,,,,,"I'm sorry, I don't know what article you are talking about. Can you please provide the exact name?",1,,,,,,,1.170973498
737,1065.0,2306,2306,I am willing to try to discover the problem. What browser do you use?,,,,,,,I am willing to try to discover the problem. What browser do you use?,1,,,,,,,0.8763037165
10,545.0,3657,3657,"While editing the COIN page regarding Ciplex, I accidently broke your sig. Since I don't want any more flame, could you please fix it?",,,,,,,"While editing the COIN page regarding Ciplex, I accidently broke your sig. Since I don't want any more flame, could you please fix it?",1,,,,,,,1.102925698
24,285.0,1964,1964,"I noticed you made many edits to India-related articles, and I was just wondering if you were Indian? If you are, where do you live?",,,,,,,"I noticed you made many edits to India-related articles, and I was just wondering if you were Indian? If you are, where do you live?",1,,,,,,,0.2161486171
144,62.0,3508,3508,Sounds good. Could you drop Fritzpoll a note?,,,,,,,Sounds good. Could you drop Fritzpoll a note?,1,,,,,,,0.6550275021
825,168.0,3349,3349,"Hi Tim. As I've seen you editing it recently, I won't delete it but... do you think <url> deserves an article at present?",,,,,,,"Hi Tim. As I've seen you editing it recently, I won't delete it but... do you think <url> deserves an article at present?",1,,,,,,,0.4470440354
580,958.0,3729,3729,"You may need to enable your own setting to allow E-mail too; I'm not sure. If so, maybe you can turn it on temporarily, so that you can send me one e-mail?",,,,,,,"You may need to enable your own setting to allow E-mail too; I'm not sure. If so, maybe you can turn it on temporarily, so that you can send me one e-mail?",1,,,,,,,0.8958516507
99,491.0,1957,1957,"hahah, thanks! Must admit, when I saw the title of this section I was thinking ""oh lord, another what-is-the-wiki-coming-to comment.."" :p. How goes?",,,,,,,"hahah, thanks! Must admit, when I saw the title of this section I was thinking ""oh lord, another what-is-the-wiki-coming-to comment.."" :p. How goes?",1,,,,,,,0.7552095714
516,1011.0,1297,1297,Thanks for approving my request. Should I remove my request?,,,,,,,Thanks for approving my request. Should I remove my request?,1,,,,,,,1.356249543
379,651.0,947,947,i searched through the history and the question at http://en.wikipedia.org/wiki/Talk:Telephone_numbering_plan#coincidence.3F relates to infomation <url>. could you possiblly answer it?,,,,,,,i searched through the history and the question at http://en.wikipedia.org/wiki/Talk:Telephone_numbering_plan#coincidence.3F relates to infomation <url>. could you possiblly answer it?,1,,,,,,,0.5403099368
190,189.0,1040,1040,You haven't contributed in over 10 days now. You alright?,,,,,,,You haven't contributed in over 10 days now. You alright?,1,,,,,,,0.2705112725
133,722.0,1788,1788,"Yes, well, that will take someone time to sit down and write the essay/guideline. Is it best to start there, or write a draft in user space or a subpage of <url> first?",,,,,,,"Yes, well, that will take someone time to sit down and write the essay/guideline. Is it best to start there, or write a draft in user space or a subpage of <url> first?",1,,,,,,,0.05467113345
501,275.0,80,80,I wouldn't know where to put it. I know Record Charts is for charts etc and the certifications but where would I put a discography question?,,,,,,,I wouldn't know where to put it. I know Record Charts is for charts etc and the certifications but where would I put a discography question?,1,,,,,,,0.3280237032999999
904,575.0,578,578,Hey. I'm proposing a <url> - would you be interested in coming along?,,,,,,,Hey. I'm proposing a <url> - would you be interested in coming along?,1,,,,,,,1.039149614
512,440.0,301,301,"Okay, perhaps we need to initiate a task force to go and address issues on these lists. I'm happy to participate or rubber-stamp... What do you think?",,,,,,,"Okay, perhaps we need to initiate a task force to go and address issues on these lists. I'm happy to participate or rubber-stamp... What do you think?",1,,,,,,,0.4767562214999999
907,993.0,2043,2043,"Quite. Do you know why, though?",,,,,,,"Quite. Do you know why, though?",1,,,,,,,0.2772194007999999
881,60.0,2707,2707,Ahhhh... My apologies. You wouldn't be using the google toolbar perchance?,,,,,,,Ahhhh... My apologies. You wouldn't be using the google toolbar perchance?,1,,,,,,,1.216601333
509,1090.0,1312,1312,No worries. So back to my question: what software makes them rock like that?,,,,,,,No worries. So back to my question: what software makes them rock like that?,1,,,,,,,0.6902401544
876,764.0,3448,3448,"We both seemed to have overlooked R7 and R7.1, they both appear to be equally passing, but I personally feel 7.1 is the preferred one. Thoughts?",,,,,,,"We both seemed to have overlooked R7 and R7.1, they both appear to be equally passing, but I personally feel 7.1 is the preferred one. Thoughts?",1,,,,,,,0.01520148115
713,679.0,3493,3493,"Hey, ehlep me you can with the finding of a source to prove that Sidney Kimmel and Jimmy Kimmels relationsio if you have any time???",,,,,,,"Hey, ehlep me you can with the finding of a source to prove that Sidney Kimmel and Jimmy Kimmels relationsio if you have any time???",1,,,,,,,0.4721636981
33,690.0,1105,1105,"Over at <url> you've changed my request for protection on <url> to a request for unprotection. Is there a reason for that, since the page has yet to be protected?",,,,,,,"Over at <url> you've changed my request for protection on <url> to a request for unprotection. Is there a reason for that, since the page has yet to be protected?",1,,,,,,,0.4890346064999999
593,230.0,1489,1489,Sorry to not reply earlier regarding Deathrockeru2014I've been away. Has the situation calmed?,,,,,,,Sorry to not reply earlier regarding Deathrockeru2014I've been away. Has the situation calmed?,1,,,,,,,1.068183214
915,1041.0,2721,2721,"I am the bot owner, and I replied just above your comment, explaining the situation. Is there some other problem, or some other comment I didn't respond to?",,,,,,,"I am the bot owner, and I replied just above your comment, explaining the situation. Is there some other problem, or some other comment I didn't respond to?",1,,,,,,,0.4052240835
273,563.0,1133,1133,A question has come up whether <url> was Jewish (see <url>). Do you have any references that might help?,,,,,,,A question has come up whether <url> was Jewish (see <url>). Do you have any references that might help?,1,,,,,,,0.07537573871
432,543.0,2892,2892,"If the procedure for afd/copyvio is the same, that could certainly be possible. Can you please provide a link to the appropriate pages/templates in that language?",,,,,,,"If the procedure for afd/copyvio is the same, that could certainly be possible. Can you please provide a link to the appropriate pages/templates in that language?",1,,,,,,,0.3609526245
328,125.0,173,173,The large coat of arms is still be commented on. Maybe you can lend a word or two?,,,,,,,The large coat of arms is still be commented on. Maybe you can lend a word or two?,1,,,,,,,0.4604581675999999
560,294.0,24,24,Thank you for deleting the attack page I tagged. Should <url> be blocked for creating it?,,,,,,,Thank you for deleting the attack page I tagged. Should <url> be blocked for creating it?,1,,,,,,,1.236620812
707,323.0,2625,2625,Sorry to bother you but theres a report on <url> regarding <url> which has been a target for IP vandalism. I'm only asking directly because the vandalism is continuing and I'm close to not being able to fight it anymore under policy so can I ask if you could please issue the protection and revert the IP's vandalism back to my last revision?,,,,,,,Sorry to bother you but theres a report on <url> regarding <url> which has been a target for IP vandalism. I'm only asking directly because the vandalism is continuing and I'm close to not being able to fight it anymore under policy so can I ask if you could please issue the protection and revert the IP's vandalism back to my last revision?,1,,,,,,,2.072777808
336,603.0,1686,1686,There is a very nice moving picture at <url> which illustrates the bisection method. Can we get it for our version?,,,,,,,There is a very nice moving picture at <url> which illustrates the bisection method. Can we get it for our version?,1,,,,,,,0.9619815193
858,789.0,3139,3139,"I agree with Orlady here; full-protection, a fairly serious position when we're talking about an encyclopedia anyone can edit, is only to be taken out as a last (reasonable) resort. Since both participants to the dispute are now blocked, is there any reason for the protection to be necessary?",,,,,,,"I agree with Orlady here; full-protection, a fairly serious position when we're talking about an encyclopedia anyone can edit, is only to be taken out as a last (reasonable) resort. Since both participants to the dispute are now blocked, is there any reason for the protection to be necessary?",1,,,,,,,0.5196513084000001
89,823.0,722,722,"These are getting tagged as orphans and stubs. Are they SIAs, do you think?",,,,,,,"These are getting tagged as orphans and stubs. Are they SIAs, do you think?",1,,,,,,,0.2507648958
20,422.0,3314,3314,"I have been watching the vote page, but I did not even see your proposal. What were you suggesting?",,,,,,,"I have been watching the vote page, but I did not even see your proposal. What were you suggesting?",1,,,,,,,0.06131409088
936,518.0,2330,2330,"Could you do me a huge favour, but only if you want to, because I know it's a lot to ask. Could you do the Peer Review for ''Loud'' by any chance?",,,,,,,"Could you do me a huge favour, but only if you want to, because I know it's a lot to ask. Could you do the Peer Review for ''Loud'' by any chance?",1,,,,,,,1.838649445
715,371.0,1792,1792,It looks like you have done considerable work on <url>. Could you add at least some references to the article in keeping with <url>?,,,,,,,It looks like you have done considerable work on <url>. Could you add at least some references to the article in keeping with <url>?,1,,,,,,,0.0264201577099999
460,939.0,3001,3001,"I'm a bit busy IRL, but I've got a bit of time. What's up?",,,,,,,"I'm a bit busy IRL, but I've got a bit of time. What's up?",1,,,,,,,0.1562410555
125,1009.0,3076,3076,"I see you deleted the Shayla LaVeaux article, citing copyright problems. I'd like to see if I can't clean it up... is there any way I can see the deleted article?",,,,,,,"I see you deleted the Shayla LaVeaux article, citing copyright problems. I'd like to see if I can't clean it up... is there any way I can see the deleted article?",1,,,,,,,0.8961109783
891,156.0,3460,3460,"With all due respect, that is going to take ages. How can one create a 'Bot' to do all this for me for <url>, <url>, <url>, <url> and <url>?",,,,,,,"With all due respect, that is going to take ages. How can one create a 'Bot' to do all this for me for <url>, <url>, <url>, <url> and <url>?",1,,,,,,,1.171748211
47,173.0,3841,3841,I think it's time we considered a perma-block on the IP in question. Comments?,,,,,,,I think it's time we considered a perma-block on the IP in question. Comments?,1,,,,,,,0.8928471218999999
186,837.0,3644,3644,I'm gonna go ahead and do it. Thoughts before I proceed?,,,,,,,I'm gonna go ahead and do it. Thoughts before I proceed?,1,,,,,,,0.1323077445
83,567.0,3008,3008,Thanks! To be absolutely fair his earlier edits to Rumble Fighter seemed serious; maybe he left the pc untended?,,,,,,,Thanks! To be absolutely fair his earlier edits to Rumble Fighter seemed serious; maybe he left the pc untended?,1,,,,,,,0.7678518436
3,871.0,3512,3512,"Incidentally, your username seems familiar. Do you contribute to SPGB-related forums by any chance?",,,,,,,"Incidentally, your username seems familiar. Do you contribute to SPGB-related forums by any chance?",1,,,,,,,0.4867091731
544,271.0,713,713,"I found <url> on your <url> as a bluelink, but in fact it is a redirect to <url>. Is there any chance to do some qeue-jumping on this article, or would it be easier to translate from <url>?",,,,,,,"I found <url> on your <url> as a bluelink, but in fact it is a redirect to <url>. Is there any chance to do some qeue-jumping on this article, or would it be easier to translate from <url>?",1,,,,,,,0.4694019294
244,165.0,3029,3029,"So, what do you think of it? Interesting guy, isn't he?",,,,,,,"So, what do you think of it? Interesting guy, isn't he?",1,,,,,,,0.4560771373
76,802.0,1697,1697,Good edit on Deuteronomy. I had no idea you took an interest in OT scholarship - not a bit dry after General Macdonald?,,,,,,,Good edit on Deuteronomy. I had no idea you took an interest in OT scholarship - not a bit dry after General Macdonald?,1,,,,,,,0.2972951341
121,469.0,1571,1571,Replied on my talk page. Maybe move the conversation somewhere else if specific issues need further discussion?,,,,,,,Replied on my talk page. Maybe move the conversation somewhere else if specific issues need further discussion?,1,,,,,,,0.07003452501
215,1016.0,3492,3492,Thank you for closing out this debate. Can you please restore the history for GFDL purposes?,,,,,,,Thank you for closing out this debate. Can you please restore the history for GFDL purposes?,1,,,,,,,1.723452496
405,530.0,1178,1178,"And after seeing this talk page, I'll also note that there is no difference between scalars in math, physics and computing, those articles should all be merged together. :-/ Maybe you'd be interested in doing such a merge?",,,,,,,"And after seeing this talk page, I'll also note that there is no difference between scalars in math, physics and computing, those articles should all be merged together. :-/ Maybe you'd be interested in doing such a merge?",1,,,,,,,0.557739293
446,784.0,2960,2960,Hi I am still not clear if you have a commons account or not. If you do can you say what the name is?,,,,,,,Hi I am still not clear if you have a commons account or not. If you do can you say what the name is?,1,,,,,,,0.5038780007
238,826.0,354,354,"But it's not really suitable for its own article, either. Do you have a better place to merge it to?",,,,,,,"But it's not really suitable for its own article, either. Do you have a better place to merge it to?",1,,,,,,,0.1213952368
401,997.0,1468,1468,What if you just take the corresponding part from '' fand er sich in seinem Bett zu einem ungeheuren Ungeziefer verwandelt.''?,,,,,,,What if you just take the corresponding part from '' fand er sich in seinem Bett zu einem ungeheuren Ungeziefer verwandelt.''?,1,,,,,,,0.1856451391
377,758.0,1330,1330,The old article was deleted. Have you had a chance to read the discussion and rationale for this decision?,,,,,,,The old article was deleted. Have you had a chance to read the discussion and rationale for this decision?,1,,,,,,,0.2702295977
791,602.0,1666,1666,I think it's a great idea to get the CO3 community involved with keeping <url> correct and uptodate. I shan't be there myself this year (clashes with various things) - would you be able to bring it up?,,,,,,,I think it's a great idea to get the CO3 community involved with keeping <url> correct and uptodate. I shan't be there myself this year (clashes with various things) - would you be able to bring it up?,1,,,,,,,0.743638577
893,857.0,497,497,"Thanks for your note, Tom. As a matter of interest, how could you know who someone is based on the IP address?",,,,,,,"Thanks for your note, Tom. As a matter of interest, how could you know who someone is based on the IP address?",1,,,,,,,0.5903334414
304,9.0,2957,2957,Sounds interesting. Could people keep me in the loop as well?,,,,,,,Sounds interesting. Could people keep me in the loop as well?,1,,,,,,,0.7523530713
908,542.0,702,702,"Well... pretty much most of what was in the old table, and the category links. May I get in touch with you via e-mail to work on the specifics?",,,,,,,"Well... pretty much most of what was in the old table, and the category links. May I get in touch with you via e-mail to work on the specifics?",1,,,,,,,0.47102975
882,211.0,1584,1584,Additionally I would like to ask the proponents of a unified citation style to answer this: Which wikipedia policy is this proposal based in? Which of the five pillars does it work to bolster?,,,,,,,Additionally I would like to ask the proponents of a unified citation style to answer this: Which wikipedia policy is this proposal based in? Which of the five pillars does it work to bolster?,1,,,,,,,0.3858191046
207,743.0,1590,1590,"Hope that you don't mind, I modified your comment in the Craig intro, using a nice new template that I found. Check it out: what do you think?",,,,,,,"Hope that you don't mind, I modified your comment in the Craig intro, using a nice new template that I found. Check it out: what do you think?",1,,,,,,,1.425578763
224,248.0,2053,2053,"Yes, it is a matter of civility. Do you think a year would be better?",,,,,,,"Yes, it is a matter of civility. Do you think a year would be better?",1,,,,,,,0.6264806581
828,762.0,452,452,I rather got on my high-horse at <url>. Perhaps you can take a peek and tell me if my intuition has gone astray in this case of interpretation of <url>?,,,,,,,I rather got on my high-horse at <url>. Perhaps you can take a peek and tell me if my intuition has gone astray in this case of interpretation of <url>?,1,,,,,,,0.1163577983
329,405.0,590,590,"Hi, what are the technical steps to withdraw a nomination to delete a category? Or more specifically, what template did you use to withdraw your nomination?",,,,,,,"Hi, what are the technical steps to withdraw a nomination to delete a category? Or more specifically, what template did you use to withdraw your nomination?",1,,,,,,,0.6539510905
240,1061.0,517,517,"Thanks! By the way, have you sent anything to Maggie since you received the email from the photographer?",,,,,,,"Thanks! By the way, have you sent anything to Maggie since you received the email from the photographer?",1,,,,,,,0.9458715654
447,95.0,3556,3556,I figured that. Is there anything else I need to do?,,,,,,,I figured that. Is there anything else I need to do?,1,,,,,,,0.6556264921
350,293.0,1418,1418,Merci! Should the template page be updated to show how to list the article?,,,,,,,Merci! Should the template page be updated to show how to list the article?,1,,,,,,,0.2109371944
624,516.0,617,617,"Yes, <url> already mentioned that <url>, and it seems that the concern was not addressed. Han Amos, could you explain your use of blocking templates in place of the blocking admin?",,,,,,,"Yes, <url> already mentioned that <url>, and it seems that the concern was not addressed. Han Amos, could you explain your use of blocking templates in place of the blocking admin?",1,,,,,,,0.1339838392
496,640.0,2678,2678,Thanks. Can I save your last line as ammo in my next edit war?,,,,,,,Thanks. Can I save your last line as ammo in my next edit war?,1,,,,,,,0.3311393167999999
39,841.0,714,714,Is it referring to a different bank of a similar name? What source is it from?,,,,,,,Is it referring to a different bank of a similar name? What source is it from?,1,,,,,,,0.2469553131
12,409.0,3133,3133,Thanks for your input. Can we live with this version of <url>?,,,,,,,Thanks for your input. Can we live with this version of <url>?,1,,,,,,,0.212313015
930,1097.0,359,359,"Congratulations, OGoncho! Isn't there a barnstar for things like that?",,,,,,,"Congratulations, OGoncho! Isn't there a barnstar for things like that?",1,,,,,,,0.8434827719
497,808.0,1679,1679,Just musing on creating an article about the formation of the Pixies (I reckon I could write a decent-sized article on the whole thing). What are your thoughts?,,,,,,,Just musing on creating an article about the formation of the Pixies (I reckon I could write a decent-sized article on the whole thing). What are your thoughts?,1,,,,,,,0.7991385984
573,23.0,69,69,"Ok, you are now an admin on the Wiktionary and Wikiquote, but I can not make you a sysop on a wiki that doesn't exist, so you're not one at Wikibooks yet. Are you sure it is sensible to create three new projects at once in this language?",,,,,,,"Ok, you are now an admin on the Wiktionary and Wikiquote, but I can not make you a sysop on a wiki that doesn't exist, so you're not one at Wikibooks yet. Are you sure it is sensible to create three new projects at once in this language?",1,,,,,,,0.1737025011
127,432.0,2067,2067,"I'm not too familiar with the google hits thing. What does it mean when a site has this ""136k""?",,,,,,,"I'm not too familiar with the google hits thing. What does it mean when a site has this ""136k""?",1,,,,,,,0.2536311237999999
534,736.0,2945,2945,"An anon IP has added ""Mhxf3r-Roinn"" to the infobox of <url>. Would I be wrong in thinking that is is a literal translation of ""mainland"" rather than a Gaelic name for the island?",,,,,,,"An anon IP has added ""Mhxf3r-Roinn"" to the infobox of <url>. Would I be wrong in thinking that is is a literal translation of ""mainland"" rather than a Gaelic name for the island?",1,,,,,,,0.0935829583
322,609.0,790,790,"Howcheng, <url>u2014Great pic, but needs size, and the readers are caught between small at 550px or huge at full res. I wonder whether 600px would be possible, with a link to the interactive wideview function at the end of the blurb?",,,,,,,"Howcheng, <url>u2014Great pic, but needs size, and the readers are caught between small at 550px or huge at full res. I wonder whether 600px would be possible, with a link to the interactive wideview function at the end of the blurb?",1,,,,,,,0.1494215375
525,155.0,2795,2795,"And then people could not edit it, and my signature will become very long. Plus I think the loading is negligible, comparing people with SVG flags in their signature... What do you think?",,,,,,,"And then people could not edit it, and my signature will become very long. Plus I think the loading is negligible, comparing people with SVG flags in their signature... What do you think?",1,,,,,,,0.1180272486999999
782,924.0,2340,2340,<url> shows that Geo Swan has become active and <url> indicates that the problems mentioned at the RfC may be continuing. Would you close the RfC with the drafted summary?,,,,,,,<url> shows that Geo Swan has become active and <url> indicates that the problems mentioned at the RfC may be continuing. Would you close the RfC with the drafted summary?,1,,,,,,,0.1980798644999999
363,580.0,1836,1836,Its good the only changes I would make are putting Jansen and Venglos under the McCann era. Maybe Celtic and the wars should have a heading of its own?,,,,,,,Its good the only changes I would make are putting Jansen and Venglos under the McCann era. Maybe Celtic and the wars should have a heading of its own?,1,,,,,,,0.1757470685
219,420.0,2455,2455,"Would you be okay if I seconded your nomination? Or would you prefer me to add as a ""support""?",,,,,,,"Would you be okay if I seconded your nomination? Or would you prefer me to add as a ""support""?",1,,,,,,,0.8216650620999999
761,765.0,1863,1863,Thank you. Was it anything in particular?,,,,,,,Thank you. Was it anything in particular?,1,,,,,,,1.403983015
361,164.0,1140,1140,"The benefit of a version of the sentence is that it helps clarify the differences between Lavoisier and Priestley; however, we need to be careful that we don't convey the wrong impression to the reader. How best to do this?",,,,,,,"The benefit of a version of the sentence is that it helps clarify the differences between Lavoisier and Priestley; however, we need to be careful that we don't convey the wrong impression to the reader. How best to do this?",1,,,,,,,0.8841266899
575,757.0,610,610,"Thanks for the <nowiki>{{For</nowiki> templates on Tkachyovs, they help a lot. Maybe in this case we should use the patronimics in the titles and have Alexander Tkachyov as a disambig?",,,,,,,"Thanks for the <nowiki>{{For</nowiki> templates on Tkachyovs, they help a lot. Maybe in this case we should use the patronimics in the titles and have Alexander Tkachyov as a disambig?",1,,,,,,,1.208044846
644,733.0,867,867,"I was in doubt too, but when dealing with such incomprehensible concoctions I prefer to err on the side of BLP caution. Would you like it userfied?",,,,,,,"I was in doubt too, but when dealing with such incomprehensible concoctions I prefer to err on the side of BLP caution. Would you like it userfied?",1,,,,,,,0.7653009274
669,966.0,989,989,"-- Well, it was a repost of a deleted article. What would be a better tag to use?",,,,,,,"-- Well, it was a repost of a deleted article. What would be a better tag to use?",1,,,,,,,0.009508442719
308,931.0,2341,2341,"I looked at all the provinces and regencies listed on <url> - so that trick is mostly played out. I'm going down the alphabet now and I'm at the R's - if you want to work, maybe you could start at the end of the alphabet so we don't interfere with each other, meet in the middle?",,,,,,,"I looked at all the provinces and regencies listed on <url> - so that trick is mostly played out. I'm going down the alphabet now and I'm at the R's - if you want to work, maybe you could start at the end of the alphabet so we don't interfere with each other, meet in the middle?",1,,,,,,,0.3528747727
251,463.0,228,228,That link just takes me to the arbcom main page. Are you intending to link me to something else?,,,,,,,That link just takes me to the arbcom main page. Are you intending to link me to something else?,1,,,,,,,0.3931770107
209,492.0,1484,1484,"No problem, but since I don't know anything about cold fusion, I've had to go by the description. (I've left out the thermistor and heater to keep the diagram simple, I can put them in if you think them important) Is the diagram ok I do you think it needs any changes?",,,,,,,"No problem, but since I don't know anything about cold fusion, I've had to go by the description. (I've left out the thermistor and heater to keep the diagram simple, I can put them in if you think them important) Is the diagram ok I do you think it needs any changes?",1,,,,,,,0.9619580669
75,117.0,3229,3229,"Hi Khoikhoi - I see you deleted a previous incarnation of a pan-Arabism article which seems to be resurfacing under variant names, and is now at <url>. This doesn't read to me like an encyclopedia article - do you have any thoughts on whether/under what criterion it should be deleted?",,,,,,,"Hi Khoikhoi - I see you deleted a previous incarnation of a pan-Arabism article which seems to be resurfacing under variant names, and is now at <url>. This doesn't read to me like an encyclopedia article - do you have any thoughts on whether/under what criterion it should be deleted?",1,,,,,,,0.7036540009000001
201,174.0,3185,3185,"Thanks very much indeed! :-) I don't suppose you'd fancy having a deadlink trawl over at <url>, would you?",,,,,,,"Thanks very much indeed! :-) I don't suppose you'd fancy having a deadlink trawl over at <url>, would you?",1,,,,,,,0.8108465726999999
256,479.0,172,172,I know there is some discussion at <url> regarding primary topics so I'm unsure if performing this edit would be an ok move. Thoughts?,,,,,,,I know there is some discussion at <url> regarding primary topics so I'm unsure if performing this edit would be an ok move. Thoughts?,1,,,,,,,0.6522002709
461,22.0,1390,1390,Where are the actual findings of fact and sanctions in Haiduc's case? Do they need to be tweaked?,,,,,,,Where are the actual findings of fact and sanctions in Haiduc's case? Do they need to be tweaked?,1,,,,,,,0.0426107735399999
400,433.0,683,683,"I'm really very sorry, but no, I '''didn't''' know, didn't get a message saying that was wrong. Where was it?",,,,,,,"I'm really very sorry, but no, I '''didn't''' know, didn't get a message saying that was wrong. Where was it?",1,,,,,,,0.7846248251000001
444,1071.0,935,935,"Perfect, thank you! Can you help with the phonetics of other Nordic languages?",,,,,,,"Perfect, thank you! Can you help with the phonetics of other Nordic languages?",1,,,,,,,1.236243119
628,551.0,1185,1185,"For 2003-04 the Tony Kempster site doesn't show steps, it shows levels (this was before the steps were introduced) - <url> when steps were introduced, the KCL was classed as Step 7 - like the Essex Intermediate League (all of whose club's articles have been deleted) it has never been a Step 6 league (hence no-one objecting to the other ten articles being deleted earlier in the week. Can you reinstate the prod so save the hassle of an AfD?",,,,,,,"For 2003-04 the Tony Kempster site doesn't show steps, it shows levels (this was before the steps were introduced) - <url> when steps were introduced, the KCL was classed as Step 7 - like the Essex Intermediate League (all of whose club's articles have been deleted) it has never been a Step 6 league (hence no-one objecting to the other ten articles being deleted earlier in the week. Can you reinstate the prod so save the hassle of an AfD?",1,,,,,,,0.1498043071
161,828.0,289,289,"Then I think that we need to be a little poetic, rather than the rather prosaic ""qualities associated with his weapons"". What about something like ""the magical properties attributed to his weapons""?",,,,,,,"Then I think that we need to be a little poetic, rather than the rather prosaic ""qualities associated with his weapons"". What about something like ""the magical properties attributed to his weapons""?",1,,,,,,,0.5039899522
942,149.0,3766,3766,Your POV tag justified. Did you get any support for cleaning it up?,,,,,,,Your POV tag justified. Did you get any support for cleaning it up?,1,,,,,,,0.1116882246
681,391.0,2378,2378,"Thanks for your prompt action at AN/I and on behalf of NawlinWiki; as you gathered, I wasn't sure what to do but it's clear that you did. Two questions: is there any policy of which I should have been aware that governs this situation, and what (if anything) needs to happen to notify NawlinWiki?",,,,,,,"Thanks for your prompt action at AN/I and on behalf of NawlinWiki; as you gathered, I wasn't sure what to do but it's clear that you did. Two questions: is there any policy of which I should have been aware that governs this situation, and what (if anything) needs to happen to notify NawlinWiki?",1,,,,,,,0.9954298232
916,701.0,86,86,"Also, I was looking at the edit history for <url>, as I thought I had created the page (honestly I cannot remember), but the history prior to your move of the list to <url> is missing. Do you know what happened to it?",,,,,,,"Also, I was looking at the edit history for <url>, as I thought I had created the page (honestly I cannot remember), but the history prior to your move of the list to <url> is missing. Do you know what happened to it?",1,,,,,,,0.3561413136
843,907.0,2841,2841,You said in Terrorism:Talk that a user can be blocked from a particular article. How could you block all the sockpuppets of that user ?,,,,,,,You said in Terrorism:Talk that a user can be blocked from a particular article. How could you block all the sockpuppets of that user ?,1,,,,,,,0.1857731728
598,55.0,853,853,"I am reluctant to mention this, but having your paragraph in bold on <url> seems to me to be a bit self-promotional and unfair to the other members. Is there any chance that I might be able to persuade you to voluntarily unbold it?",,,,,,,"I am reluctant to mention this, but having your paragraph in bold on <url> seems to me to be a bit self-promotional and unfair to the other members. Is there any chance that I might be able to persuade you to voluntarily unbold it?",1,,,,,,,0.952080948
299,451.0,1554,1554,There's a nice section on funerals <url> but I'm not given a look at the contributors' page (p. 673) to see who J.B. is. Any chance your access is different?,,,,,,,There's a nice section on funerals <url> but I'm not given a look at the contributors' page (p. 673) to see who J.B. is. Any chance your access is different?,1,,,,,,,0.2588137366
450,619.0,428,428,Very nice. Did you visit also Romania or not?,,,,,,,Very nice. Did you visit also Romania or not?,1,,,,,,,0.8327786009
558,875.0,740,740,"Yeah, I got one too. Are you still acting as an advocate?",,,,,,,"Yeah, I got one too. Are you still acting as an advocate?",1,,,,,,,0.2256122482
103,725.0,3391,3391,I've heard about the controversy. What's your take on it?,,,,,,,I've heard about the controversy. What's your take on it?,1,,,,,,,0.1935326566
688,941.0,3472,3472,I saw your comment on Jimbo's talk page about plagiarism and copyleft. Would you have time to have a look at <url> and <url> (where most of the discussion has taken place)?,,,,,,,I saw your comment on Jimbo's talk page about plagiarism and copyleft. Would you have time to have a look at <url> and <url> (where most of the discussion has taken place)?,1,,,,,,,0.8891975484
661,137.0,3167,3167,"Yep, she told me. How are you doing?",,,,,,,"Yep, she told me. How are you doing?",1,,,,,,,0.5643699890999999
218,136.0,1802,1802,"Thanks for responding, at any rate. <smile> Protocol question, as I'm new here: If a discussion is unproductive, should one just delete it?",,,,,,,"Thanks for responding, at any rate. <smile> Protocol question, as I'm new here: If a discussion is unproductive, should one just delete it?",1,,,,,,,0.9215840947
340,0.0,1327,1327,"Fair enough. Shell, can I suggest wacking his userspace drafts while you're at it?",,,,,,,"Fair enough. Shell, can I suggest wacking his userspace drafts while you're at it?",1,,,,,,,0.166999759
435,145.0,577,577,"Well, I do have one question. If I were to come across a page that I would normally mark as a CSD- like copyright infringement, etc, as an admin can I just delete it or do I need to mark it CSD and ask another opinion?",,,,,,,"Well, I do have one question. If I were to come across a page that I would normally mark as a CSD- like copyright infringement, etc, as an admin can I just delete it or do I need to mark it CSD and ask another opinion?",1,,,,,,,0.1162856128
727,305.0,651,651,"Hi, I just couldn't understand <url> ! Could you explain,please ?",,,,,,,"Hi, I just couldn't understand <url> ! Could you explain,please ?",1,,,,,,,1.075604363
540,181.0,882,882,I dont disagree with your blocking it as promotional but its only edit was to remove an obvious BLP violation and the user who reported it as promo-username restored the violation. Would you mine reinforcing the WP:DOLT essay to Teapotgeorge?,,,,,,,I dont disagree with your blocking it as promotional but its only edit was to remove an obvious BLP violation and the user who reported it as promo-username restored the violation. Would you mine reinforcing the WP:DOLT essay to Teapotgeorge?,1,,,,,,,0.2736236056
59,675.0,1754,1754,"After having collected some users willing to come, I created <url> subpage. Would you be so kind and add your ideas?",,,,,,,"After having collected some users willing to come, I created <url> subpage. Would you be so kind and add your ideas?",1,,,,,,,1.231327902
728,510.0,2192,2192,"OK, I've started the deletion debate at <url>. As a major contributor, would you mind indicating there that you agree with deleting the page?",,,,,,,"OK, I've started the deletion debate at <url>. As a major contributor, would you mind indicating there that you agree with deleting the page?",1,,,,,,,0.9146116273
285,11.0,1478,1478,"Hello, I've written a page about the <url>, shamelessly copying the style from your CCT/FoFC lists. In the process, have I missed anything out?",,,,,,,"Hello, I've written a page about the <url>, shamelessly copying the style from your CCT/FoFC lists. In the process, have I missed anything out?",1,,,,,,,0.642358042
754,65.0,2156,2156,"I'm relatively new here. Short of totally protecting the pages, what strong-arm tactics do my colleagues have in mind?",,,,,,,"I'm relatively new here. Short of totally protecting the pages, what strong-arm tactics do my colleagues have in mind?",1,,,,,,,0.0043309333529999
213,7.0,2317,2317,"I'd rather not discuss matters by email, if it's avoidable. Is this a confidential issue that cannot be discussed on talk pages?",,,,,,,"I'd rather not discuss matters by email, if it's avoidable. Is this a confidential issue that cannot be discussed on talk pages?",1,,,,,,,0.1670153945
736,101.0,2563,2563,As far as I know MathSci has not edited any race related articles. If you think he is breaking his promise perhaps you should bring it up with him?,,,,,,,As far as I know MathSci has not edited any race related articles. If you think he is breaking his promise perhaps you should bring it up with him?,1,,,,,,,0.3518747279999999
751,661.0,796,796,"I'm kind of afraid to undo <url>, mainly because I have doubt in whether the nihongo template is necessary at all. Thoughts?",,,,,,,"I'm kind of afraid to undo <url>, mainly because I have doubt in whether the nihongo template is necessary at all. Thoughts?",1,,,,,,,0.5426474776
832,438.0,2812,2812,"I removed a few obvious links on <url>, but wasn't sure about some of the others (sparknotes, paperstarter, etc) and couldn't find anything yea or nay on their use...if you have a few spare minutes (ha!), could you take a look?",,,,,,,"I removed a few obvious links on <url>, but wasn't sure about some of the others (sparknotes, paperstarter, etc) and couldn't find anything yea or nay on their use...if you have a few spare minutes (ha!), could you take a look?",1,,,,,,,1.043420813
837,382.0,1505,1505,"<url> is based at 340 Laurier Avenue West Ottawa, Ontario K1A 0P9 - It doesn't have a photo posted yet. Is this convenient for you?",,,,,,,"<url> is based at 340 Laurier Avenue West Ottawa, Ontario K1A 0P9 - It doesn't have a photo posted yet. Is this convenient for you?",1,,,,,,,1.092415624
538,170.0,1402,1402,Hello. I was wondering if any of the books you have can shed much more light on <url>?,,,,,,,Hello. I was wondering if any of the books you have can shed much more light on <url>?,1,,,,,,,0.8394988266
522,77.0,1881,1881,"on a separate point, several of the alternative names you mention (eg fan-tailed snipe) I have never heard in the UK or elsewhere in 20 years of birding. Perhaps you could clarify when you add them whether they are former obsolete names, or, if they are still current, where they are used?",,,,,,,"on a separate point, several of the alternative names you mention (eg fan-tailed snipe) I have never heard in the UK or elsewhere in 20 years of birding. Perhaps you could clarify when you add them whether they are former obsolete names, or, if they are still current, where they are used?",1,,,,,,,0.08672759624
911,844.0,692,692,Made a bunch of changes to the <url> article. What do you think?,,,,,,,Made a bunch of changes to the <url> article. What do you think?,1,,,,,,,0.7466351287999999
63,257.0,844,844,"Hi Mecu, I've been asked by a user (a photographer) how they could add there pictures with limited copyright, for instance, there more than happy to upload them for use within wikipedia, but just don't want to release it completely free from copyright. Would a fair use tag be appropriate?",,,,,,,"Hi Mecu, I've been asked by a user (a photographer) how they could add there pictures with limited copyright, for instance, there more than happy to upload them for use within wikipedia, but just don't want to release it completely free from copyright. Would a fair use tag be appropriate?",1,,,,,,,0.9457394171
176,467.0,1264,1264,"One deleteable article at a time, please. This is a <url> G4; do you agree, and if not, why not?",,,,,,,"One deleteable article at a time, please. This is a <url> G4; do you agree, and if not, why not?",1,,,,,,,0.2654012379
755,991.0,3100,3100,"Hi there, thanks a lot for commenting. Just to be absolutely clear, and avoid anybody misinterpreting your remarks, could you say if you prefer version 1 or 2 of the lead?",,,,,,,"Hi there, thanks a lot for commenting. Just to be absolutely clear, and avoid anybody misinterpreting your remarks, could you say if you prefer version 1 or 2 of the lead?",1,,,,,,,1.301397326
663,79.0,1242,1242,My request to move the Jotated A (Cyrillic) article to A iotified has generated a bit of <url>. I wondered if you wanted to express an opinion?,,,,,,,My request to move the Jotated A (Cyrillic) article to A iotified has generated a bit of <url>. I wondered if you wanted to express an opinion?,1,,,,,,,0.5013791507
290,334.0,2655,2655,"I see the dilemma with separate series.. in the case with (untranslated) Spirou there are no such problems, but it seems to make more sense, with no english publication, to switch the brackets for english and original titles (ex: <url>). Does this create a problem with continuity?",,,,,,,"I see the dilemma with separate series.. in the case with (untranslated) Spirou there are no such problems, but it seems to make more sense, with no english publication, to switch the brackets for english and original titles (ex: <url>). Does this create a problem with continuity?",1,,,,,,,0.7390991549
630,1064.0,2948,2948,Puzzling then that neither of them rushed to rectify my changes as they so normally do. Perhaps they couldn't for some reason?,,,,,,,Puzzling then that neither of them rushed to rectify my changes as they so normally do. Perhaps they couldn't for some reason?,1,,,,,,,0.1660168985
719,890.0,411,411,"If you can remember, would you mind giving a bit more information about this photo e.g. where you took it?",,,,,,,"If you can remember, would you mind giving a bit more information about this photo e.g. where you took it?",1,,,,,,,0.7684131604000001
745,434.0,1417,1417,"I have started it at <url>, but as you can imagine there are lots of gaps! I think the first steps are categorising articles and getting a parameter added to <url>, what do you think?",,,,,,,"I have started it at <url>, but as you can imagine there are lots of gaps! I think the first steps are categorising articles and getting a parameter added to <url>, what do you think?",1,,,,,,,0.4751436122999999
7,56.0,2130,2130,I just saw that pic you added to <url>. Do you happen to know if that building is still standing?,,,,,,,I just saw that pic you added to <url>. Do you happen to know if that building is still standing?,1,,,,,,,0.006868226588
536,519.0,3799,3799,"I understand that this title refers to a particular arrangement of BWV 1068, but I get the sense that today it has taken the meaning of ''any'' arangement of the piece. Could we note this in the article, or is this not true at all?",,,,,,,"I understand that this title refers to a particular arrangement of BWV 1068, but I get the sense that today it has taken the meaning of ''any'' arangement of the piece. Could we note this in the article, or is this not true at all?",1,,,,,,,0.2993659433
274,832.0,3181,3181,No idea I never visit the page myself :-( . As it's obvious they are socks I figured why wait?,,,,,,,No idea I never visit the page myself :-( . As it's obvious they are socks I figured why wait?,1,,,,,,,0.06110186988
79,487.0,3263,3263,I think the <url> would be more precise and accurate as <url>. What sayest thou?,,,,,,,I think the <url> would be more precise and accurate as <url>. What sayest thou?,1,,,,,,,0.3019700407
586,586.0,3078,3078,Hi Asbestos! This is kind of weird for me but I see that you are a participant in the photo project and list yourself as a photographer in Edinburgh and I was wondering if there was any possibility that you would be willing to respond to my recent request <url>?,,,,,,,Hi Asbestos! This is kind of weird for me but I see that you are a participant in the photo project and list yourself as a photographer in Edinburgh and I was wondering if there was any possibility that you would be willing to respond to my recent request <url>?,1,,,,,,,1.23070059
155,398.0,2245,2245,"Thank you for telling me. Can you please revert my deletion, for I do not yet know how to do so?",,,,,,,"Thank you for telling me. Can you please revert my deletion, for I do not yet know how to do so?",1,,,,,,,1.305236801
354,457.0,988,988,"So far, I haven't seen any sound samples in music articles, not even in <url>, which is featured according to the nomninator of <url>. Can you point me to a page where I can find this discussed?",,,,,,,"So far, I haven't seen any sound samples in music articles, not even in <url>, which is featured according to the nomninator of <url>. Can you point me to a page where I can find this discussed?",1,,,,,,,0.6015076900999999
2,194.0,188,188,"I'm trying to keep Minority Report as a GA, and the <url> requested for copyediting - but didn't give examples to cleanup. Can you give me some input on what to rewrite?",,,,,,,"I'm trying to keep Minority Report as a GA, and the <url> requested for copyediting - but didn't give examples to cleanup. Can you give me some input on what to rewrite?",1,,,,,,,0.6851591484999999
364,836.0,2432,2432,Yes. What other types of images are like logos (cannot be used in templates; only articles)?,,,,,,,Yes. What other types of images are like logos (cannot be used in templates; only articles)?,1,,,,,,,0.324593195
36,600.0,1003,1003,I will readily grant that. But where was the urgent reason not to follow it in any of the above cases?,,,,,,,I will readily grant that. But where was the urgent reason not to follow it in any of the above cases?,1,,,,,,,0.6402883521
801,848.0,3510,3510,I see that you're already on the case! So is it to be Chesil or Cheesehill?,,,,,,,I see that you're already on the case! So is it to be Chesil or Cheesehill?,1,,,,,,,0.3031181464999999
172,388.0,2984,2984,Nice continued work on the expressway articles. Is it possible to have some maps or schematic diagrams showing the location or routes of the expressways?,,,,,,,Nice continued work on the expressway articles. Is it possible to have some maps or schematic diagrams showing the location or routes of the expressways?,1,,,,,,,0.910271841
136,617.0,809,809,Good find. Do you have a cite for the second para?,,,,,,,Good find. Do you have a cite for the second para?,1,,,,,,,0.6799067540000001
271,687.0,1744,1744,"In your vote against my candidacy you stated that you were a ""weak oppose"". May I ask why?",,,,,,,"In your vote against my candidacy you stated that you were a ""weak oppose"". May I ask why?",1,,,,,,,0.4098880935
288,799.0,1607,1607,I do not know how to merge them. Are you familiar with the process?,,,,,,,I do not know how to merge them. Are you familiar with the process?,1,,,,,,,0.5256025016
633,961.0,3178,3178,"Yes, nearly every church category seems messed up, going either up or down. It seems a major task to do the whole lot - would it make sense simply to move the Catholics (say) out of the primate tree (by an edit) or is this bypassing the cfd process in some sneaky fashion?",,,,,,,"Yes, nearly every church category seems messed up, going either up or down. It seems a major task to do the whole lot - would it make sense simply to move the Catholics (say) out of the primate tree (by an edit) or is this bypassing the cfd process in some sneaky fashion?",1,,,,,,,0.0288932929899999
569,359.0,1292,1292,"I've created <person> to deal with the new CSD A8, deletion of blatant copyvios. Mind to take a look and tell me if there's anything wrong with it?",,,,,,,"I've created <person> to deal with the new CSD A8, deletion of blatant copyvios. Mind to take a look and tell me if there's anything wrong with it?",1,,,,,,,0.7595273271999999
685,375.0,697,697,<url> Is there any way I can convince you to change your mind?,,,,,,,<url> Is there any way I can convince you to change your mind?,1,,,,,,,0.06465628336
128,1006.0,2155,2155,"Hi, Google found your start at a Bayt Nuba article. Do you want help?",,,,,,,"Hi, Google found your start at a Bayt Nuba article. Do you want help?",1,,,,,,,0.7895566501000001
109,2.0,2559,2559,An IP is complaining that I'm violating policy by removing unlinked nonnotable band members from the notable natives and residents section of <url>. Can you help me please?,,,,,,,An IP is complaining that I'm violating policy by removing unlinked nonnotable band members from the notable natives and residents section of <url>. Can you help me please?,1,,,,,,,1.030511412
779,262.0,414,414,"Hello Iris. Would you add Straka's signing with a Czech team into, to his page?",,,,,,,"Hello Iris. Would you add Straka's signing with a Czech team into, to his page?",1,,,,,,,0.5726913584000001
897,339.0,2102,2102,"If you are refering to the recent work I have been doing, I think most of it has just been fixing small format errors. Could you do me a favor and let me know what edit I have mistakenly marked as '''m'''inor so that I can watch out for mistakenly labeling such edits as '''m'''inor in the future?",,,,,,,"If you are refering to the recent work I have been doing, I think most of it has just been fixing small format errors. Could you do me a favor and let me know what edit I have mistakenly marked as '''m'''inor so that I can watch out for mistakenly labeling such edits as '''m'''inor in the future?",1,,,,,,,0.1126748536
171,986.0,1789,1789,"<url> finally got created, but I'm wondering whether it should be merged with <url>. Can it be expanded?",,,,,,,"<url> finally got created, but I'm wondering whether it should be merged with <url>. Can it be expanded?",1,,,,,,,0.1271608432
592,689.0,1500,1500,"TimPF - I don't see the objectives as mutually exclusive, the previous creation of the Suburban Rail stubs by others took the content in a direction which I am reinforcing with these edits which fill out the stubs and bring a bit of consistency within the Suburban parts of RTIL. PRTIL could fulfill a similar function for mainline services perhaps?",,,,,,,"TimPF - I don't see the objectives as mutually exclusive, the previous creation of the Suburban Rail stubs by others took the content in a direction which I am reinforcing with these edits which fill out the stubs and bring a bit of consistency within the Suburban parts of RTIL. PRTIL could fulfill a similar function for mainline services perhaps?",1,,,,,,,0.2117888391
199,812.0,1228,1228,"Useful image indeed. Do you happen to have a source to add to the powergrid image, so we can use it in the articles as a verified thing?",,,,,,,"Useful image indeed. Do you happen to have a source to add to the powergrid image, so we can use it in the articles as a verified thing?",1,,,,,,,0.2533175486
789,809.0,1070,1070,"I am stuck with the formatting of <url>, especially the ref tags. How can I make the different chapters of my main source book show up correctly?",,,,,,,"I am stuck with the formatting of <url>, especially the ref tags. How can I make the different chapters of my main source book show up correctly?",1,,,,,,,0.003508217693
760,70.0,1343,1343,Let me know when's convenient and I'll put the kettle on. Tea or coffee?,,,,,,,Let me know when's convenient and I'll put the kettle on. Tea or coffee?,1,,,,,,,1.270400495
357,310.0,2001,2001,"Ah, thanks! Btw, IS THERE any kind of guideline for FAs in regard to lede length somewhere?",,,,,,,"Ah, thanks! Btw, IS THERE any kind of guideline for FAs in regard to lede length somewhere?",1,,,,,,,1.45367984
43,817.0,2093,2093,"I guess I must have misunderstood, sorry for that. Exactly what do you mean by having my promise to not use the tools for a year enforced by a bureaucrat?",,,,,,,"I guess I must have misunderstood, sorry for that. Exactly what do you mean by having my promise to not use the tools for a year enforced by a bureaucrat?",1,,,,,,,0.1294850810999999
814,730.0,3284,3284,"Thanks a ton for looking that up for me. For the purposes of a citation, what are the page numbers for the whole article?",,,,,,,"Thanks a ton for looking that up for me. For the purposes of a citation, what are the page numbers for the whole article?",1,,,,,,,1.035626913
252,89.0,2070,2070,"The editor that made this <url> is arguing that another article includes more than 10 reviews, therefore this one can. What is the name of policy/guideline about not referring to other articles, so that I can refer to it in explaining to him why his argument is wrong?",,,,,,,"The editor that made this <url> is arguing that another article includes more than 10 reviews, therefore this one can. What is the name of policy/guideline about not referring to other articles, so that I can refer to it in explaining to him why his argument is wrong?",1,,,,,,,0.02541164262
473,217.0,50,50,"Hi there, it looks like the moving editor has added a bunch of references to the talk page supporting the fact Toto is no longer formally referred to as Moorland Totilas. Do you think if we added one or more of the refs he's added on the talk page to the article we could move it back?",,,,,,,"Hi there, it looks like the moving editor has added a bunch of references to the talk page supporting the fact Toto is no longer formally referred to as Moorland Totilas. Do you think if we added one or more of the refs he's added on the talk page to the article we could move it back?",1,,,,,,,0.9224970421
34,891.0,472,472,P.S. Did you see the interesting bit of Oregon politics COI today?,,,,,,,P.S. Did you see the interesting bit of Oregon politics COI today?,1,,,,,,,0.1663269919
857,385.0,3425,3425,Because I haven't seen it; I'm not even sure from the discussion whether it's on or off Wikipedia. Can you supply a link or a reference?,,,,,,,Because I haven't seen it; I'm not even sure from the discussion whether it's on or off Wikipedia. Can you supply a link or a reference?,1,,,,,,,0.02474768384
407,870.0,3299,3299,"Hello...I looked up <url>, and found that this person is a previous vandal. Is this sufficient to block the user, since more vandalism was done on Cold War article?",,,,,,,"Hello...I looked up <url>, and found that this person is a previous vandal. Is this sufficient to block the user, since more vandalism was done on Cold War article?",1,,,,,,,0.4658647100999999
326,723.0,579,579,"Normally I'd welcome <person>, but in this case I think you are a better editor to do that as I'm he-0! Would you do the honours please?",,,,,,,"Normally I'd welcome <person>, but in this case I think you are a better editor to do that as I'm he-0! Would you do the honours please?",1,,,,,,,0.2825833326
607,840.0,2492,2492,I have just put the article to peer review. Would you care to take a look?,,,,,,,I have just put the article to peer review. Would you care to take a look?,1,,,,,,,1.316413876
467,296.0,2967,2967,"The ""standard work"" on Introduction to... articles is presently <url>, maybe you could add your thoughts as some kind of appendix/discussion? I don't know what the procedure is for essays, single author of Wiki-style?",,,,,,,"The ""standard work"" on Introduction to... articles is presently <url>, maybe you could add your thoughts as some kind of appendix/discussion? I don't know what the procedure is for essays, single author of Wiki-style?",1,,,,,,,0.4827695796
925,880.0,1153,1153,"Thanks for your support! Would you consider commenting on the <url> talk page, saying it has your support (and adding those comments for discussion)?",,,,,,,"Thanks for your support! Would you consider commenting on the <url> talk page, saying it has your support (and adding those comments for discussion)?",1,,,,,,,1.696684607
944,162.0,2335,2335,It appears that you deleted my comments and vote on <url>. May I ask why?,,,,,,,It appears that you deleted my comments and vote on <url>. May I ask why?,1,,,,,,,0.607443422
262,790.0,3424,3424,"Yeah I'd be happy to look at the list, however can't promise much! Shall we discuss it on the article's talk page so that any comments are in the relevent place?",,,,,,,"Yeah I'd be happy to look at the list, however can't promise much! Shall we discuss it on the article's talk page so that any comments are in the relevent place?",1,,,,,,,1.20705302
485,418.0,1291,1291,"Thanks for the heads up, I don't think they will succeed but it's good to know they're planning it. Did you let Jayjg know as well?",,,,,,,"Thanks for the heads up, I don't think they will succeed but it's good to know they're planning it. Did you let Jayjg know as well?",1,,,,,,,1.147434903
752,867.0,2746,2746,"By chance, I have indef blocked <person> over your 31-hour block. Would you like me to keep indef block or change it back to 31 hours?",,,,,,,"By chance, I have indef blocked <person> over your 31-hour block. Would you like me to keep indef block or change it back to 31 hours?",1,,,,,,,0.1255647510999999
268,527.0,2658,2658,Please see <url>. Can you help?,,,,,,,Please see <url>. Can you help?,1,,,,,,,1.219530118
528,816.0,2930,2930,"no problem. ic an hit it up through preferences seciton, right?",,,,,,,"no problem. ic an hit it up through preferences seciton, right?",1,,,,,,,0.3461882781
141,737.0,2221,2221,Yes I can. Is it an alternate account?,,,,,,,Yes I can. Is it an alternate account?,1,,,,,,,0.5756883013
535,214.0,1660,1660,"The article already exists - see <url>. :) Pretty well hidden, huh?",,,,,,,"The article already exists - see <url>. :) Pretty well hidden, huh?",1,,,,,,,0.4222958579
694,992.0,3747,3747,Thank you! Could you protect the picture that's live too?,,,,,,,Thank you! Could you protect the picture that's live too?,1,,,,,,,1.1865354609999998
366,140.0,1012,1012,"Thanks for telling me. Do you just perform the rename, and I then re-create the account to take it for myself?",,,,,,,"Thanks for telling me. Do you just perform the rename, and I then re-create the account to take it for myself?",1,,,,,,,0.9594233987
74,124.0,1992,1992,Hey Kumioko! I have a quick question - do you do photo requests in NOVA and/or DC?,,,,,,,Hey Kumioko! I have a quick question - do you do photo requests in NOVA and/or DC?,1,,,,,,,0.4452170260999999
634,861.0,1617,1617,"Hi Novice. Can you get me a 30 second sample of ""Suga Mama"" by beyonce from anywhere?",,,,,,,"Hi Novice. Can you get me a 30 second sample of ""Suga Mama"" by beyonce from anywhere?",1,,,,,,,0.4546503487
319,692.0,3427,3427,"Hi Zaps, I've noticed that you edited the abovementioned article. Could you please provide your sources?",,,,,,,"Hi Zaps, I've noticed that you edited the abovementioned article. Could you please provide your sources?",1,,,,,,,1.061667817
507,5.0,1999,1999,"Hi, I recently got approval for your requested link replacement (sorry for the delay), but, after doing a <url> there seems to be very few links left to replace. Could you confirm the problem is solved?",,,,,,,"Hi, I recently got approval for your requested link replacement (sorry for the delay), but, after doing a <url> there seems to be very few links left to replace. Could you confirm the problem is solved?",1,,,,,,,1.025732761
264,706.0,843,843,"Despite my best efforts, I've been unable to find the coordinates for the <url>: it's a specific little spot somewhere on a rail line between two villages, 3 miles apart. Is the ""coord missing"" template appropriate, since they're missing, or is it inappropriate, since I believe that no reliable source has that information?",,,,,,,"Despite my best efforts, I've been unable to find the coordinates for the <url>: it's a specific little spot somewhere on a rail line between two villages, 3 miles apart. Is the ""coord missing"" template appropriate, since they're missing, or is it inappropriate, since I believe that no reliable source has that information?",1,,,,,,,0.4476380979
